Date,Home,Away,Predicted_Margin,Actual_Margin,Predicted_Win_Prob,Actual_Win,Margin_Error
2025-10-21,OKC,HOU,2.4838066,1.0,0.5968826231156019,1,1.4838066101074219
2025-10-21,LAL,GSW,1.0726789,-10.0,0.542275179281114,0,11.072678923606873
2025-10-22,NYK,CLE,0.27924985,8.0,0.5110300199947345,1,-7.720750153064728
2025-10-22,DAL,SAS,0.6113421,-33.0,0.5241324011313482,0,33.61134207248688
2025-10-22,CHO,BRK,3.214931,19.0,0.6243434798991578,1,-15.785068988800049
2025-10-22,ORL,MIA,4.053489,4.0,0.6548743770840475,1,0.05348920822143555
2025-10-22,ATL,TOR,3.6059752,-20.0,0.6387212926453549,0,23.60597515106201
2025-10-22,BOS,PHI,2.450905,-1.0,0.5956310156835108,0,3.4509050846099854
2025-10-22,CHI,DET,-1.7140968,4.0,0.4326953236330461,1,-5.714096784591675
2025-10-22,MEM,NOP,4.215702,6.0,0.6606445641247988,1,-1.7842979431152344
2025-10-22,MIL,WAS,5.6786437,13.0,0.7104031622179177,1,-7.321356296539307
2025-10-22,UTA,LAC,-3.1352663,21.0,0.37861363966699446,1,-24.135266304016113
2025-10-22,PHX,SAC,-0.08858061,4.0,0.4965006660704069,1,-4.08858060836792
2025-10-22,POR,MIN,-1.891418,-4.0,0.4258305471653724,0,2.108582019805908
2025-10-23,IND,OKC,-4.3082466,-6.0,0.3360845863334795,0,1.6917533874511719
2025-10-23,GSW,DEN,-0.60392576,6.0,0.47615990702992095,1,-6.6039257645606995
2025-10-24,HOU,DET,1.989656,-4.0,0.5779605221034054,0,5.9896559715271
2025-10-24,TOR,MIL,-0.5548685,-6.0,0.4780938631770947,0,5.445131480693817
2025-10-24,LAL,MIN,0.4363377,18.0,0.5172307648892075,1,-17.56366229057312
2025-10-24,BRK,CLE,-6.033433,-7.0,0.2782001779366682,0,0.9665670394897461
2025-10-24,ORL,ATL,2.0721676,-4.0,0.5811376377750289,0,6.072167634963989
2025-10-24,NYK,BOS,3.3312316,10.0,0.6286438587179703,1,-6.668768405914307
2025-10-24,POR,GSW,-0.468078,20.0,0.48151693035121107,1,-20.46807798743248
2025-10-24,MEM,MIA,1.4865336,-32.0,0.5584571927390318,0,33.486533641815186
2025-10-24,SAC,UTA,3.4666371,1.0,0.633625072996466,1,2.466637134552002
2025-10-24,NOP,SAS,-2.064471,-4.0,0.4191584411441662,0,1.9355289936065674
2025-10-24,LAC,PHX,4.673072,27.0,0.6766550263448078,1,-22.32692813873291
2025-10-24,DAL,WAS,3.7531526,-10.0,0.6440705127609679,0,13.75315260887146
2025-10-25,ORL,CHI,3.213733,-12.0,0.6242990766544437,0,15.213732957839966
2025-10-25,ATL,OKC,-6.4096394,-17.0,0.26642143554055053,0,10.590360641479492
2025-10-25,PHI,CHO,4.322667,4.0,0.6644236823860069,1,0.32266712188720703
2025-10-25,MEM,IND,-0.29248974,25.0,0.48844720281688714,1,-25.292489737272263
2025-10-25,DEN,PHX,6.963656,22.0,0.7503353002164508,1,-15.036344051361084
2025-10-26,SAS,BRK,6.4093795,11.0,0.7335705384370589,1,-4.590620517730713
2025-10-26,DET,BOS,1.8096567,6.0,0.5710075501152524,1,-4.190343260765076
2025-10-26,CLE,MIL,2.3891082,5.0,0.5932768448722764,1,-2.610891819000244
2025-10-26,MIA,NYK,-1.7917048,8.0,0.42968748142063223,1,-9.791704773902893
2025-10-26,WAS,CHO,-1.1658721,-26.0,0.45407186871235283,0,24.83412790298462
2025-10-26,MIN,IND,5.4028845,4.0,0.7013568123464641,1,1.4028844833374023
2025-10-26,LAC,POR,4.092561,7.0,0.6562684750907638,1,-2.9074392318725586
2025-10-26,SAC,LAL,-2.2167392,-7.0,0.4133119677956103,0,4.783260822296143
2025-10-26,DAL,TOR,1.8561659,10.0,0.5728068980317993,1,-8.143834114074707
2025-10-27,MIN,DEN,-0.7356282,-13.0,0.4709715715987987,0,12.264371812343597
2025-10-27,DAL,OKC,-5.9449353,-7.0,0.2810170150539049,0,1.0550646781921387
2025-10-27,SAS,TOR,3.509694,18.0,0.6352031165343878,1,-14.49030590057373
2025-10-27,NOP,BOS,-1.6541833,-32.0,0.43502079375079944,0,30.345816731452942
2025-10-27,DET,CLE,-1.3897673,-21.0,0.4453166238991675,0,19.610232710838318
2025-10-27,UTA,PHX,-2.019171,4.0,0.42090224453367336,1,-6.0191709995269775
2025-10-27,GSW,MEM,3.194418,13.0,0.6235829199962036,1,-9.805582046508789
2025-10-27,LAL,POR,4.6976976,-14.0,0.677505847359753,0,18.697697639465332
2025-10-27,HOU,BRK,9.800265,28.0,0.8247178228298124,1,-18.199734687805176
2025-10-27,PHI,ORL,-0.14702375,12.0,0.4941920644484102,1,-12.147023752331734
2025-10-27,CHI,ATL,-2.0909312,5.0,0.4181407993265807,1,-7.090931177139282
2025-10-28,MIA,CHO,4.4398212,27.0,0.6685387357121236,1,-22.560178756713867
2025-10-28,OKC,SAC,2.2475548,6.0,0.587868313491746,1,-3.7524452209472656
2025-10-28,WAS,PHI,-2.3235703,-5.0,0.40922452937208004,0,2.6764297485351562
2025-10-28,GSW,LAC,0.19665079,19.0,0.5077680956660996,1,-18.80334921181202
2025-10-28,MIL,NYK,-0.6853588,10.0,0.47295122330409234,1,-10.685358822345734
2025-10-29,CHI,SAC,2.519784,13.0,0.5982497955440799,1,-10.480216026306152
2025-10-29,PHX,MEM,-2.5057929,-1.0,0.40228169929296476,0,-1.5057928562164307
2025-10-29,UTA,POR,-1.9930149,-2.0,0.42191001302832415,0,0.006985068321228027
2025-10-29,DEN,NOP,5.645847,34.0,0.7093357857380436,1,-28.354153156280518
2025-10-29,MIN,LAL,2.0004642,-1.0,0.5783770668777694,0,3.0004642009735107
2025-10-29,DAL,IND,1.5530838,2.0,0.5610487126959731,1,-0.44691622257232666
2025-10-29,BRK,ATL,-2.5622287,-5.0,0.4001392313733116,0,2.4377713203430176
2025-10-29,TOR,HOU,-1.6529711,-18.0,0.4350678705940237,0,16.347028851509094
2025-10-29,BOS,CLE,-3.734092,20.0,0.35662026158415383,1,-23.734091997146606
2025-10-29,DET,ORL,-0.25433657,19.0,0.48995374564341226,1,-19.254336565732956
2025-10-30,OKC,WAS,7.4724154,19.0,0.7650908708725321,1,-11.527584552764893
2025-10-30,SAS,MIA,3.2183151,6.0,0.6244688934118262,1,-2.7816848754882812
2025-10-30,CHO,ORL,-2.5312183,-16.0,0.4013160087918248,0,13.46878170967102
2025-10-30,MIL,GSW,0.16215608,10.0,0.5064056511353915,1,-9.837843924760818
2025-10-31,CLE,TOR,4.0497155,-11.0,0.6547395878366837,0,15.049715518951416
2025-10-31,MEM,LAL,-0.2495035,-5.0,0.4901446013149784,0,4.750496506690979
2025-10-31,PHI,BOS,1.0167625,-1.0,0.5400811781022191,0,2.0167624950408936
2025-10-31,IND,ATL,-1.141722,-20.0,0.4550180383556321,0,18.858278036117554
2025-10-31,POR,DEN,-2.1896286,2.0,0.4143511660952708,1,-4.189628601074219
2025-10-31,LAC,NOP,7.0558524,2.0,0.7530545675288386,1,5.05585241317749
2025-10-31,PHX,UTA,2.7211235,22.0,0.6058721557220219,1,-19.278876543045044
2025-10-31,CHI,NYK,-2.3127599,10.0,0.40963758252059856,1,-12.31275987625122
2025-11-01,MIL,SAC,3.4837592,-2.0,0.6342529432660037,0,5.483759164810181
2025-11-01,CHO,MIN,-2.7721217,-17.0,0.39220513273476754,0,14.227878332138062
2025-11-01,IND,GSW,-3.3490014,5.0,0.3707008493335702,1,-8.349001407623291
2025-11-01,WAS,ORL,-3.044971,-31.0,0.38197629589257137,0,27.955029010772705
2025-11-01,BOS,HOU,-0.83810633,-27.0,0.46693878550001217,0,26.161893665790558
2025-11-01,DET,DAL,2.174069,12.0,0.5850520578591711,1,-9.825931072235107
2025-11-02,CLE,ATL,3.0594645,8.0,0.6185642219435273,1,-4.940535545349121
2025-11-02,OKC,NOP,5.450587,31.0,0.702933276656353,1,-25.549413204193115
2025-11-02,BRK,PHI,-3.143302,-24.0,0.378314945782684,0,20.856698036193848
2025-11-02,CHO,UTA,1.9356068,23.0,0.5758758371339477,1,-21.064393162727356
2025-11-02,PHX,SAS,-3.5848017,12.0,0.36205114062559535,1,-15.58480167388916
2025-11-02,TOR,MEM,0.7232137,13.0,0.5285396163930838,1,-12.27678632736206
2025-11-02,NYK,CHI,4.737413,12.0,0.6788755348366826,1,-7.262587070465088
2025-11-02,LAL,MIA,3.191447,10.0,0.6234727164613038,1,-6.808552980422974
2025-11-03,IND,MIL,-0.17781132,-2.0,0.4929759973633564,0,1.822188675403595
2025-11-03,NYK,WAS,9.2843895,17.0,0.8126200301190787,1,-7.715610504150391
2025-11-03,BOS,UTA,12.306488,-2.0,0.8748652910622383,0,14.306488037109375
2025-11-03,BRK,MIN,-4.7568064,-16.0,0.32045674581490474,0,11.243193626403809
2025-11-03,LAC,MIA,5.851814,-1.0,0.7160002889685075,0,6.851813793182373
2025-11-03,HOU,DAL,5.6537795,8.0,0.7095941677325838,1,-2.3462204933166504
2025-11-03,POR,LAL,0.35668877,-8.0,0.5140873173436106,0,8.356688767671585
2025-11-03,DEN,SAC,5.5170717,6.0,0.7051224300883414,1,-0.4829282760620117
2025-11-03,MEM,DET,-0.8102428,-8.0,0.46803488506188307,0,7.189757227897644
2025-11-04,TOR,MIL,1.213242,28.0,0.5477830529095944,1,-26.786757946014404
2025-11-04,ATL,ORL,-0.42868233,15.0,0.4830713093023215,1,-15.428682327270508
2025-11-04,CHI,PHI,0.40082404,2.0,0.5158293260492647,1,-1.5991759598255157
2025-11-04,NOP,CHO,-1.9985958,4.0,0.4216949312794524,1,-5.998595833778381
2025-11-04,GSW,PHX,5.880607,11.0,0.7169245816578411,1,-5.1193928718566895
2025-11-04,LAC,OKC,-8.676856,-19.0,0.20243857787192174,0,10.32314395904541
2025-11-05,DAL,NOP,5.929524,-2.0,0.7184906757631069,0,7.929523944854736
2025-11-05,MEM,HOU,-6.283395,-15.0,0.2703384590440116,0,8.716605186462402
2025-11-05,CLE,PHI,5.2447257,11.0,0.6960958271359635,1,-5.755274295806885
2025-11-05,IND,BRK,5.9738865,-9.0,0.7199063969300068,0,14.973886489868164
2025-11-05,BOS,WAS,11.7735,29.0,0.86535009589151,1,-17.226499557495117
2025-11-05,LAL,SAS,1.5365483,2.0,0.5604051103537454,1,-0.4634517431259155
2025-11-05,DEN,MIA,5.148667,10.0,0.6928751799611209,1,-4.851333141326904
2025-11-05,POR,OKC,-2.8350697,2.0,0.38983650411805476,1,-4.83506965637207
2025-11-05,SAC,GSW,-0.24925964,5.0,0.49015423120537704,1,-5.249259635806084
2025-11-05,NYK,MIN,2.8675644,23.0,0.6113841978098782,1,-20.13243556022644
2025-11-05,DET,UTA,7.5164948,11.0,0.7663404349314423,1,-3.4835052490234375
2025-11-06,PHX,LAC,-2.1058018,13.0,0.41756918869724857,1,-15.105801820755005
2025-11-07,WAS,CLE,-10.003069,-33.0,0.1706975944479835,0,22.996931076049805
2025-11-07,MIL,CHI,1.6706953,16.0,0.5656203908065492,1,-14.329304695129395
2025-11-07,MEM,DAL,1.0561975,14.0,0.5416286627079978,1,-12.94380247592926
2025-11-07,MIA,CHO,8.542005,18.0,0.7940990568515837,1,-9.457995414733887
2025-11-07,ORL,BOS,2.5123618,13.0,0.5979678692115522,1,-10.487638235092163
2025-11-07,DEN,GSW,5.193666,25.0,0.6943862713293699,1,-19.806334018707275
2025-11-07,SAS,HOU,-0.525675,11.0,0.47924505839149795,1,-11.525674998760223
2025-11-07,BRK,DET,-8.457007,-18.0,0.20810571519612647,0,9.54299259185791
2025-11-07,ATL,TOR,2.9695847,-12.0,0.6152075683041657,0,14.969584703445435
2025-11-07,MIN,UTA,9.060834,40.0,0.8071814286777816,1,-30.93916606903076
2025-11-07,SAC,OKC,-5.7676907,-31.0,0.2867105438723139,0,25.232309341430664
2025-11-08,ATL,LAL,-1.2665894,20.0,0.4501295522416256,1,-21.266589403152466
2025-11-08,PHI,TOR,2.8214078,10.0,0.6096498597780288,1,-7.178592205047607
2025-11-08,CLE,CHI,4.6609116,6.0,0.6762344557683839,1,-1.3390884399414062
2025-11-08,WAS,DAL,-3.7270617,-6.0,0.35687519515403393,0,2.2729382514953613
2025-11-08,SAS,NOP,10.347398,7.0,0.836867418588538,1,3.347397804260254
2025-11-08,DEN,IND,10.197126,17.0,0.8335996222219023,1,-6.802873611450195
2025-11-08,MIA,POR,1.4570621,5.0,0.5573085196043173,1,-3.5429378747940063
2025-11-08,LAC,PHX,3.0853777,-11.0,0.6195298954619408,0,14.08537769317627
2025-11-09,NYK,BRK,13.11399,36.0,0.8881797072113786,1,-22.88601016998291
2025-11-09,ORL,BOS,3.0257592,-4.0,0.6173067720196834,0,7.025759220123291
2025-11-09,MEM,OKC,-8.519292,-14.0,0.20648839723349988,0,5.480708122253418
2025-11-09,PHI,DET,-0.6846619,-3.0,0.47297867386215847,0,2.3153380751609802
2025-11-09,GSW,IND,8.006218,31.0,0.7799109776823026,1,-22.99378204345703
2025-11-09,SAC,MIN,-3.2507882,-27.0,0.3743285213465668,0,23.74921178817749
2025-11-09,MIL,HOU,-3.031252,-7.0,0.382488203247136,0,3.968748092651367
2025-11-10,CHO,LAL,-7.0151663,-10.0,0.24814298148322902,0,2.9848337173461914
2025-11-10,MIA,CLE,0.031549066,2.0,0.501246348316155,1,-1.9684509336948395
2025-11-10,DET,WAS,15.44482,2.0,0.9198713515435204,1,13.444820404052734
2025-11-10,ORL,POR,2.4168706,3.0,0.5943349990274825,1,-0.5831294059753418
2025-11-10,DAL,MIL,-0.79873896,-2.0,0.46848751389883286,0,1.201261043548584
2025-11-10,CHI,SAS,-1.0810812,-4.0,0.45739528079143793,0,2.9189188480377197
2025-11-10,PHX,NOP,5.01793,23.0,0.6884615072436435,1,-17.982069969177246
2025-11-10,LAC,ATL,-3.997447,-3.0,0.3471298981684803,0,-0.9974470138549805
2025-11-10,UTA,MIN,-8.877771,-7.0,0.19736090674156923,0,-1.8777713775634766
2025-11-11,NYK,MEM,9.074565,13.0,0.8075189075202196,1,-3.9254350662231445
2025-11-11,PHI,BOS,3.3516178,2.0,0.6293955949224023,1,1.3516178131103516
2025-11-11,BRK,TOR,-8.606988,-10.0,0.2042270195279701,0,1.3930120468139648
2025-11-11,OKC,GSW,11.494408,24.0,0.8601280163388455,1,-12.505592346191406
2025-11-11,UTA,IND,-0.8473446,24.0,0.46657544049499794,1,-24.84734457731247
2025-11-11,SAC,DEN,-8.334855,-14.0,0.21130466251623384,0,5.665144920349121
2025-11-12,DAL,PHX,-0.4812891,-9.0,0.48099575716919474,0,8.518710911273956
2025-11-12,SAS,GSW,4.6436462,-5.0,0.6756368359938986,0,9.643646240234375
2025-11-12,LAC,DEN,-1.9782898,-14.0,0.4224776435584958,0,12.02171015739441
2025-11-12,SAC,ATL,-4.860056,-33.0,0.31691425644219323,0,28.139944076538086
2025-11-12,NOP,POR,-4.690462,-8.0,0.32274401853281703,0,3.309537887573242
2025-11-12,OKC,LAL,7.6922297,29.0,0.7712761417988894,1,-21.307770252227783
2025-11-12,MIA,CLE,-0.068494104,-14.0,0.49729415591546794,0,13.931505896151066
2025-11-12,CHO,MIL,-3.8630285,11.0,0.3519592375561944,1,-14.863028526306152
2025-11-12,HOU,WAS,13.312217,23.0,0.891253071032215,1,-9.687783241271973
2025-11-12,BOS,MEM,6.360338,36.0,0.7320531935921569,1,-29.63966178894043
2025-11-12,NYK,ORL,4.4344506,-17.0,0.6683506484252975,0,21.43445062637329
2025-11-12,DET,CHI,3.2788162,11.0,0.6267082022940053,1,-7.721183776855469
2025-11-13,PHX,IND,4.9911003,35.0,0.6875514518759416,1,-30.008899688720703
2025-11-13,UTA,ATL,-9.1353655,-10.0,0.19099215136743763,0,0.8646345138549805
2025-11-13,CLE,TOR,1.8017493,-13.0,0.5707014404932358,0,14.801749348640442
2025-11-14,HOU,POR,6.8033905,24.0,0.7455610522173896,1,-17.196609497070312
2025-11-14,SAS,GSW,3.785744,-1.0,0.6452502638199734,0,4.785743951797485
2025-11-14,DAL,LAC,-2.2954128,-6.0,0.4103006633038331,0,3.70458722114563
2025-11-14,NOP,LAL,-6.499511,-14.0,0.26365509510278473,0,7.500489234924316
2025-11-14,MIN,SAC,9.998457,14.0,0.8291992138593509,1,-4.001543045043945
2025-11-14,MIL,CHO,4.908068,13.0,0.684725872550748,1,-8.091931819915771
2025-11-14,DET,PHI,1.854506,9.0,0.5727427137497633,1,-7.145493984222412
2025-11-14,ORL,BRK,14.695851,7.0,0.91070290798423,1,7.6958513259887695
2025-11-14,NYK,MIA,3.9363284,8.0,0.6506780827830794,1,-4.063671588897705
2025-11-15,CLE,MEM,10.018736,8.0,0.8296525802639424,1,2.018735885620117
2025-11-15,CHO,OKC,-17.82038,-13.0,0.0564663202497925,0,-4.820379257202148
2025-11-15,IND,TOR,-5.97741,-18.0,0.2799813506762935,0,12.022590160369873
2025-11-15,MIL,LAL,0.9943966,-24.0,0.5392031652575234,0,24.99439662694931
2025-11-15,MIN,DEN,-5.2458267,-11.0,0.3038673685514083,0,5.754173278808594
2025-11-16,SAS,SAC,10.529467,13.0,0.8407572271970761,1,-2.4705333709716797
2025-11-16,BOS,LAC,4.8959684,3.0,0.684312969292171,1,1.8959684371948242
2025-11-16,HOU,ORL,6.2665076,4.0,0.7291348371910442,1,2.266507625579834
2025-11-16,WAS,BRK,-3.4353411,-23.0,0.36752373421582035,0,19.564658880233765
2025-11-16,PHX,ATL,-1.9926687,-2.0,0.42192335554203353,0,0.007331252098083496
2025-11-16,UTA,CHI,-7.25202,3.0,0.2412261665339547,1,-10.252019882202148
2025-11-16,DAL,POR,-1.5104876,5.0,0.4406096466325443,1,-6.5104875564575195
2025-11-16,NOP,GSW,-7.694702,-18.0,0.2286549441156827,0,10.3052978515625
2025-11-17,TOR,CHO,8.55841,2.0,0.794522597046148,1,6.558409690856934
2025-11-17,CLE,MIL,5.459238,12.0,0.7032186678558598,1,-6.540761947631836
2025-11-17,MIA,NYK,-0.47354206,2.0,0.48130136954195774,1,-2.4735420644283295
2025-11-17,PHI,LAC,6.5786533,2.0,0.7387656774907567,1,4.578653335571289
2025-11-17,DET,IND,12.585264,15.0,0.8796088697143097,1,-2.414735794067383
2025-11-17,NOP,OKC,-14.073841,-17.0,0.09761964552454068,0,2.926158905029297
2025-11-17,MIN,DAL,11.675898,24.0,0.8635428400188517,1,-12.324102401733398
2025-11-17,DEN,CHI,10.971496,-3.0,0.8498879804301391,0,13.971495628356934
2025-11-18,ATL,DET,4.5469003,-8.0,0.6722775208421073,0,12.546900272369385
2025-11-18,ORL,GSW,3.9900334,8.0,0.6526045550735059,1,-4.009966611862183
2025-11-18,BRK,BOS,-7.9495516,-14.0,0.2216299052547767,0,6.050448417663574
2025-11-18,LAL,UTA,10.035631,14.0,0.8300295696141512,1,-3.9643688201904297
2025-11-18,SAS,MEM,8.651769,10.0,0.7969205990114461,1,-1.348231315612793
2025-11-18,POR,PHX,3.5930004,-17.0,0.6382480437697308,0,20.593000411987305
2025-11-19,MIA,GSW,2.4512732,14.0,0.5956450261929827,1,-11.548726797103882
2025-11-19,POR,CHI,-0.73904055,-1.0,0.47083722202232353,0,0.2609594464302063
2025-11-19,IND,CHO,-4.6715426,9.0,0.32339784676153566,1,-13.671542644500732
2025-11-19,NOP,DEN,-11.126939,-7.0,0.14700513958023503,0,-4.126938819885254
2025-11-19,DAL,NYK,-6.2172623,-2.0,0.2724047808210529,0,-4.217262268066406
2025-11-19,OKC,SAC,16.417746,14.0,0.9304965925701131,1,2.417745590209961
2025-11-19,CLE,HOU,-2.1619384,-10.0,0.41541336882331154,0,7.838061571121216
2025-11-19,PHI,TOR,1.9604594,-9.0,0.5768347431981399,0,10.960459351539612
2025-11-19,MIN,WAS,16.316673,11.0,0.9294565431406396,1,5.316673278808594
2025-11-20,ORL,LAC,6.07809,28.0,0.72321463411065,1,-21.92190980911255
2025-11-20,MEM,SAC,2.9115276,41.0,0.6130334992656153,1,-38.08847236633301
2025-11-20,MIL,PHI,0.18237004,-9.0,0.5072040588316231,0,9.182370036840439
2025-11-20,SAS,ATL,2.6046932,9.0,0.601470334727378,1,-6.395306825637817
2025-11-21,CHI,MIA,0.60455364,-36.0,0.5238648408363918,0,36.60455363988876
2025-11-21,CLE,IND,14.082222,11.0,0.9024969546954281,1,3.0822219848632812
2025-11-21,GSW,POR,4.1359324,-4.0,0.6578128557594964,0,8.135932445526123
2025-11-21,UTA,OKC,-10.716606,-32.0,0.15532333391820785,0,21.28339385986328
2025-11-21,DAL,NOP,3.1836286,3.0,0.6231826382154454,1,0.18362855911254883
2025-11-21,BOS,BRK,13.600128,-8.0,0.8955847325616633,0,21.600128173828125
2025-11-21,HOU,DEN,3.871545,-3.0,0.648347654484696,0,6.871545076370239
2025-11-21,PHX,MIN,-1.7893443,1.0,0.4297788902244369,1,-2.789344310760498
2025-11-21,TOR,WAS,12.081738,30.0,0.8709252010804703,1,-17.918261528015137
2025-11-22,DAL,MEM,-1.8743738,-6.0,0.42648919533493,0,4.12562620639801
2025-11-22,DEN,SAC,11.93347,-5.0,0.8682684165202319,0,16.933469772338867
2025-11-22,MIL,DET,-2.7716095,-13.0,0.392224424069341,0,10.228390455245972
2025-11-22,CHI,WAS,17.672888,1.0,0.9422790357877873,1,16.672887802124023
2025-11-22,NOP,ATL,-7.489095,-17.0,0.2344357457215352,0,9.510904788970947
2025-11-22,ORL,NYK,2.3292453,12.0,0.5909922581764809,1,-9.670754671096802
2025-11-22,CHO,LAC,-1.5484995,-15.0,0.43912969932196017,0,13.451500535011292
2025-11-23,PHX,SAS,-0.51563513,9.0,0.47964101443790963,1,-9.515635132789612
2025-11-23,UTA,LAL,-8.894996,-2.0,0.19693010319252982,0,-6.89499568939209
2025-11-23,OKC,POR,11.680179,27.0,0.8636225360892408,1,-15.31982135772705
2025-11-23,TOR,BRK,11.623504,10.0,0.8625642933915975,1,1.6235036849975586
2025-11-23,CLE,LAC,11.832692,15.0,0.8664362408841488,1,-3.1673078536987305
2025-11-23,BOS,ORL,-2.306582,9.0,0.4098736910178871,1,-11.306581974029541
2025-11-23,ATL,CHO,11.331039,3.0,0.856993234192333,1,8.331039428710938
2025-11-23,PHI,MIA,0.25249422,-10.0,0.5099735012056954,0,10.252494215965271
2025-11-24,MEM,DEN,-6.0328345,-10.0,0.2782191673221667,0,3.967165470123291
2025-11-24,IND,DET,-9.663598,-5.0,0.17842601917837167,0,-4.66359806060791
2025-11-24,MIA,DAL,9.334183,4.0,0.8138151891876105,1,5.3341827392578125
2025-11-24,BRK,NYK,-8.669686,-13.0,0.2026215647832171,0,4.330313682556152
2025-11-24,TOR,CLE,-0.26312533,11.0,0.4896066891670134,1,-11.263125330209732
2025-11-24,SAC,MIN,-7.0610743,5.0,0.24679201513918766,1,-12.061074256896973
2025-11-24,PHX,HOU,-7.0884714,-22.0,0.24598813960409355,0,14.911528587341309
2025-11-24,GSW,UTA,11.34843,17.0,0.8573296896104072,1,-5.6515703201293945
2025-11-24,NOP,CHI,-3.733675,13.0,0.35663538051961646,1,-16.733675003051758
2025-11-24,MIL,POR,2.9403195,-12.0,0.6141122416557687,0,14.940319538116455
2025-11-25,WAS,ATL,-7.3122916,19.0,0.23948719698302062,1,-26.312291622161865
2025-11-25,PHI,ORL,0.16448855,-41.0,0.506497780738723,0,41.164488554000854
2025-11-25,LAL,LAC,4.229125,17.0,0.6611199396922262,1,-12.770874977111816
2025-11-26,POR,SAS,-1.9342288,-13.0,0.42417735051470945,0,11.065771222114563
2025-11-26,NOP,MEM,-5.125252,-5.0,0.3079127526702909,0,-0.12525177001953125
2025-11-26,GSW,HOU,-3.3498213,-4.0,0.3706706248051783,0,0.6501786708831787
2025-11-26,BOS,DET,0.4597144,3.0,0.5181531087782124,1,-2.540285587310791
2025-11-26,SAC,PHX,-4.581233,-12.0,0.32652829731910876,0,7.418766975402832
2025-11-26,TOR,IND,10.601926,2.0,0.8422842372660913,1,8.60192584991455
2025-11-26,CHO,NYK,-7.0611334,-28.0,0.24679027833611183,0,20.93886661529541
2025-11-26,MIA,MIL,7.3737926,3.0,0.7622783669470936,1,4.37379264831543
2025-11-26,OKC,MIN,9.270434,8.0,0.8122840161882896,1,1.2704343795776367
2025-11-28,NYK,MIL,7.86852,9.0,0.7761532839610532,1,-1.1314802169799805
2025-11-28,CHO,CHI,-3.0891914,7.0,0.38032806252725754,1,-10.089191436767578
2025-11-28,DET,ORL,-0.615115,-3.0,0.4757188986365335,0,2.384885013103485
2025-11-28,IND,WAS,4.2019305,33.0,0.6601565071920596,1,-28.7980694770813
2025-11-28,LAL,DAL,7.7327957,10.0,0.7724050041020165,1,-2.2672042846679688
2025-11-28,ATL,CLE,-1.9571246,7.0,0.4232938913039816,1,-8.957124590873718
2025-11-28,UTA,SAC,-1.1007863,9.0,0.45662257988585037,1,-10.100786328315735
2025-11-28,BRK,PHI,-6.7309995,-12.0,0.2566150651159093,0,5.26900053024292
2025-11-28,OKC,PHX,11.758621,4.0,0.8650758973792889,1,7.7586212158203125
2025-11-28,LAC,MEM,1.4568968,-5.0,0.5573020734919972,0,6.456896781921387
2025-11-28,DEN,SAS,4.4444222,-3.0,0.6686998271040786,0,7.444422245025635
2025-11-29,CHO,TOR,-8.2581625,7.0,0.2133314224794416,1,-15.258162498474121
2025-11-29,IND,CHI,0.33541602,2.0,0.5132475621410104,1,-1.66458398103714
2025-11-29,MIA,DET,3.0048027,-3.0,0.6165241481958929,0,6.004802703857422
2025-11-29,MIN,BOS,3.137523,4.0,0.6214702510089358,1,-0.8624770641326904
2025-11-29,LAC,DAL,5.224855,-4.0,0.695431164787429,0,9.224854946136475
2025-11-29,MIL,BRK,8.6058855,17.0,0.795744666780406,1,-8.39411449432373
2025-11-29,GSW,NOP,9.789445,8.0,0.8244705132696253,1,1.789444923400879
2025-11-29,PHX,DEN,-1.566953,-18.0,0.43841162412165424,0,16.43304705619812
2025-11-30,UTA,HOU,-10.31171,-28.0,0.1639039311247344,0,17.688289642333984
2025-11-30,PHI,ATL,-0.17608753,-8.0,0.4930440828952306,0,7.823912471532822
2025-11-30,NYK,TOR,6.5867534,22.0,0.7390126250685247,1,-15.413246631622314
2025-11-30,CLE,BOS,4.971034,-2.0,0.6868698638093184,0,6.971034049987793
2025-11-30,POR,OKC,-6.2349334,-8.0,0.27185167789483583,0,1.7650666236877441
2025-11-30,MIN,SAS,0.45341045,13.0,0.5179043933857139,1,-12.54658955335617
2025-11-30,SAC,MEM,-2.7322369,-8.0,0.3937085699975815,0,5.267763137817383
2025-11-30,LAL,NOP,11.326963,12.0,0.8569142787173123,1,-0.6730365753173828
2025-12-01,BRK,CHO,-3.3469055,13.0,0.37077811588124576,1,-16.34690546989441
2025-12-01,DET,ATL,3.9423985,1.0,0.6508960752677361,1,2.9423985481262207
2025-12-01,IND,CLE,-5.482062,-16.0,0.29602917207617463,0,10.517938137054443
2025-12-01,UTA,HOU,-11.947162,8.0,0.13148431119432724,1,-19.94716167449951
2025-12-01,WAS,MIL,-5.3999295,3.0,0.2987410009415775,1,-8.399929523468018
2025-12-01,ORL,CHI,9.864261,5.0,0.8261748846695067,1,4.864260673522949
2025-12-01,DEN,DAL,10.460351,-10.0,0.839289533428236,0,20.46035099029541
2025-12-01,LAL,PHX,2.3049734,-17.0,0.5900648239246054,0,19.304973363876343
2025-12-01,MIA,LAC,6.2385445,17.0,0.7282612619488515,1,-10.761455535888672
2025-12-02,GSW,OKC,-5.6418586,-12.0,0.29079417095409443,0,6.3581414222717285
2025-12-02,PHI,WAS,12.249268,19.0,0.8738720476076071,1,-6.750732421875
2025-12-02,TOR,POR,4.139116,3.0,0.6579260780122905,1,1.139115810394287
2025-12-02,BOS,NYK,-2.0275936,6.0,0.42057786906224987,1,-8.027593612670898
2025-12-02,NOP,MIN,-6.9068227,-7.0,0.25135087816726687,0,0.09317731857299805
2025-12-02,SAS,MEM,6.7040095,7.0,0.7425704894944585,1,-0.2959904670715332
2025-12-03,IND,DEN,-9.315317,-15.0,0.18663693766232847,0,5.684682846069336
2025-12-03,ORL,SAS,6.20127,-2.0,0.7270940605046698,0,8.20127010345459
2025-12-03,CLE,POR,6.9760313,-12.0,0.7507014605507414,0,18.97603130340576
2025-12-03,ATL,LAC,4.680043,-23.0,0.676896005872732,0,27.68004322052002
2025-12-03,MIL,DET,-2.7350378,4.0,0.39360292384045514,1,-6.735037803649902
2025-12-03,CHI,BRK,4.8793254,-10.0,0.6837445504204331,0,14.87932538986206
2025-12-03,NYK,CHO,9.844879,15.0,0.825734613797463,1,-5.155120849609375
2025-12-03,DAL,MIA,-1.9557898,10.0,0.42334538204796157,1,-11.955789804458618
2025-12-03,HOU,SAC,10.683439,26.0,0.8439878076876023,1,-15.316560745239258
2025-12-04,PHI,GSW,-0.87913775,1.0,0.46532527131801155,1,-1.8791377544403076
2025-12-04,WAS,BOS,-8.7489,-45.0,0.20060669419622296,0,36.251099586486816
2025-12-04,BRK,UTA,-1.1028129,-13.0,0.4565431240561878,0,11.897187113761902
2025-12-04,TOR,LAL,0.5621817,-3.0,0.5221944837386304,0,3.5621817111968994
2025-12-04,NOP,MIN,-6.659096,-9.0,0.2587885617255653,0,2.3409042358398438
2025-12-05,ATL,DEN,-2.5177524,-1.0,0.4018273652754912,0,-1.5177524089813232
2025-12-05,CLE,SAS,1.2152951,13.0,0.5478634159178872,1,-11.78470492362976
2025-12-05,DET,POR,3.8483794,6.0,0.6475125973767257,1,-2.151620626449585
2025-12-05,BOS,LAL,2.605741,21.0,0.6015100246593911,1,-18.394258975982666
2025-12-05,ORL,MIA,3.7765172,1.0,0.6449164478954434,1,2.776517152786255
2025-12-05,NYK,UTA,12.870997,34.0,0.8843089510921699,1,-21.129002571105957
2025-12-05,MEM,LAC,-0.2633139,9.0,0.48959924332295757,1,-9.263313889503479
2025-12-05,MIL,PHI,1.6044315,-15.0,0.5630459723230644,0,16.60443150997162
2025-12-05,OKC,DAL,14.278804,21.0,0.9051964977332905,1,-6.721196174621582
2025-12-05,TOR,CHO,7.3584805,-25.0,0.761839625114598,0,32.35848045349121
2025-12-05,HOU,PHX,8.129185,19.0,0.783228208164418,1,-10.87081527709961
2025-12-05,CHI,IND,-0.0053514745,-15.0,0.49978858915838564,0,14.994648525491357
2025-12-06,CLE,GSW,1.3232841,-5.0,0.5520868962057434,0,6.323284149169922
2025-12-06,WAS,ATL,-6.5136366,-15.0,0.26322196754299054,0,8.486363410949707
2025-12-06,DAL,HOU,-7.3052554,13.0,0.23968976326119584,1,-20.30525541305542
2025-12-06,BRK,NOP,-1.1933432,18.0,0.45299599294344406,1,-19.19334316253662
2025-12-06,MIA,SAC,11.1794405,-16.0,0.8540321343102397,0,27.17944049835205
2025-12-06,MIN,LAC,6.6654024,3.0,0.7414025534564217,1,3.665402412414551
2025-12-06,DET,MIL,6.821559,12.0,0.7461052942867439,1,-5.178441047668457
2025-12-07,CHO,DEN,-6.6233406,-9.0,0.25987381429854006,0,2.376659393310547
2025-12-07,UTA,OKC,-14.228378,-30.0,0.09548951740914666,0,15.771621704101562
2025-12-07,TOR,BOS,-1.4527205,-8.0,0.44286074952382676,0,6.547279477119446
2025-12-07,MEM,POR,1.8502547,23.0,0.5725783098773302,1,-21.14974534511566
2025-12-07,PHI,LAL,-0.32320657,-4.0,0.48723444751529466,0,3.6767934262752533
2025-12-07,CHI,GSW,-5.086588,-32.0,0.30921626823794457,0,26.91341209411621
2025-12-07,NYK,ORL,2.7343624,6.0,0.6063716007703708,1,-3.2656376361846924
2025-12-08,IND,SAC,1.7674451,11.0,0.5693728360628915,1,-9.232554912567139
2025-12-08,MIN,PHX,5.087313,-3.0,0.6908082115727976,0,8.087313175201416
2025-12-08,NOP,SAS,-6.9050417,-3.0,0.2514038400754602,0,-3.9050416946411133
2025-12-09,TOR,NYK,-4.256914,-16.0,0.33789693935312914,0,11.743085861206055
2025-12-09,ORL,MIA,4.132259,9.0,0.657682176700702,1,-4.867741107940674
2025-12-10,OKC,PHX,10.030889,49.0,0.8299238132029656,1,-38.96911144256592
2025-12-10,LAL,SAS,0.62264544,-13.0,0.5245778828435081,0,13.622645437717438
2025-12-11,MIL,BOS,-2.7829058,15.0,0.39179897930648744,1,-17.78290581703186
2025-12-11,HOU,LAC,10.319786,2.0,0.8362708739393744,1,8.319786071777344
2025-12-11,SAC,DEN,-7.9677467,-31.0,0.22113429960174097,0,23.03225326538086
2025-12-11,NOP,POR,-5.189396,23.0,0.3057569410067244,1,-28.189395904541016
2025-12-12,DAL,BRK,5.7358384,8.0,0.7122590014318066,1,-2.2641615867614746
2025-12-12,GSW,MIN,2.526633,-7.0,0.5985098933123414,0,9.526633024215698
2025-12-12,MEM,UTA,8.189734,-4.0,0.7848482958499458,0,12.18973445892334
2025-12-12,WAS,CLE,-10.6426525,-4.0,0.1568627229604433,0,-6.64265251159668
2025-12-12,PHI,IND,6.679397,10.0,0.7418263169664728,1,-3.3206028938293457
2025-12-12,DET,ATL,3.048882,27.0,0.6181695900757165,1,-23.951117992401123
2025-12-12,CHO,CHI,0.09433457,-3.0,0.5037266333298268,0,3.0943345725536346
2025-12-13,OKC,SAS,9.900968,-2.0,0.8270063118464884,0,11.900967597961426
2025-12-13,ORL,NYK,1.6870389,-12.0,0.5662548183323,0,13.687038898468018
2025-12-14,IND,WAS,8.312459,-19.0,0.7881049354874127,0,27.312458992004395
2025-12-14,ATL,PHI,1.0713214,3.0,0.5422219317475111,1,-1.9286786317825317
2025-12-14,CLE,CHO,9.584647,-8.0,0.8197377982485717,0,17.584647178649902
2025-12-14,BRK,MIL,-4.752288,45.0,0.3206122532429452,1,-49.75228786468506
2025-12-14,CHI,NOP,-4.525907,-10.0,0.3284537795863976,0,5.474092960357666
2025-12-14,POR,GSW,-2.6130407,5.0,0.3982135194083271,1,-7.6130406856536865
2025-12-14,PHX,LAL,-1.1891615,-2.0,0.4531597338069196,0,0.8108384609222412
2025-12-14,MIN,SAC,10.150131,14.0,0.8325669701170894,1,-3.8498687744140625
2025-12-15,BOS,DET,0.84524804,-7.0,0.5333421048152764,0,7.84524804353714
2025-12-15,UTA,DAL,-5.9487977,7.0,0.28089371533232166,1,-12.948797702789307
2025-12-15,DEN,HOU,0.9032108,3.0,0.5356210392268568,1,-2.0967891812324524
2025-12-15,LAC,MEM,2.0253983,-18.0,0.57933758890727,0,20.02539825439453
2025-12-15,MIA,TOR,4.413364,-10.0,0.6676116404932074,0,14.413363933563232
2025-12-16,NYK,SAS,6.192471,11.0,0.7268180716443147,1,-4.807528972625732
2025-12-17,MIN,MEM,6.3575215,-6.0,0.7319658789759632,0,12.357521533966064
2025-12-17,CHI,CLE,-10.205469,16.0,0.1662175915508754,1,-26.205469131469727
2025-12-18,MIL,TOR,-2.0378625,-6.0,0.42018248032502764,0,3.962137460708618
2025-12-18,SAS,WAS,12.651033,25.0,0.880705111916777,1,-12.348966598510742
2025-12-18,IND,NYK,-9.888921,-1.0,0.17326620628336123,0,-8.888920783996582
2025-12-18,BRK,MIA,-5.8661795,-11.0,0.2835383320553636,0,5.133820533752441
2025-12-18,CHO,ATL,-2.5450323,7.0,0.40079165693449936,1,-9.545032262802124
2025-12-18,OKC,LAC,12.687461,21.0,0.8813085651428378,1,-8.312539100646973
2025-12-18,UTA,LAL,-7.5178647,-8.0,0.23362080363844454,0,0.4821352958679199
2025-12-18,DEN,ORL,3.0477931,11.0,0.6181289764372864,1,-7.95220685005188
2025-12-18,DAL,DET,-3.3800137,2.0,0.3695583590912208,1,-5.380013704299927
2025-12-18,PHX,GSW,-2.4877875,1.0,0.4029660255245931,1,-3.4877874851226807
2025-12-18,POR,SAC,5.0243983,1.0,0.6886806925263164,1,4.024398326873779
2025-12-18,NOP,HOU,-8.402903,5.0,0.20951819872416488,1,-13.402902603149414
2025-12-19,MIN,OKC,-3.9667063,5.0,0.348231611665843,1,-8.966706275939941
2025-12-19,ATL,SAS,0.23926887,-28.0,0.5094512289561246,0,28.239268869161606
2025-12-19,CLE,CHI,5.738554,-11.0,0.7123469396701924,0,16.738554000854492
2025-12-19,BOS,MIA,5.3054748,13.0,0.6981227579704372,1,-7.694525241851807
2025-12-19,NYK,PHI,7.041947,-9.0,0.7526457118489422,0,16.04194688796997
2025-12-20,DET,CHO,8.167515,26.0,0.7842548025515093,1,-17.83248519897461
2025-12-20,DEN,HOU,1.871471,-14.0,0.5733986061392862,0,15.871471047401428
2025-12-20,PHI,DAL,2.566498,7.0,0.6000226918197188,1,-4.433501958847046
2025-12-20,TOR,BOS,1.0689893,-16.0,0.5421304576400606,0,17.068989276885986
2025-12-20,NOP,IND,-0.98982984,19.0,0.460976142432047,1,-19.98982983827591
2025-12-20,GSW,PHX,4.2631555,3.0,0.6623236734743873,1,1.263155460357666
2025-12-20,MEM,WAS,12.361095,-8.0,0.8758069181952672,0,20.361095428466797
2025-12-20,SAC,POR,-2.798468,-5.0,0.3912131350682481,0,2.2015318870544434
2025-12-20,LAC,LAL,-1.3180829,15.0,0.4481163576782947,1,-16.31808292865753
2025-12-20,UTA,ORL,-8.206091,-1.0,0.21471557613204448,0,-7.206090927124023
2025-12-21,BRK,TOR,-4.761915,15.0,0.3202809700080508,1,-19.76191520690918
2025-12-21,MIN,MIL,7.5162497,3.0,0.7663334997663124,1,4.516249656677246
2025-12-21,ATL,CHI,5.3128095,-2.0,0.6983669655357964,0,7.312809467315674
2025-12-21,NYK,MIA,6.773514,7.0,0.7446644158587535,1,-0.2264862060546875
2025-12-21,SAC,HOU,-9.289944,1.0,0.18724636362957817,1,-10.28994369506836
2025-12-21,WAS,SAS,-8.554727,-11.0,0.20557243518528795,0,2.4452733993530273
2025-12-22,GSW,ORL,0.09794529,23.0,0.50386926698153,1,-22.902054712176323
2025-12-22,POR,DET,-4.060935,-8.0,0.34485974521728585,0,3.9390649795532227
2025-12-22,NOP,DAL,-4.577433,6.0,0.32666035787849956,1,-10.577433109283447
2025-12-22,CLE,CHO,6.492751,7.0,0.7361374781897525,1,-0.5072488784790039
2025-12-22,OKC,MEM,11.751526,16.0,0.864944976671988,1,-4.24847412109375
2025-12-22,BOS,IND,11.172073,8.0,0.8538869489460784,1,3.1720733642578125
2025-12-22,DEN,UTA,9.913452,23.0,0.8272883744945226,1,-13.0865478515625
2025-12-23,IND,MIL,-3.0790098,-17.0,0.3807073219390868,0,13.920990228652954
2025-12-23,MIN,NYK,0.46324703,11.0,0.5182924800557621,1,-10.536752969026566
2025-12-23,MIA,TOR,4.6918716,-21.0,0.6773046650167684,0,25.691871643066406
2025-12-23,CHO,WAS,8.228495,17.0,0.7858807523660217,1,-8.771505355834961
2025-12-23,ATL,CHI,3.0181358,-3.0,0.6170221440320064,0,6.0181357860565186
2025-12-23,DAL,DEN,-5.0908656,1.0,0.3090718994953713,1,-6.090865612030029
2025-12-23,CLE,NOP,9.319726,23.0,0.8134687988585526,1,-13.68027400970459
2025-12-23,POR,ORL,-1.4796215,-4.0,0.4418121560228745,0,2.5203784704208374
2025-12-23,SAC,DET,-6.204177,-9.0,0.2728148040882215,0,2.795823097229004
2025-12-23,UTA,MEM,-4.288101,-9.0,0.3367952722569774,0,4.7118988037109375
2025-12-23,PHI,BRK,6.6434765,-8.0,0.7407377197496506,0,14.643476486206055
2025-12-23,SAS,OKC,-1.9053649,20.0,0.42529178517572186,1,-21.905364871025085
2025-12-23,LAC,HOU,-3.633399,20.0,0.3602793186077524,1,-23.63339900970459
2025-12-23,PHX,LAL,-0.33463222,24.0,0.4867833803597831,1,-24.334632217884064
2025-12-25,NYK,CLE,5.6306987,2.0,0.7088420043897181,1,3.6306986808776855
2025-12-25,OKC,SAS,6.1678514,-15.0,0.726044937291802,0,21.167851448059082
2025-12-25,GSW,DAL,6.3319626,10.0,0.7311727493115432,1,-3.6680374145507812
2025-12-25,LAL,HOU,-4.0617824,-23.0,0.34482949426181275,0,18.938217639923096
2025-12-25,DEN,MIN,4.5974727,4.0,0.6740357777964824,1,0.5974726676940918
2025-12-26,ORL,CHO,7.9439325,-15.0,0.7782168807388745,0,22.94393253326416
2025-12-26,WAS,TOR,-6.030918,21.0,0.27827998410826643,1,-27.03091812133789
2025-12-26,IND,BOS,-7.7820654,-18.0,0.22622922132552634,0,10.217934608459473
2025-12-26,CHI,PHI,-3.9719062,7.0,0.348045138271096,1,-10.971906185150146
2025-12-26,ATL,MIA,0.65255153,-15.0,0.5257563340781185,0,15.652551531791687
2025-12-26,NOP,PHX,-3.0735915,-7.0,0.3809092089685168,0,3.926408529281616
2025-12-26,UTA,DET,-8.769643,2.0,0.2000815812545621,1,-10.76964282989502
2025-12-26,POR,LAC,-0.5072884,-16.0,0.4799702156923344,0,15.49271160364151
2025-12-26,MEM,MIL,2.036255,21.0,0.5797556261603933,1,-18.9637451171875
2025-12-27,ORL,DEN,-1.3349802,1.0,0.4474561059307864,1,-2.3349802494049072
2025-12-27,SAC,DAL,-2.5148952,6.0,0.40193589307585564,1,-8.51489520072937
2025-12-27,CHI,MIL,0.9558118,-9.0,0.5376878786662852,0,9.95581179857254
2025-12-27,MIN,BRK,9.301546,-16.0,0.8130324955500693,0,25.301546096801758
2025-12-27,NOP,PHX,-2.1873655,-9.0,0.41443794832054043,0,6.812634468078613
2025-12-27,SAS,UTA,15.874961,-13.0,0.9247405303211238,0,28.874960899353027
2025-12-27,HOU,CLE,4.296422,17.0,0.6634983572427906,1,-12.703577995300293
2025-12-27,MIA,IND,9.776703,26.0,0.824178930569412,1,-16.223297119140625
2025-12-27,ATL,NYK,-4.1650424,-3.0,0.34115246563629464,0,-1.1650424003601074
2025-12-28,LAL,SAC,8.377035,24.0,0.7898040089752602,1,-15.622964859008789
2025-12-28,POR,BOS,-3.262204,6.0,0.37390612725575373,1,-9.262203931808472
2025-12-28,LAC,DET,0.8847841,13.0,0.5348967089057063,1,-12.11521589756012
2025-12-28,OKC,PHI,11.085893,25.0,0.8521796700192377,1,-13.914107322692871
2025-12-28,WAS,MEM,-6.228264,4.0,0.2720603501679139,1,-10.228263854980469
2025-12-28,TOR,GSW,-0.5445004,14.0,0.4785026853271324,1,-14.544500410556793
2025-12-29,NOP,NYK,-7.089984,-5.0,0.24594381110179725,0,-2.0899839401245117
2025-12-29,SAS,CLE,5.6994877,-12.0,0.7110803232417551,0,17.699487686157227
2025-12-29,OKC,ATL,11.765585,11.0,0.8652042855458743,1,0.7655849456787109
2025-12-29,POR,DAL,-0.365144,3.0,0.4855789282718141,1,-3.3651440143585205
2025-12-29,CHO,MIL,-0.5901701,-10.0,0.4767021198010992,0,9.409829914569855
2025-12-29,MIA,DEN,-1.6347451,24.0,0.43577588165797376,1,-25.634745121002197
2025-12-29,CHI,MIN,-5.434482,-35.0,0.2975984135012109,0,29.565517902374268
2025-12-29,WAS,PHX,-5.2616334,-14.0,0.30333926698212554,0,8.738366603851318
2025-12-29,HOU,IND,15.109734,7.0,0.9158806734998315,1,8.109733581542969
2025-12-29,TOR,ORL,-2.5453136,1.0,0.4007809803947184,1,-3.545313596725464
2025-12-29,BRK,GSW,-0.8930461,-13.0,0.4647785050429816,0,12.106953918933868
2025-12-30,LAL,DET,-1.9876467,-22.0,0.4221169266918016,0,20.01235330104828
2025-12-30,LAC,SAC,10.156161,41.0,0.8326997584004464,1,-30.843838691711426
2025-12-30,MEM,PHI,0.49223834,-3.0,0.5194361556645699,0,3.4922383427619934
2025-12-30,UTA,BOS,-6.140766,-10.0,0.2748072009842297,0,3.859233856201172
2025-12-31,CLE,PHX,2.5391433,16.0,0.5989848379595867,1,-13.460856676101685
2025-12-31,CHO,GSW,-4.9254003,-7.0,0.314683179060309,0,2.0745997428894043
2025-12-31,ATL,MIN,-1.313696,24.0,0.44828780300519294,1,-25.313696026802063
2025-12-31,IND,ORL,-8.24612,-2.0,0.21365094211465893,0,-6.246120452880859
2025-12-31,SAS,NYK,3.0898862,2.0,0.6196978111375752,1,1.08988618850708
2025-12-31,CHI,NOP,1.2472264,16.0,0.5491130023738703,1,-14.752773642539978
2025-12-31,TOR,DEN,-3.280027,-3.0,0.3732470418466465,0,-0.280026912689209
2025-12-31,OKC,POR,13.434649,29.0,0.893114047318879,1,-15.565350532531738
2025-12-31,MIL,WAS,6.4836354,-1.0,0.7358575878205541,0,7.483635425567627
2026-01-01,DET,MIA,3.3746805,-6.0,0.630245270467527,0,9.374680519104004
2026-01-01,BRK,HOU,-5.6685114,-24.0,0.28992634682440316,0,18.331488609313965
2026-01-01,DAL,PHI,-0.16683505,-15.0,0.49340953625441014,0,14.83316494524479
2026-01-01,LAC,UTA,11.959863,17.0,0.8687447140061924,1,-5.04013729095459
2026-01-01,SAC,BOS,-7.2396107,-14.0,0.24158526620347262,0,6.76038932800293
2026-01-02,MIL,CHO,3.4092996,1.0,0.6315191912345985,1,2.409299612045288
2026-01-02,NOP,POR,-2.2987282,-13.0,0.4101739072905803,0,10.701271772384644
2026-01-02,PHX,SAC,8.035486,27.0,0.7807038286491167,1,-18.964513778686523
2026-01-02,CHI,ORL,-5.3254843,7.0,0.30121129411769204,1,-12.325484275817871
2026-01-02,GSW,OKC,-6.3331814,-37.0,0.2687893960848869,0,30.666818618774414
2026-01-02,WAS,BRK,-0.03353034,20.0,0.49867538168382025,1,-20.033530339598656
2026-01-02,IND,SAS,-10.13807,-10.0,0.16769888006360253,0,-0.13807010650634766
2026-01-02,CLE,DEN,-2.1345978,5.0,0.4164629355844505,1,-7.1345977783203125
2026-01-02,LAL,MEM,2.6884038,7.0,0.6046368430427349,1,-4.311596155166626
2026-01-02,NYK,ATL,6.2606535,-12.0,0.7289520990537429,0,18.260653495788574
2026-01-03,TOR,ATL,2.9754674,17.0,0.6154276050016415,1,-14.024532556533813
2026-01-03,MIA,MIN,3.5629437,-10.0,0.6371507064519262,0,13.562943696975708
2026-01-03,SAS,POR,9.040505,-5.0,0.8066809702391168,0,14.040505409240723
2026-01-03,NYK,PHI,5.152272,-11.0,0.6929964030449988,0,16.15227222442627
2026-01-03,CHI,CHO,2.7981346,-13.0,0.6087743117790217,0,15.798134565353394
2026-01-03,DAL,HOU,-7.395892,6.0,0.2370893953068379,1,-13.395892143249512
2026-01-03,GSW,UTA,7.31797,9.0,0.7606761872054384,1,-1.682030200958252
2026-01-03,LAC,BOS,3.5640419,-31.0,0.6371908241452392,0,34.56404185295105
2026-01-04,PHX,OKC,-7.2314663,3.0,0.24182114742795185,1,-10.231466293334961
2026-01-04,WAS,MIN,-5.2303934,-26.0,0.30438349552567284,0,20.769606590270996
2026-01-04,SAC,MIL,-3.763662,-17.0,0.35554886962615745,0,13.236337900161743
2026-01-04,LAL,MEM,2.6124723,6.0,0.6017649566128996,1,-3.3875277042388916
2026-01-04,MIA,NOP,8.440166,19.0,0.7914553819019535,1,-10.559833526611328
2026-01-04,BRK,DEN,-7.24714,12.0,0.24136733988578138,1,-19.247139930725098
2026-01-04,ORL,IND,8.981001,8.0,0.8052103820209442,1,0.9810009002685547
2026-01-04,CLE,DET,3.540502,-4.0,0.6363304542626301,0,7.540502071380615
2026-01-05,DET,NYK,-0.24599963,31.0,0.49028296879845057,1,-31.2459996342659
2026-01-05,BOS,CHI,9.394242,14.0,0.8152489315405631,1,-4.605757713317871
2026-01-05,TOR,ATL,2.5161767,18.0,0.5981127844256608,1,-15.483823299407959
2026-01-05,HOU,PHX,10.42755,3.0,0.8385891820258359,1,7.427550315856934
2026-01-05,OKC,CHO,10.92432,-27.0,0.8489344405484733,0,37.924320220947266
2026-01-05,PHI,DEN,0.84268385,-1.0,0.5332412551012066,0,1.8426838517189026
2026-01-05,LAC,GSW,1.5634646,1.0,0.5614526562003455,1,0.5634646415710449
2026-01-05,POR,UTA,5.225904,20.0,0.6954662748921004,1,-14.774096012115479
2026-01-06,IND,CLE,-9.236816,-4.0,0.18852734560289733,0,-5.23681640625
2026-01-06,WAS,ORL,-5.8171344,8.0,0.28511536607087906,1,-13.817134380340576
2026-01-06,MEM,SAS,-3.0071633,1.0,0.38338766528546564,1,-4.0071632862091064
2026-01-06,MIN,MIA,3.9648569,28.0,0.6517020555167878,1,-24.03514313697815
2026-01-06,NOP,LAL,-5.9641943,-8.0,0.28040253390419617,0,2.0358057022094727
2026-01-06,SAC,DAL,-3.8254955,-2.0,0.3533131872167065,0,-1.8254954814910889
2026-01-07,DET,CHI,7.502237,15.0,0.765936756612335,1,-7.497763156890869
2026-01-07,PHI,WAS,10.935928,21.0,0.8491695323322984,1,-10.064071655273438
2026-01-07,BRK,ORL,-3.5017126,-1.0,0.36508918977205607,0,-2.5017125606536865
2026-01-07,BOS,DEN,2.707036,-4.0,0.6053404563502669,0,6.707036018371582
2026-01-07,ATL,NOP,10.349828,17.0,0.8369198334583846,1,-6.650172233581543
2026-01-07,OKC,UTA,14.121138,4.0,0.9030367472251214,1,10.121137619018555
2026-01-07,GSW,MIL,4.4836273,7.0,0.6700708790860308,1,-2.5163726806640625
2026-01-07,POR,HOU,-4.715593,1.0,0.3218766091374677,1,-5.715592861175537
2026-01-07,MEM,PHX,-0.27986038,-19.0,0.4889458726684636,0,18.720139622688293
2026-01-07,SAS,LAL,6.274549,16.0,0.7293857246809097,1,-9.725450992584229
2026-01-07,NYK,LAC,3.541084,12.0,0.6363517359414017,1,-8.458915948867798
2026-01-07,CHO,TOR,4.8189893,-1.0,0.6816792594757088,0,5.818989276885986
2026-01-08,UTA,DAL,-5.481522,2.0,0.29604694779033436,1,-7.481522083282471
2026-01-08,MIN,CLE,3.9583545,9.0,0.6514687878827912,1,-5.041645526885986
2026-01-08,CHO,IND,7.8196154,-2.0,0.7748077774989236,0,9.819615364074707
2026-01-09,BRK,LAC,-5.0242586,-16.0,0.3113240409182453,0,10.975741386413574
2026-01-09,LAL,MIL,2.1126618,-4.0,0.5826944280468053,0,6.112661838531494
2026-01-09,POR,HOU,-4.9154587,6.0,0.31502207035780105,1,-10.915458679199219
2026-01-09,DEN,ATL,6.5710673,-23.0,0.7385342643588126,0,29.571067333221436
2026-01-09,GSW,SAC,9.251509,34.0,0.8118275804632117,1,-24.748491287231445
2026-01-09,PHX,NYK,0.9821547,5.0,0.5387224838109681,1,-4.017845273017883
2026-01-09,ORL,PHI,4.2054634,-12.0,0.6602817435774172,0,16.205463409423828
2026-01-09,BOS,TOR,5.900246,8.0,0.7175539668648895,1,-2.0997538566589355
2026-01-09,WAS,NOP,-0.7483251,-21.0,0.470471697629577,0,20.25167489051819
2026-01-09,MEM,OKC,-9.205854,-1.0,0.1892769849819894,0,-8.205854415893555
2026-01-10,CHI,DAL,-1.9156587,18.0,0.42489425251824864,1,-19.915658712387085
2026-01-10,BOS,SAS,1.7807909,-5.0,0.5698898403185749,0,6.78079092502594
2026-01-10,UTA,CHO,-5.6135955,-55.0,0.2917160983599619,0,49.386404514312744
2026-01-10,IND,MIA,-5.6767497,24.0,0.2896584148760655,1,-29.67674970626831
2026-01-10,CLE,MIN,2.2602108,12.0,0.588352763500774,1,-9.739789247512817
2026-01-10,DET,LAC,5.59883,-6.0,0.7078015834258389,0,11.598830223083496
2026-01-11,MEM,BRK,5.3125525,5.0,0.6983584101665646,1,0.31255245208740234
2026-01-11,ORL,NOP,8.961701,10.0,0.8047315983868805,1,-1.0382986068725586
2026-01-11,POR,NYK,-1.7220266,-9.0,0.43238775783878486,0,7.277973413467407
2026-01-11,MIN,SAS,3.684467,1.0,0.64157849100483,1,2.684467077255249
2026-01-11,TOR,PHI,1.56062,1.0,0.5613419707419862,1,0.5606199502944946
2026-01-11,PHX,WAS,11.067209,19.0,0.8518073749175333,1,-7.932790756225586
2026-01-11,SAC,HOU,-10.639243,13.0,0.1569339899260688,1,-23.639243125915527
2026-01-11,OKC,MIA,12.017661,12.0,0.8697826612941338,1,0.017661094665527344
2026-01-11,DEN,MIL,7.0825243,4.0,0.7538375127846783,1,3.082524299621582
2026-01-11,GSW,ATL,2.9479556,-13.0,0.6143981538208424,0,15.94795560836792
2026-01-12,CLE,UTA,15.720688,-11.0,0.923026243556462,0,26.720687866210938
2026-01-12,SAC,LAL,-4.6255603,12.0,0.32498980369928765,1,-16.62556028366089
2026-01-12,DAL,BRK,4.8853207,8.0,0.6839493735925457,1,-3.1146793365478516
2026-01-12,LAC,CHO,4.992591,8.0,0.687602050348082,1,-3.00740909576416
2026-01-12,IND,BOS,-7.913904,2.0,0.22260318226626954,1,-9.913904190063477
2026-01-12,TOR,PHI,1.6258874,-13.0,0.5638799349477726,0,14.625887393951416
2026-01-13,HOU,CHI,7.3723783,6.0,0.7622378662214374,1,1.3723783493041992
2026-01-13,NOP,DEN,-7.8244233,-6.0,0.22505968757448255,0,-1.8244233131408691
2026-01-13,MIA,PHX,2.5863678,6.0,0.6007760017689836,1,-3.4136321544647217
2026-01-13,OKC,SAS,8.351557,21.0,0.7891348404109344,1,-12.648443222045898
2026-01-13,GSW,POR,4.6075635,22.0,0.6743860235673386,1,-17.392436504364014
2026-01-13,MIL,MIN,-2.5218878,-33.0,0.40167030498886996,0,30.47811222076416
2026-01-13,LAL,ATL,-2.5865433,25.0,0.39921734764793054,1,-27.586543321609497
2026-01-14,SAC,NYK,-9.269707,11.0,0.18773351709264946,1,-20.26970672607422
2026-01-14,LAC,WAS,13.216671,14.0,0.8897810700773807,1,-0.7833290100097656
2026-01-14,CHI,UTA,4.3818693,2.0,0.6665063374016132,1,2.381869316101074
2026-01-14,IND,TOR,-4.9372253,-14.0,0.3142803391396091,0,9.062774658203125
2026-01-14,DAL,DEN,-4.697951,-9.0,0.32248541065173697,0,4.302049160003662
2026-01-14,PHI,CLE,-2.289301,-26.0,0.41053436274737615,0,23.7106990814209
2026-01-14,NOP,BRK,-0.56821036,3.0,0.4775678277097968,1,-3.5682103633880615
2026-01-15,SAS,MIL,6.5199394,18.0,0.7369711430102076,1,-11.480060577392578
2026-01-15,MIA,BOS,0.2974837,-5.0,0.5117499778349807,0,5.297483712434769
2026-01-15,HOU,OKC,-2.0908244,-20.0,0.4181449058374043,0,17.909175634384155
2026-01-15,ORL,MEM,4.2959876,7.0,0.6634830310531868,1,-2.704012393951416
2026-01-15,DET,PHX,4.599399,3.0,0.6741026576233669,1,1.5993990898132324
2026-01-15,GSW,NYK,1.8030208,13.0,0.5707506657193339,1,-11.19697916507721
2026-01-15,POR,ATL,-2.5421047,16.0,0.4009027618708208,1,-18.542104721069336
2026-01-15,LAL,CHO,3.8390803,-18.0,0.6471771396400886,0,21.839080333709717
2026-01-15,DAL,UTA,7.11941,22.0,0.7549175248280644,1,-14.880589962005615
2026-01-16,SAC,WAS,2.5238926,13.0,0.5984058318795799,1,-10.476107358932495
2026-01-16,HOU,MIN,-0.5357945,5.0,0.4788459881831679,1,-5.535794496536255
2026-01-16,TOR,LAC,-0.19290666,-4.0,0.49237978157707696,0,3.8070933371782303
2026-01-16,IND,NOP,4.0173054,8.0,0.6535809344632447,1,-3.982694625854492
2026-01-16,BRK,CHI,-3.0089602,3.0,0.38332053965421004,1,-6.008960247039795
2026-01-16,PHI,CLE,-4.1204553,-2.0,0.34273787475804646,0,-2.120455265045166
2026-01-17,MIA,OKC,-5.8304305,2.0,0.28468731127302266,1,-7.830430507659912
2026-01-17,POR,LAL,-0.7680161,16.0,0.46969658680623483,1,-16.76801609992981
2026-01-17,ATL,BOS,-0.047980584,-26.0,0.49810452844659336,0,25.952019415795803
2026-01-17,DET,IND,10.776284,43.0,0.8459098937961804,1,-32.22371578216553
2026-01-17,DAL,UTA,8.071756,18.0,0.7816835015332239,1,-9.928243637084961
2026-01-17,DEN,WAS,20.487354,6.0,0.9622186020058044,1,14.487354278564453
2026-01-17,SAS,MIN,2.5832417,3.0,0.6006575139581832,1,-0.41675829887390137
2026-01-17,NYK,PHX,4.4136443,-7.0,0.6676214721726405,0,11.413644313812256
2026-01-17,GSW,CHO,4.7354155,20.0,0.6788067199605925,1,-15.2645845413208
2026-01-18,HOU,NOP,10.283721,9.0,0.8354890557018502,1,1.2837209701538086
2026-01-18,CHI,BRK,3.95591,22.0,0.6513810745607226,1,-18.044090032577515
2026-01-18,DEN,CHO,8.709497,-23.0,0.7983929429571798,0,31.709497451782227
2026-01-18,LAL,TOR,-0.77166325,17.0,0.4695530373667926,1,-17.77166324853897
2026-01-18,MEM,ORL,-1.3900257,17.0,0.4453065361034952,1,-18.390025734901428
2026-01-18,SAC,POR,-2.3426116,-7.0,0.4084972930150779,0,4.65738844871521
