simulation,OKC,LAL,PHX,UTA,MIL,MEM,CHI,POR,ATL,ORL,BOS,CHO,DAL,NYK,IND,GSW,LAC,NOP,SAC,HOU,BRK,TOR,PHI,DEN,MIN,WAS,MIA,SAS,CLE,DET
0,60,46,41,24,38,37,39,44,45,41,51,40,33,52,26,37,42,23,25,56,23,50,39,52,48,22,43,46,52,56
1,64,49,43,28,32,30,40,36,42,46,53,41,30,49,25,44,40,26,19,51,20,42,49,54,53,21,45,55,48,56
2,64,46,43,24,34,34,36,41,41,42,51,44,40,48,23,39,42,24,17,55,24,44,50,49,44,22,45,56,54,55
3,63,44,49,27,26,40,40,38,36,49,53,39,34,54,21,42,41,28,21,46,21,48,44,51,48,20,44,54,55,55
4,54,48,43,29,37,35,41,41,38,45,51,40,28,50,23,45,42,26,24,54,23,48,43,49,48,23,44,54,50,55
5,58,47,46,21,39,34,40,39,38,42,50,40,35,49,23,45,42,26,21,55,26,46,41,57,51,23,46,48,52,51
6,60,47,47,33,36,36,34,38,37,37,53,37,29,54,20,40,46,22,24,50,21,51,47,51,50,24,49,57,44,57
7,62,44,43,25,35,37,41,43,46,45,52,32,31,49,27,41,43,26,21,56,19,50,40,50,44,23,43,53,52,58
8,57,48,50,21,42,39,37,40,35,46,49,39,34,51,22,40,45,20,22,53,26,44,44,57,50,22,46,49,50,53
9,66,46,50,19,28,37,35,39,44,47,51,40,34,54,25,45,41,25,18,55,21,46,45,55,42,22,39,50,48,64
10,64,46,49,22,41,37,38,41,39,41,47,31,36,52,21,44,43,20,20,55,23,49,41,49,53,24,51,52,50,52
11,60,51,47,23,35,43,35,38,41,37,48,40,32,50,25,44,43,20,26,52,22,43,43,52,55,23,46,49,48,60
12,64,42,46,28,34,39,41,39,39,44,51,40,31,50,22,44,36,19,26,50,27,49,40,50,48,23,44,51,55,59
13,63,46,46,26,35,30,35,42,39,51,45,36,32,52,26,43,45,17,20,51,23,48,43,51,49,25,42,58,53,59
14,63,49,45,23,38,33,37,41,41,43,48,36,31,55,30,45,40,23,16,54,22,49,46,50,49,22,46,53,49,54
15,65,48,43,23,28,36,37,43,40,45,49,36,32,54,20,44,41,22,20,54,19,47,46,50,53,22,48,55,51,60
16,58,45,51,26,34,32,35,42,39,43,52,38,33,51,26,42,43,24,22,50,20,48,43,49,51,16,48,54,55,61
17,66,44,49,25,37,39,37,36,42,40,53,42,40,50,25,44,40,23,19,50,21,42,45,49,52,20,41,51,53,56
18,65,52,39,27,35,36,38,33,43,41,54,37,35,52,26,43,35,27,16,51,23,44,50,52,48,25,44,54,49,57
19,59,48,51,20,30,35,36,39,42,48,51,39,28,52,25,45,39,29,21,53,24,52,43,55,53,18,43,54,44,55
20,63,42,52,24,34,39,36,34,43,44,51,28,32,49,27,40,39,23,23,51,25,45,49,51,50,25,44,56,55,57
21,59,50,41,25,34,32,42,35,44,47,50,35,33,54,26,45,47,24,27,54,17,48,44,50,51,21,42,52,49,53
22,64,46,46,22,35,35,40,38,40,44,50,34,36,58,24,45,39,21,20,50,22,48,44,54,44,21,47,55,52,57
23,63,51,43,23,35,39,33,44,41,45,50,37,27,52,27,47,37,29,19,54,21,46,41,52,53,23,43,51,51,54
24,65,48,46,27,30,42,38,35,44,44,50,37,32,53,23,44,38,24,25,54,19,42,46,52,50,19,49,57,46,52
25,64,46,48,25,31,31,43,37,38,40,47,40,34,52,27,47,43,21,18,55,24,48,46,50,51,23,47,53,51,51
26,60,50,44,23,35,29,29,41,36,45,47,42,34,54,26,44,44,22,26,49,25,48,48,49,47,24,43,57,52,58
27,65,46,38,29,42,34,36,35,41,43,53,35,30,54,28,41,40,27,20,48,27,52,47,48,53,24,47,52,45,51
28,66,54,43,21,34,32,41,38,41,44,52,39,33,52,28,46,42,21,20,50,22,47,44,53,50,24,43,50,48,53
29,63,46,41,25,42,41,35,37,37,47,45,39,34,48,26,43,41,31,19,55,26,43,42,54,51,18,44,56,42,60
30,65,46,48,27,33,31,32,40,36,43,53,39,29,60,20,49,38,23,24,53,20,48,48,49,49,22,48,51,54,53
31,66,51,52,25,37,37,38,35,40,44,44,35,36,50,19,42,45,22,22,56,23,45,50,46,48,20,46,58,47,52
32,60,39,46,25,30,39,39,39,45,47,53,37,35,52,24,43,45,20,27,49,20,46,42,51,48,23,45,54,49,59
33,55,45,56,26,32,40,35,38,40,48,50,32,32,55,23,42,47,24,23,46,23,44,46,53,50,22,47,53,49,55
34,61,49,46,26,28,31,44,44,43,50,47,38,36,51,26,44,39,21,22,49,21,48,46,52,46,23,41,52,52,55
35,62,48,43,31,33,35,33,37,44,42,48,39,31,51,28,46,43,22,19,53,26,47,41,52,48,20,45,53,55,56
36,62,46,51,30,32,35,38,40,42,47,51,43,32,49,23,42,37,32,16,52,24,44,43,50,47,20,44,55,51,53
37,61,41,48,26,35,38,30,35,39,46,44,40,38,49,25,50,40,24,28,56,22,48,43,57,51,25,47,43,46,56
38,65,50,44,24,33,44,37,42,41,41,49,41,32,53,22,42,48,27,21,53,24,39,41,49,49,19,42,51,50,58
39,62,42,43,29,26,29,39,43,43,42,53,38,32,49,26,44,40,21,23,52,23,49,42,53,54,26,46,50,54,58
40,62,45,56,26,33,38,31,39,39,47,51,36,29,46,24,52,43,24,21,47,22,44,44,53,49,22,52,49,50,57
41,64,48,40,23,36,35,39,45,45,45,51,40,27,49,26,44,37,26,21,48,28,49,44,52,51,22,38,51,54,53
42,56,41,45,25,29,34,38,37,47,50,49,41,33,57,21,44,41,28,24,49,25,46,44,54,53,23,49,50,46,52
43,61,47,41,20,41,37,30,46,41,50,51,37,32,56,25,43,46,25,19,50,24,41,45,49,54,17,44,54,48,57
44,64,50,45,28,33,35,37,35,37,44,49,44,31,48,27,46,46,23,25,52,21,44,45,51,49,20,47,49,51,55
45,62,49,42,26,32,37,38,41,40,46,53,44,30,49,22,42,43,22,23,53,19,49,49,49,53,23,42,49,50,54
46,61,45,47,27,31,37,38,40,46,44,51,35,33,56,20,47,36,26,24,57,18,45,41,52,43,25,45,53,51,57
47,64,44,42,24,31,43,43,38,39,39,51,39,36,48,20,49,41,24,19,54,24,44,47,48,48,20,49,56,49,58
48,65,46,41,22,35,34,32,38,41,49,49,43,29,52,21,46,46,23,25,55,22,49,45,49,52,19,48,48,50,57
49,60,48,44,28,29,32,40,39,37,43,50,38,35,49,26,46,39,27,21,50,22,48,55,47,51,22,43,58,49,55
50,64,46,44,22,30,32,40,34,37,48,48,38,32,53,22,47,41,29,23,53,24,48,51,50,47,17,52,58,51,50
51,66,42,46,23,35,39,34,40,45,45,51,36,33,49,22,44,45,20,24,55,24,45,44,48,50,27,43,50,48,58
52,63,47,49,29,31,36,39,43,45,43,48,35,38,56,23,46,43,13,21,56,24,49,42,46,48,21,40,52,50,55
53,61,48,48,27,24,34,33,40,41,48,52,42,31,54,28,47,46,22,25,55,20,50,40,52,43,23,42,50,54,51
54,61,46,45,25,37,40,32,41,36,43,55,36,37,51,25,45,43,22,24,51,19,42,44,50,47,24,50,52,52,56
55,65,44,43,27,30,37,34,41,41,48,55,35,29,45,27,46,41,24,23,51,20,48,46,54,49,23,48,54,49,54
56,63,45,51,22,32,34,41,36,41,44,49,36,32,50,28,48,41,26,19,46,28,45,47,53,46,18,49,50,52,59
57,61,45,44,31,34,38,37,33,37,44,48,43,39,53,22,43,45,24,21,54,21,43,49,49,50,24,41,50,54,54
58,61,49,46,24,32,31,40,40,41,41,53,37,29,52,24,46,42,24,24,52,29,45,45,48,52,21,47,52,50,54
59,63,49,46,28,28,33,40,40,40,44,53,39,34,49,25,43,46,18,24,50,26,43,42,55,47,24,46,49,51,56
60,64,45,46,25,30,35,37,38,47,44,47,37,38,57,23,47,40,26,22,49,19,42,44,55,48,22,48,57,45,54
61,64,52,40,24,40,28,43,37,40,46,50,41,34,55,22,45,41,21,25,54,20,46,44,50,55,24,42,50,48,50
62,66,46,46,23,31,31,32,41,41,45,48,40,35,53,24,44,43,21,24,48,27,50,50,49,54,20,46,51,51,51
63,69,50,49,24,38,38,35,40,38,41,51,36,31,54,21,47,39,19,20,51,24,51,43,45,49,22,47,52,52,55
64,64,46,50,28,27,30,37,48,42,48,52,34,31,52,26,41,40,23,21,52,22,49,47,49,45,24,46,55,54,48
65,60,49,42,24,24,34,39,36,39,40,53,40,38,47,27,47,40,26,24,55,27,49,49,49,49,22,43,53,53,53
66,65,45,51,24,33,34,34,35,38,44,50,37,34,52,23,47,45,19,22,54,26,51,46,53,50,16,47,49,49,58
67,61,46,43,20,30,36,40,34,39,48,42,40,33,52,24,44,40,30,19,50,32,51,47,51,50,24,46,52,50,57
68,63,46,47,32,28,31,39,37,41,41,44,40,36,53,22,42,42,23,25,50,26,49,49,48,48,24,43,52,51,59
69,62,41,43,27,30,30,41,36,43,40,45,39,33,50,21,44,41,30,23,50,20,44,50,50,54,27,46,58,53,60
70,57,46,46,23,33,37,33,36,41,49,56,43,34,51,25,49,41,24,24,49,19,53,46,57,53,18,43,46,48,51
71,65,38,48,26,27,33,39,37,40,51,48,40,35,53,28,42,37,27,20,53,25,48,45,49,55,20,46,54,46,56
72,64,47,46,25,32,38,42,41,41,43,51,40,32,53,19,42,47,25,20,48,27,46,42,51,52,20,39,57,45,56
73,63,44,45,23,31,33,36,38,40,43,51,43,36,59,22,46,40,26,25,46,27,50,45,51,47,22,45,53,44,57
74,61,50,44,27,31,36,37,38,38,48,47,37,31,49,30,44,44,23,22,55,23,45,48,52,49,22,42,49,48,61
75,59,47,39,27,30,44,40,37,41,43,50,38,35,48,30,43,40,28,23,54,19,47,48,49,54,21,44,50,52,51
76,64,46,44,23,32,33,38,41,38,49,53,42,38,48,26,48,40,27,21,59,24,42,41,50,50,21,46,47,48,52
77,62,49,51,23,29,35,38,36,40,48,44,38,36,54,25,40,40,24,23,55,24,44,44,58,49,21,44,51,52,54
78,60,50,46,20,29,40,34,39,42,48,52,41,33,54,24,46,45,28,23,48,24,46,46,47,42,23,46,52,49,54
79,61,42,48,29,30,33,40,38,39,47,54,33,37,54,28,40,43,25,24,55,23,44,39,54,50,20,45,52,53,51
80,63,45,47,19,35,39,45,38,41,41,49,33,36,53,27,41,44,25,25,49,19,45,44,51,52,26,45,53,49,52
81,63,50,45,29,32,35,39,37,43,47,52,35,26,48,27,43,39,28,23,52,24,44,43,50,51,23,39,57,53,54
82,60,41,53,26,36,31,45,39,41,40,51,37,31,50,26,44,42,28,22,50,21,48,42,47,47,23,46,55,51,58
83,67,47,41,26,36,31,35,37,45,45,45,38,33,53,26,46,42,21,22,54,24,47,50,55,47,19,43,47,51,58
84,61,50,46,21,37,35,37,39,42,46,45,41,24,49,31,45,39,24,19,51,21,54,48,52,50,25,44,54,54,47
85,60,45,44,22,37,31,43,47,41,45,42,36,35,54,25,43,35,25,23,52,24,50,41,46,48,24,52,55,48,58
86,64,38,41,30,40,36,38,34,36,42,55,33,37,46,27,46,40,27,24,55,24,44,47,54,51,26,41,51,46,58
87,61,41,38,29,35,34,42,39,39,42,47,39,36,51,24,48,37,30,23,55,19,45,47,52,45,22,49,52,51,59
88,58,46,47,27,35,37,33,41,43,39,51,34,38,51,25,44,41,21,26,55,17,47,48,52,48,23,42,54,48,60
89,68,45,49,24,34,32,36,41,40,44,52,40,38,57,32,42,35,28,25,50,18,50,44,50,45,25,42,44,44,57
90,62,47,39,23,34,30,42,43,40,46,58,39,33,49,24,45,38,19,20,55,26,44,46,53,44,22,46,57,51,56
91,65,48,42,26,28,35,29,39,39,38,52,41,33,52,24,43,43,20,24,53,21,48,44,57,53,21,50,52,52,59
92,59,44,46,25,32,35,38,44,36,42,50,40,39,51,25,46,41,19,25,50,22,47,46,53,50,19,44,53,50,60
93,58,45,49,28,35,34,39,36,40,44,48,33,37,53,19,44,45,23,20,53,23,43,42,52,52,24,52,54,52,54
94,61,50,48,25,31,32,41,35,42,51,54,35,26,49,25,45,45,27,17,53,22,42,45,50,49,24,43,52,52,60
95,66,51,42,25,28,30,43,44,41,49,49,38,28,50,22,45,42,25,20,52,19,45,45,57,47,25,46,53,46,58
96,61,46,47,20,34,40,39,43,41,43,56,38,31,46,18,47,44,27,23,53,22,52,41,50,45,28,39,51,49,57
97,60,44,46,24,28,34,42,40,41,42,50,41,39,52,26,41,40,24,18,51,24,41,44,49,57,30,47,56,46,54
98,59,53,41,26,33,37,38,36,36,47,53,39,34,49,19,45,39,31,16,48,23,50,50,51,51,23,44,54,51,55
99,61,51,50,20,38,40,28,40,35,39,47,42,31,51,23,46,42,25,21,49,24,49,46,47,49,30,48,50,50,59
100,66,49,42,24,36,32,31,45,43,42,51,37,30,51,29,56,39,19,29,50,21,46,44,50,47,20,45,52,51,54
101,59,44,44,26,34,31,38,40,41,41,50,38,35,52,31,43,45,18,23,56,18,45,46,50,46,28,48,52,53,56
102,64,51,49,21,33,38,39,34,45,42,52,36,34,49,28,47,37,18,23,53,19,49,46,53,50,25,43,50,46,57
103,67,48,47,29,32,42,33,43,31,46,45,37,31,47,30,47,43,25,19,48,28,44,41,47,50,21,46,53,54,57
104,67,36,48,25,37,26,40,36,38,43,48,42,34,56,21,42,41,20,27,53,25,43,44,49,55,23,42,59,53,58
105,64,46,43,26,33,36,38,41,39,43,53,35,36,46,19,48,46,25,22,55,23,42,48,54,44,22,47,51,50,56
106,62,45,48,27,34,37,33,43,36,38,53,34,28,60,27,39,45,25,19,53,23,51,47,49,47,24,42,55,51,56
107,60,47,45,28,39,37,34,42,40,40,49,37,38,55,22,41,44,17,29,52,18,47,50,51,48,20,45,49,51,56
108,65,53,53,19,35,43,37,38,44,47,44,33,33,52,24,44,39,24,21,49,18,40,46,54,52,22,46,50,49,57
109,65,49,49,28,36,35,38,33,41,44,51,35,32,51,26,41,39,20,27,53,20,47,40,47,52,21,47,55,50,59
110,61,48,49,25,35,35,32,34,43,40,51,42,31,54,25,44,44,21,19,51,19,50,48,56,45,21,46,52,51,59
111,59,45,44,26,37,36,41,46,35,41,51,33,35,57,27,41,37,24,30,53,24,41,46,50,45,20,47,55,48,57
112,63,49,48,22,31,36,31,38,39,46,47,45,39,53,22,40,41,31,19,56,24,43,46,52,49,21,44,51,50,55
113,61,50,48,28,25,42,35,32,44,44,50,44,32,51,28,43,37,25,21,48,24,51,46,55,50,19,47,50,49,52
114,63,49,44,23,38,36,41,32,40,41,49,37,36,53,23,40,34,27,27,55,20,43,50,48,51,27,50,54,49,51
115,63,45,51,26,31,32,33,39,39,46,50,37,34,56,24,48,37,25,23,56,25,41,42,50,54,20,49,57,44,54
116,62,50,40,25,32,38,42,46,47,44,50,40,29,50,23,44,40,22,23,50,22,52,43,48,46,23,42,50,52,56
117,63,49,46,26,34,31,36,39,44,49,49,34,35,51,24,48,40,22,23,52,20,42,44,55,46,19,47,57,51,55
118,61,46,50,25,36,35,37,33,41,52,50,39,30,49,21,49,38,19,25,53,22,45,49,53,48,18,51,50,50,56
119,62,44,46,31,38,30,37,47,41,45,47,39,33,53,22,43,44,21,19,49,19,51,47,43,49,23,43,55,51,59
120,59,44,50,26,33,38,40,34,41,41,54,39,30,56,25,49,38,28,20,47,20,44,41,54,48,26,47,48,53,58
121,59,47,44,26,31,29,41,42,41,50,55,36,33,50,23,46,37,24,22,54,23,46,45,51,52,20,44,57,47,56
122,62,51,46,24,30,37,38,35,34,40,50,40,26,53,24,43,43,24,22,49,24,51,50,53,51,24,47,51,53,56
123,63,43,46,21,29,34,39,42,44,48,48,40,29,54,25,45,44,25,22,53,18,47,47,56,46,16,49,54,48,56
124,65,45,45,27,39,39,41,35,37,42,47,40,32,50,29,42,40,24,24,52,20,44,43,50,48,23,49,55,52,52
125,60,47,50,21,30,37,38,37,40,46,47,37,33,54,31,46,43,19,21,53,21,50,44,47,49,20,46,58,48,58
126,59,52,51,32,25,38,36,43,40,44,52,39,26,48,24,44,42,22,20,45,25,52,44,49,48,25,48,55,49,54
127,64,46,44,20,34,33,39,39,39,46,48,37,29,54,26,45,44,22,28,54,24,41,43,51,51,24,45,53,51,57
128,61,51,43,29,29,27,35,38,49,43,49,39,31,56,26,50,40,24,20,44,19,51,47,47,53,23,42,58,51,56
129,61,45,45,25,37,32,33,37,44,42,48,40,33,53,22,48,41,26,23,51,22,47,46,52,49,22,47,51,48,61
130,62,50,46,25,28,34,44,41,36,46,50,40,27,53,25,49,41,29,23,50,18,51,46,50,50,19,46,46,54,52
131,61,48,48,21,35,34,37,37,43,46,47,34,36,55,28,50,37,25,24,53,23,42,44,53,47,18,45,53,51,56
132,67,48,48,24,35,31,37,40,42,39,52,38,36,51,28,49,33,29,20,50,21,43,47,49,48,22,43,50,53,58
133,58,50,51,25,36,37,37,33,41,47,47,40,32,52,21,43,41,20,25,57,22,47,43,53,45,23,43,53,52,57
134,55,42,47,22,35,36,38,41,45,47,48,36,34,46,27,46,39,24,23,53,21,47,44,50,53,23,39,56,55,59
135,62,44,50,24,41,35,34,36,39,47,50,39,30,52,28,44,42,26,20,52,26,41,46,53,48,27,40,49,49,57
136,64,48,42,24,35,37,35,41,35,49,50,39,31,48,30,45,41,23,24,57,23,45,48,51,50,22,44,52,46,52
137,63,46,45,25,38,35,47,34,44,51,49,39,24,55,24,44,45,26,24,46,23,45,44,51,49,22,45,49,48,51
138,65,48,48,25,36,40,41,41,38,42,54,34,27,56,19,39,42,29,22,47,22,43,46,50,48,20,45,54,51,59
139,62,45,46,24,37,36,40,32,36,42,47,44,32,55,28,46,43,18,29,48,23,44,44,52,51,25,45,49,52,56
140,57,50,38,23,34,31,38,42,41,48,51,41,39,51,22,43,42,24,20,53,20,48,48,52,45,23,42,50,54,61
141,64,47,47,24,30,37,40,38,41,43,48,37,33,48,30,49,38,20,32,48,19,47,45,52,51,23,42,52,51,55
142,61,50,45,23,33,36,39,38,41,46,48,38,31,48,22,42,49,25,22,50,21,46,49,52,52,21,44,52,50,57
143,65,43,43,23,29,42,38,44,43,45,46,40,30,53,30,44,44,27,20,53,26,43,43,48,48,21,42,49,52,57
144,63,48,47,19,31,37,38,32,40,45,51,41,33,47,27,41,45,21,23,50,23,47,43,54,47,24,47,54,52,61
145,58,44,42,28,30,37,39,39,42,43,53,46,34,53,32,41,37,25,22,47,22,48,45,48,49,20,48,50,48,61
146,62,53,46,31,31,40,37,41,41,36,48,40,32,54,17,48,45,21,18,52,26,42,47,47,50,25,51,48,45,57
147,63,45,46,23,32,38,39,34,44,48,51,44,37,51,27,48,35,30,20,51,25,41,47,47,48,18,41,51,53,54
148,65,48,49,19,31,35,42,41,35,44,51,42,36,51,19,43,43,23,20,51,28,50,42,51,46,23,45,51,46,61
149,62,47,46,22,35,39,32,36,42,42,49,34,28,49,25,47,40,28,27,52,20,51,46,49,54,23,42,52,53,59
150,68,39,44,22,34,34,34,39,41,49,56,38,35,54,24,40,38,21,27,50,21,49,45,52,46,25,49,52,49,56
151,66,51,45,24,32,39,40,41,36,42,48,38,28,52,22,44,45,24,22,51,27,47,48,48,44,24,46,51,46,60
152,66,47,44,28,28,25,42,44,36,46,53,37,34,53,20,48,46,25,24,50,25,49,48,45,48,22,47,50,45,56
153,62,45,47,27,33,31,37,40,43,48,43,41,35,53,27,47,34,26,21,54,19,45,41,50,47,21,46,54,54,60
154,66,51,44,23,36,28,36,36,40,44,51,37,32,54,25,42,42,23,22,52,26,48,47,52,48,22,48,54,47,55
155,64,45,51,23,33,42,32,41,40,42,43,36,31,48,23,45,45,23,25,52,25,46,42,53,49,21,52,54,49,56
156,60,51,47,24,32,35,40,45,40,43,53,32,29,50,24,40,41,29,22,53,22,45,38,58,48,21,49,53,50,57
157,59,43,45,29,33,41,36,37,40,41,50,37,30,56,27,52,40,21,27,51,22,47,44,50,47,23,46,52,53,52
158,61,48,51,24,41,32,37,44,40,43,49,35,30,52,19,45,46,19,20,54,22,48,45,50,48,25,46,51,51,55
159,65,47,48,23,28,38,29,39,40,50,50,35,31,47,27,44,38,27,25,51,23,51,43,54,49,25,47,51,49,57
160,67,52,54,23,32,39,33,42,40,49,53,35,32,55,25,39,42,19,20,50,29,48,40,51,44,24,42,51,49,52
161,65,43,48,24,33,36,40,37,40,43,48,40,31,56,23,49,37,28,20,54,26,50,46,49,47,18,39,54,52,55
162,57,42,48,29,26,36,40,33,40,44,51,36,31,56,25,47,46,22,20,51,27,49,43,59,46,22,49,53,48,55
163,67,45,46,29,30,31,35,35,42,37,52,40,35,53,29,48,36,26,24,55,21,49,44,55,49,25,40,52,49,52
164,61,43,48,21,38,42,40,40,44,44,45,36,36,55,24,49,38,27,18,54,20,45,42,54,47,23,42,53,48,54
165,63,46,50,26,31,39,37,37,43,43,47,39,29,49,34,48,40,29,17,50,23,45,51,49,50,20,41,52,46,57
166,64,46,46,26,30,37,31,43,39,47,48,29,39,53,25,45,42,32,19,46,30,47,41,51,49,24,40,57,49,56
167,61,48,49,24,34,31,43,38,45,44,43,39,35,55,28,43,32,25,19,62,20,50,47,53,46,23,42,51,44,57
168,61,47,39,29,35,29,35,43,44,44,48,33,32,54,31,43,37,19,28,55,19,47,46,53,50,25,47,55,49,54
169,59,48,43,20,29,34,34,42,44,51,50,36,36,55,24,46,33,25,30,51,23,41,45,50,54,21,48,56,52,51
170,67,50,48,25,30,30,38,40,44,44,46,34,29,53,29,46,45,23,23,51,22,46,50,49,49,21,43,51,53,52
171,62,50,45,22,33,37,38,33,42,52,53,38,30,50,23,48,49,27,24,47,21,46,48,48,49,24,40,48,48,56
172,62,43,49,24,30,34,35,37,37,43,48,37,33,55,24,42,44,28,22,53,23,51,46,57,51,19,44,51,50,59
173,65,51,49,21,23,37,40,36,40,43,49,44,32,50,26,44,41,33,24,51,27,45,48,47,46,27,43,46,50,53
174,62,48,53,21,40,37,34,40,39,46,41,36,36,55,22,45,37,28,28,50,23,51,48,52,46,19,40,48,47,59
175,66,51,39,22,35,35,34,35,40,42,50,42,30,51,23,47,42,29,22,57,23,47,50,54,44,19,48,51,48,55
176,65,50,46,28,29,35,38,37,45,44,47,36,33,49,36,47,38,25,20,47,25,48,46,52,43,24,47,47,49,55
177,60,51,46,23,34,44,41,31,48,44,49,36,28,53,26,40,44,29,20,48,22,46,48,49,49,22,43,53,51,53
178,58,41,51,25,23,34,43,35,42,48,55,36,34,53,25,49,42,19,26,53,20,45,43,57,49,22,46,50,53,54
179,66,41,46,25,29,39,35,35,43,45,54,42,28,53,25,45,47,24,18,50,29,46,43,48,49,21,45,57,52,51
180,65,47,41,25,29,31,35,40,41,45,53,42,37,53,25,51,46,23,23,48,21,45,45,49,49,21,42,55,50,54
181,62,50,44,24,28,34,35,39,49,43,54,39,35,50,25,43,42,27,21,50,24,41,43,51,51,25,46,52,47,57
182,61,45,49,26,36,38,39,38,42,44,52,39,35,45,28,47,41,25,22,51,19,44,41,52,49,24,43,53,46,57
183,66,44,45,27,39,37,35,36,40,45,44,41,28,53,23,49,47,20,23,54,24,42,47,55,47,19,47,52,44,58
184,67,41,45,23,34,38,37,37,42,44,45,40,37,46,29,46,40,20,23,56,22,47,42,52,47,20,45,52,56,58
185,65,48,46,28,29,41,36,40,42,47,54,35,29,49,27,45,37,23,21,50,22,46,47,48,50,24,39,54,54,55
186,60,46,50,23,28,36,40,40,47,48,53,41,33,54,25,41,37,24,19,55,17,40,45,52,48,20,51,52,51,55
187,65,47,46,31,31,36,42,35,42,45,49,40,33,43,29,43,40,25,20,45,25,48,49,54,51,21,42,54,47,53
188,61,44,51,33,30,27,32,42,38,48,54,34,26,46,30,48,43,22,26,54,25,48,47,52,48,26,39,50,50,57
189,65,41,48,25,28,38,36,39,40,47,41,50,32,52,20,45,46,22,20,47,21,46,48,51,54,24,46,49,55,55
190,59,48,46,24,35,34,34,43,42,46,49,39,33,54,24,42,49,25,21,53,23,51,44,52,41,18,41,57,47,57
191,61,44,47,25,31,33,35,36,37,46,48,37,35,53,24,44,40,26,27,59,24,45,41,53,50,26,47,53,46,58
192,63,51,41,20,35,36,37,40,47,42,44,38,40,50,25,43,39,23,19,56,20,46,47,54,46,22,45,51,49,62
193,59,47,45,25,36,37,44,33,40,42,47,39,32,54,27,44,38,22,23,46,26,45,48,57,51,18,43,49,52,62
194,59,46,46,28,40,32,38,37,41,46,52,36,29,51,25,49,45,22,22,54,23,47,41,47,47,22,42,58,49,57
195,63,44,43,22,37,37,39,36,35,46,49,40,37,56,17,48,42,32,22,48,27,47,46,48,50,26,42,49,47,56
196,57,44,47,25,33,35,43,39,45,49,46,39,33,50,25,46,42,24,22,45,22,44,46,53,50,20,45,54,46,62
197,58,49,54,28,38,32,34,42,44,46,50,42,31,48,20,43,47,19,25,51,24,43,41,52,47,23,43,52,49,56
198,60,44,48,24,31,35,35,41,43,45,49,36,30,53,24,44,43,18,28,54,21,43,49,50,51,20,52,54,49,57
199,65,47,43,20,37,37,41,42,47,41,42,42,39,50,24,46,43,25,18,48,19,42,44,53,52,22,47,52,48,55
200,64,50,42,25,42,38,30,38,43,39,45,39,32,56,18,46,41,30,22,48,23,44,48,51,51,23,42,56,51,54
201,62,48,46,26,37,35,39,36,36,44,44,41,42,57,26,45,39,25,22,48,23,48,45,51,49,17,45,45,54,56
202,63,50,41,25,27,39,39,42,45,44,46,37,36,53,24,47,43,24,18,53,24,48,46,49,46,22,40,55,50,55
203,60,48,52,26,30,32,34,42,44,46,54,35,31,50,28,43,42,21,21,50,20,50,50,56,44,22,44,47,54,55
204,57,46,49,22,31,28,41,44,35,50,49,37,31,58,16,53,43,22,20,45,27,46,46,52,49,24,51,52,51,56
205,63,47,47,26,32,40,32,38,47,48,52,36,35,54,22,39,43,20,24,58,18,40,50,43,48,24,44,57,50,54
206,63,49,44,22,26,34,38,43,42,49,52,35,38,50,23,43,38,27,21,53,22,41,47,53,47,22,48,56,50,55
207,63,39,47,20,41,35,34,41,39,43,50,39,36,51,25,47,43,23,19,50,23,50,46,55,49,24,47,49,52,51
208,61,41,50,24,35,38,39,38,39,45,55,38,31,56,24,43,46,24,21,49,21,41,45,55,49,21,40,53,52,57
209,67,42,48,25,36,31,38,43,41,40,53,40,32,49,23,45,45,19,23,55,20,44,41,54,51,18,47,54,53,54
210,65,42,45,27,31,35,35,35,39,43,47,40,40,59,20,47,39,24,25,51,23,46,47,48,55,23,45,51,52,52
211,59,46,49,25,31,40,38,33,41,47,53,37,30,49,28,44,47,24,22,56,23,48,46,42,49,23,42,52,52,55
212,56,43,51,24,33,34,37,37,40,46,49,39,34,54,25,47,38,29,16,44,25,48,40,56,53,20,49,53,55,56
213,66,45,44,24,31,35,33,38,40,44,51,39,31,57,23,49,43,26,20,53,26,47,53,52,44,17,42,55,47,56
214,59,47,47,20,34,38,40,36,43,45,48,36,34,52,30,45,39,22,26,52,21,43,40,57,51,27,40,49,53,57
215,61,48,44,25,31,43,37,43,39,44,52,35,36,50,25,40,38,20,23,48,21,40,47,54,49,23,51,58,47,59
216,60,48,45,23,35,34,34,39,39,44,50,36,38,50,22,49,40,26,24,51,24,46,46,47,49,25,40,55,55,57
217,62,45,47,22,29,39,36,39,46,40,47,37,30,52,23,43,43,25,26,48,29,47,41,52,51,28,44,50,51,59
218,63,47,45,26,25,34,38,44,37,43,53,46,33,51,25,46,42,23,25,51,22,49,47,48,49,19,45,50,48,57
219,61,44,44,22,34,38,34,41,40,45,54,37,31,51,31,47,34,18,26,54,19,49,49,50,50,22,47,56,51,52
220,64,48,44,24,40,34,31,42,37,42,51,42,35,53,23,44,39,25,19,54,18,47,44,49,46,27,43,53,52,61
221,64,46,45,24,31,30,35,39,40,50,47,40,38,51,26,42,37,22,21,53,21,46,44,54,53,22,46,57,53,54
222,59,49,46,24,40,34,36,38,38,45,48,41,34,49,22,45,43,22,23,53,28,46,44,52,49,17,48,52,45,61
223,64,44,43,26,31,40,38,37,45,43,53,39,32,50,25,48,48,20,19,55,23,44,49,49,48,23,45,47,49,54
224,58,45,43,28,29,35,41,40,40,48,46,39,36,50,21,42,40,24,21,49,23,49,47,51,54,23,47,57,48,57
225,58,50,43,25,29,37,36,41,42,50,45,35,29,52,28,45,41,27,23,55,26,48,48,49,51,16,47,49,56,50
226,66,49,45,23,34,38,34,38,42,40,47,40,32,53,26,44,39,27,28,55,19,52,49,48,47,26,43,50,47,50
227,61,46,42,19,33,35,38,40,43,50,40,41,31,55,33,49,42,30,19,44,21,50,42,49,49,22,47,57,46,57
228,61,46,48,27,30,38,39,34,41,39,54,33,27,52,25,41,41,20,25,50,23,42,50,50,57,23,51,55,51,58
229,56,44,51,32,28,32,36,43,43,46,51,36,31,46,23,50,41,25,20,53,24,49,39,52,45,21,49,56,50,59
230,63,49,46,24,31,36,36,41,41,46,47,42,25,51,27,44,42,23,26,49,19,45,44,55,49,26,41,57,52,54
231,61,41,47,22,33,32,35,41,37,45,52,37,41,52,24,48,40,22,22,53,27,49,50,48,48,18,43,52,51,60
232,63,48,52,32,24,40,37,39,37,42,45,38,40,52,20,49,45,23,20,53,22,44,50,52,48,17,48,54,47,50
233,61,46,42,25,35,35,36,40,41,41,52,32,34,55,22,40,43,23,23,54,25,46,51,51,51,25,45,51,53,53
234,64,48,45,29,32,35,38,36,44,42,53,34,31,56,25,47,33,25,23,48,19,43,42,54,50,25,50,53,47,60
235,63,45,47,30,29,35,38,38,44,47,47,41,33,52,21,45,52,17,22,54,17,51,44,45,44,29,43,56,49,53
236,61,50,46,18,36,30,34,37,42,47,47,39,32,55,21,43,47,21,24,56,27,45,48,48,46,19,38,54,56,64
237,62,47,44,22,32,30,39,42,43,43,47,44,30,49,20,49,42,23,25,54,24,44,42,53,48,22,48,53,52,58
238,57,47,45,21,30,36,37,43,48,40,50,39,31,55,27,47,43,23,21,46,24,51,48,51,50,16,44,54,48,59
239,65,43,43,28,34,38,40,35,41,47,51,36,32,52,24,46,47,21,26,51,23,45,46,46,50,17,45,54,49,56
240,64,49,47,23,32,42,35,43,39,39,50,35,34,51,29,50,36,23,26,50,18,41,43,56,54,23,41,50,54,54
241,59,42,49,26,34,41,31,36,42,49,54,33,33,45,26,46,39,18,28,52,24,47,49,51,52,24,39,52,53,57
242,60,42,41,24,34,34,39,41,35,39,47,39,36,55,26,51,44,25,21,46,20,50,45,50,47,28,49,53,50,60
243,62,50,41,24,29,33,39,43,45,42,52,37,30,54,23,39,44,26,21,53,24,44,45,50,50,22,48,54,49,58
244,61,47,46,27,36,41,35,43,43,43,47,41,33,54,20,42,41,24,19,55,19,42,49,50,51,22,45,50,48,57
245,67,43,41,29,37,33,38,34,40,41,53,40,36,48,24,43,37,23,28,51,26,54,46,48,47,24,41,57,48,54
246,65,47,40,24,35,32,34,36,45,48,49,35,34,52,29,47,34,28,24,53,22,38,43,57,48,20,45,54,55,58
247,63,44,45,25,33,34,43,34,42,41,53,42,32,53,24,41,43,27,26,51,22,42,46,49,48,23,44,55,45,61
248,60,50,45,24,36,38,37,41,35,44,51,42,33,48,21,45,40,25,22,47,25,48,43,53,49,28,47,49,52,53
249,64,43,47,24,35,42,36,33,44,44,59,37,28,54,29,46,41,22,18,52,26,46,47,53,46,23,43,46,49,54
250,63,45,45,24,27,29,38,37,44,48,50,37,40,45,26,46,44,25,28,49,25,48,48,53,48,22,44,51,48,54
251,67,45,46,25,34,33,33,42,37,41,50,37,33,51,23,44,49,22,21,53,20,48,48,53,44,21,49,53,51,58
252,65,48,46,26,31,30,38,39,43,36,49,43,42,53,25,42,44,26,19,52,23,48,44,46,51,21,47,47,50,57
253,61,41,46,25,34,34,31,35,40,47,49,39,37,58,24,47,44,21,26,48,27,51,39,50,50,25,47,48,54,53
254,61,46,43,24,36,38,42,39,36,47,47,37,31,57,19,44,42,25,29,49,20,52,45,52,48,28,41,53,51,49
255,62,51,46,29,32,39,40,36,43,46,51,40,28,48,24,45,41,20,23,52,21,41,44,48,49,27,40,53,52,60
256,60,48,47,30,31,35,42,33,39,47,54,39,35,48,27,42,37,22,22,54,24,45,48,50,53,19,43,54,50,53
257,62,44,47,31,27,31,43,37,39,44,54,35,28,52,28,45,41,21,26,49,23,48,41,48,51,20,50,60,51,55
258,63,51,42,27,33,28,33,41,43,45,50,39,37,57,30,43,37,23,19,48,24,47,45,50,47,22,47,54,49,57
259,64,43,44,23,37,34,41,45,40,41,52,40,31,52,18,49,43,20,23,49,23,49,46,52,46,23,48,47,49,59
260,65,47,39,23,30,36,37,43,41,45,47,40,31,46,24,46,40,25,17,59,19,47,49,50,52,22,45,57,54,55
261,59,46,41,23,32,33,38,36,46,43,50,35,36,51,26,46,42,27,22,55,25,50,42,49,46,21,43,58,55,55
262,57,46,44,22,34,37,40,45,39,40,48,39,34,51,26,46,43,26,24,53,23,44,45,56,45,21,45,47,53,58
263,63,42,48,24,39,39,45,37,34,40,53,37,37,48,23,45,41,27,26,50,24,44,47,46,46,26,47,53,48,52
264,61,44,48,26,36,39,34,35,43,47,51,40,34,53,24,44,44,20,18,55,18,44,44,51,50,25,45,46,50,62
265,65,48,43,24,28,39,44,41,38,47,51,38,36,56,20,46,44,19,26,46,22,46,45,51,52,17,51,49,46,53
266,58,47,50,25,33,32,42,37,40,44,47,35,29,53,23,46,42,25,24,52,25,40,48,52,54,22,42,55,52,57
267,60,41,50,31,29,38,37,37,41,46,49,36,38,56,27,48,39,24,22,47,25,44,44,48,49,17,49,57,48,54
268,61,45,44,22,36,37,39,42,42,43,49,38,31,53,19,48,39,30,25,50,22,43,45,52,54,17,47,52,46,60
269,59,50,45,22,32,32,34,42,40,47,48,39,33,51,29,49,39,23,20,51,18,49,44,52,50,23,44,51,56,59
270,65,46,45,27,31,29,37,39,43,39,54,40,25,48,24,45,42,27,27,52,19,48,44,47,53,24,43,53,54,61
271,63,46,40,26,35,29,37,41,41,50,52,39,35,49,22,46,42,29,25,57,19,46,50,49,47,20,44,48,50,54
272,68,49,47,22,34,38,35,42,48,40,48,33,33,47,24,43,41,24,24,51,22,46,43,53,46,22,44,52,50,62
273,63,52,42,22,32,36,34,39,44,44,45,39,28,47,27,52,40,24,26,56,18,48,44,51,52,26,48,50,49,53
274,62,46,47,21,35,34,39,36,37,48,50,40,34,51,25,43,42,20,23,54,25,42,50,51,49,22,46,52,52,55
275,63,37,47,21,32,40,33,37,42,41,47,40,40,49,24,44,40,23,25,52,24,48,48,56,49,19,47,54,52,57
276,62,43,44,33,34,30,39,36,43,42,48,41,36,48,26,50,43,24,23,50,18,48,49,51,50,19,49,54,47,51
277,62,45,47,27,39,34,33,32,42,43,54,39,33,51,21,46,40,23,23,57,29,45,46,49,56,24,47,49,43,52
278,63,57,44,26,31,36,35,40,40,48,45,40,33,51,24,48,43,24,17,54,22,46,46,49,49,25,44,51,48,52
279,64,41,44,27,36,35,44,35,41,39,45,41,37,52,29,44,47,21,21,50,22,46,42,47,54,19,48,50,52,58
280,65,49,46,24,33,35,39,40,40,46,47,38,31,47,27,35,46,22,21,59,24,43,49,52,44,18,42,55,53,61
281,60,48,47,22,26,37,38,38,42,43,50,37,30,48,30,49,40,27,16,52,22,54,47,54,46,23,48,50,51,56
282,59,52,46,25,36,37,33,39,46,44,51,36,32,47,20,42,39,23,23,54,19,50,44,53,49,25,47,53,53,54
283,63,50,45,22,34,31,34,45,43,43,48,40,31,52,30,51,46,25,23,48,24,45,42,53,51,22,45,45,47,53
284,61,45,50,25,33,31,40,49,41,45,51,40,35,49,17,48,43,22,24,55,20,47,42,46,46,23,42,54,48,59
285,62,48,43,27,36,38,36,34,37,46,53,39,41,52,21,45,41,30,21,49,30,45,42,55,49,23,41,46,45,56
286,60,42,45,29,35,36,34,41,46,41,49,33,33,58,26,46,36,23,26,54,26,50,44,50,46,20,49,50,45,58
287,65,46,39,25,27,36,34,40,38,45,52,38,35,52,24,47,39,28,18,57,25,51,44,51,47,27,44,56,46,55
288,60,48,46,24,33,33,40,40,46,45,47,38,33,52,20,45,43,25,21,52,25,41,47,52,49,25,45,53,49,54
289,65,45,48,22,34,37,35,35,46,40,47,37,33,52,21,44,47,25,22,56,21,45,43,51,53,22,45,53,47,60
290,60,43,47,23,31,32,40,39,41,46,54,33,25,57,29,46,43,23,23,57,24,45,43,50,46,21,47,57,47,59
291,64,48,47,23,37,33,39,39,43,35,48,43,34,45,24,46,44,27,20,55,22,44,49,52,47,21,45,50,49,58
292,63,48,41,26,32,42,37,35,44,45,44,37,29,46,20,51,42,22,23,51,22,49,48,52,47,21,48,55,50,61
293,58,44,47,26,32,37,37,40,40,36,55,37,36,52,30,49,42,18,21,55,27,48,45,50,49,22,47,48,52,51
294,57,46,48,26,32,37,40,36,38,46,55,34,28,53,25,43,43,24,20,47,31,45,43,53,51,25,48,52,56,49
295,60,45,47,30,33,35,35,41,36,50,50,39,37,56,26,44,50,19,21,50,17,48,39,54,49,29,44,49,51,47
296,59,53,45,30,29,34,37,35,42,43,48,40,36,54,23,44,41,25,21,46,25,46,48,54,49,22,44,52,53,53
297,63,53,43,26,42,36,34,34,39,40,53,38,30,54,29,42,39,26,25,49,24,41,45,54,50,26,40,49,50,57
298,64,49,46,26,33,33,29,40,39,45,48,42,30,54,28,46,44,21,28,55,21,48,40,50,51,17,48,50,49,57
299,57,43,48,29,34,30,31,44,48,42,52,37,34,49,28,47,36,27,28,52,24,37,44,51,51,21,41,56,51,59
300,64,45,50,19,37,32,37,41,44,43,48,40,30,49,27,45,41,28,23,50,21,45,42,54,43,21,47,59,47,59
301,62,52,46,26,37,29,36,31,41,44,47,43,29,55,35,47,44,24,18,52,18,47,46,49,53,19,45,57,48,51
302,61,46,46,25,29,40,33,38,42,47,48,38,37,50,21,47,39,21,22,52,27,43,40,52,53,23,49,55,52,55
303,60,47,45,27,30,39,35,39,38,43,47,32,37,52,25,43,44,23,20,49,28,47,47,49,53,24,45,54,53,56
304,62,50,44,28,36,30,39,35,36,45,54,40,35,52,21,47,37,23,21,50,27,47,42,52,47,22,47,55,49,58
305,63,46,45,22,38,32,40,36,35,44,53,37,32,53,24,45,44,22,24,50,20,45,49,49,50,25,47,58,50,53
306,64,46,49,22,33,36,42,41,48,40,49,38,27,47,20,43,42,25,22,51,26,47,50,48,45,25,46,52,53,54
307,62,46,51,22,38,34,34,36,42,44,53,38,38,50,25,43,42,29,24,52,21,46,43,52,44,21,49,50,48,54
308,65,45,39,25,41,28,38,36,40,47,48,42,31,49,27,45,43,19,23,54,24,45,47,54,49,24,45,51,51,56
309,60,48,46,28,36,34,42,39,44,47,51,37,28,55,20,44,48,17,20,51,26,48,45,49,50,21,46,48,47,56
310,67,47,46,26,36,40,37,39,37,43,44,38,30,51,28,38,46,22,22,52,21,44,40,49,53,21,47,52,51,64
311,57,44,47,24,30,37,39,33,41,37,49,40,39,53,28,44,42,20,30,47,22,42,49,48,52,24,41,57,56,59
312,66,48,48,26,32,36,34,36,37,48,51,41,37,50,21,45,40,22,21,53,24,48,42,52,51,22,45,50,53,52
313,61,52,40,26,30,37,39,42,39,43,43,38,35,59,21,45,47,22,24,50,22,49,42,49,50,24,44,50,53,55
314,63,50,45,28,29,38,39,37,44,47,48,34,35,50,28,48,41,26,22,52,22,46,44,50,44,26,41,48,50,56
315,66,48,45,25,23,32,38,39,39,42,47,37,38,48,25,45,45,24,25,58,23,46,45,48,51,26,44,48,51,60
316,67,48,43,21,28,37,36,43,41,47,53,35,29,57,24,48,45,22,26,52,26,51,46,42,48,17,46,44,53,56
317,64,48,47,22,35,38,37,37,43,44,56,40,30,52,26,43,44,25,19,56,19,45,44,47,47,20,50,51,48,54
318,62,48,42,21,34,31,37,40,41,44,53,37,37,51,22,45,41,26,17,48,22,42,51,50,54,27,45,51,49,63
319,66,51,42,27,29,41,37,35,42,42,55,41,34,51,23,47,45,29,20,45,22,44,40,52,47,23,43,48,50,60
320,57,43,43,25,32,36,39,35,41,39,50,40,36,55,21,41,46,28,26,51,27,43,49,53,48,24,47,48,46,62
321,64,46,43,26,36,37,38,42,43,45,49,34,35,51,23,45,45,28,27,52,22,45,47,49,50,16,44,50,44,55
322,61,51,49,25,34,35,36,32,41,44,47,48,30,50,28,40,50,22,19,50,23,44,40,53,48,23,48,54,52,54
323,62,47,54,22,31,39,40,34,44,44,48,33,31,54,24,38,37,22,26,49,27,47,50,53,50,27,42,49,50,57
324,61,50,44,18,37,34,40,37,44,42,49,41,33,52,23,49,46,24,22,49,23,48,44,51,49,25,40,51,54,51
325,57,46,47,22,34,32,41,43,39,43,48,34,36,54,23,49,42,30,27,52,23,43,46,48,48,24,47,46,51,56
326,60,48,48,23,29,33,38,42,43,44,49,36,33,50,25,46,39,23,22,50,29,50,44,52,42,17,47,55,51,63
327,63,50,43,25,28,37,40,39,42,40,46,45,36,52,25,40,38,18,25,55,25,49,49,51,50,21,39,51,51,58
328,63,46,48,22,39,35,40,39,40,40,49,38,35,50,31,50,42,27,15,45,29,42,45,53,49,25,44,48,50,52
329,64,49,47,26,28,40,37,37,40,48,49,42,29,54,29,44,41,24,20,50,25,48,47,45,54,20,43,52,48,51
330,63,49,47,19,31,37,37,41,45,48,45,40,27,54,24,43,40,30,22,48,23,44,43,55,51,24,50,45,49,57
331,66,49,39,21,39,33,38,39,45,44,46,43,35,49,26,41,44,26,25,53,21,41,39,49,53,20,44,56,49,58
332,60,48,48,26,24,36,39,44,40,49,46,37,31,52,28,45,43,22,18,57,23,39,44,51,54,21,48,52,48,58
333,65,54,43,22,30,35,32,35,43,44,49,35,31,53,24,47,39,24,28,49,23,48,43,56,49,21,47,56,50,56
334,62,49,50,25,36,35,34,41,44,38,47,40,28,57,27,44,38,27,24,57,25,47,39,52,50,17,45,48,51,54
335,68,48,46,29,34,38,29,34,43,42,49,36,33,48,22,45,43,22,28,50,24,48,43,53,49,21,43,53,50,60
336,63,47,45,28,35,37,36,31,36,43,50,37,37,49,26,35,42,28,19,57,29,43,43,56,50,20,51,51,54,53
337,65,45,46,22,35,38,34,38,37,39,49,42,38,53,25,48,44,30,23,56,21,47,40,51,48,25,42,48,46,56
338,62,48,50,24,30,35,37,36,43,41,57,36,33,42,22,47,45,26,24,52,25,47,39,51,49,26,47,52,53,52
339,68,47,42,24,36,35,32,36,41,44,52,36,31,49,27,44,42,20,27,53,20,49,44,54,49,24,43,57,52,53
340,65,46,50,24,38,36,39,42,37,46,50,34,33,51,25,41,43,23,21,52,24,42,43,47,51,26,42,58,50,52
341,63,43,44,28,37,33,42,36,46,34,52,40,31,54,26,48,44,18,25,50,21,46,45,45,48,21,48,50,55,58
342,61,50,41,23,32,36,35,39,46,48,51,42,32,53,24,40,41,21,28,47,19,48,45,53,47,23,46,55,45,60
343,66,49,39,26,34,37,37,40,45,45,47,41,30,53,32,43,40,24,23,55,22,43,41,50,50,20,44,49,49,57
344,64,50,47,25,39,31,37,40,39,46,50,38,34,50,23,43,38,21,19,54,19,47,45,52,47,23,47,50,55,58
345,57,50,50,22,35,39,35,37,42,44,48,41,33,55,22,46,38,21,22,53,23,48,51,51,45,21,46,50,49,57
346,64,46,39,23,33,32,44,42,44,41,52,39,28,53,26,41,48,27,19,53,23,43,41,54,51,24,49,56,46,50
347,62,54,40,21,30,36,39,40,43,42,52,44,36,50,26,44,43,26,21,47,19,46,47,53,48,23,45,50,53,51
348,59,45,43,26,29,31,41,37,37,47,47,41,35,53,25,47,42,23,23,52,22,49,45,47,51,25,46,52,55,56
349,66,49,50,24,35,31,40,44,36,40,47,41,31,53,23,44,46,18,23,51,28,45,47,49,51,25,49,42,49,54
350,60,48,46,22,41,36,38,39,40,41,51,34,38,51,25,50,40,25,25,52,17,39,42,51,52,23,44,53,52,56
351,63,52,46,30,37,36,42,44,40,44,48,36,30,49,27,43,46,20,23,42,20,48,46,52,48,22,41,50,47,59
352,59,44,46,24,32,30,35,43,44,47,46,35,34,56,26,48,32,29,22,55,22,46,53,48,52,24,44,51,48,56
353,57,47,48,24,37,31,34,38,40,43,53,38,36,46,29,48,41,22,18,55,22,46,53,52,48,27,45,48,50,55
354,60,49,50,27,33,37,37,39,45,41,56,36,26,52,25,49,44,18,25,51,21,45,49,52,50,22,42,45,51,54
355,61,50,48,29,30,38,36,37,45,47,50,35,37,58,19,44,39,24,23,56,21,43,42,50,49,24,43,52,43,58
356,61,50,41,22,35,35,39,39,39,42,51,37,35,53,28,48,43,20,21,52,20,46,41,49,47,24,48,57,52,56
357,63,46,49,25,31,36,38,41,40,45,49,40,24,46,28,44,47,25,17,53,22,52,40,54,47,23,44,54,52,56
358,64,44,43,27,33,30,40,40,42,45,46,36,33,52,21,52,48,28,21,51,25,43,48,48,48,21,46,50,49,57
359,61,46,47,29,37,36,37,38,42,41,48,40,31,53,29,44,41,23,21,50,19,50,43,47,56,27,44,51,47,53
360,62,39,51,25,37,38,39,38,44,42,49,36,31,47,22,49,40,23,24,47,21,52,46,54,48,22,43,53,54,55
361,60,48,52,27,34,35,31,37,40,44,45,38,38,53,25,46,42,25,19,49,21,48,41,51,49,29,47,52,52,53
362,57,44,49,27,33,31,41,42,38,45,52,37,27,52,30,45,48,21,22,49,24,43,43,56,52,22,49,47,47,58
363,61,47,49,25,34,34,32,42,46,41,51,37,38,54,24,41,38,21,23,54,24,43,45,49,51,19,45,52,52,59
364,64,42,40,28,34,35,33,37,46,41,47,42,38,52,22,43,38,19,30,54,28,49,47,51,46,22,46,49,49,59
365,68,47,45,22,34,37,36,38,42,46,47,40,30,50,27,45,40,29,17,55,23,47,49,51,51,24,41,53,51,46
366,63,48,44,25,27,37,38,35,44,48,45,36,31,51,23,48,45,22,23,50,22,43,46,52,52,26,46,52,46,63
367,63,48,48,19,36,33,38,50,38,45,48,41,30,48,27,45,41,24,23,54,25,49,39,52,45,20,44,55,48,55
368,63,49,52,21,35,32,34,34,47,36,44,39,34,46,25,46,43,25,26,54,22,55,45,54,46,22,42,49,51,60
369,62,48,40,24,35,33,40,34,44,40,48,33,36,47,28,44,36,30,24,55,26,47,43,55,46,21,44,54,57,57
370,62,50,44,26,34,32,44,38,43,46,43,36,33,53,23,44,40,20,22,54,19,47,48,49,53,26,45,55,44,58
371,63,48,45,22,40,35,40,43,42,37,51,40,36,48,27,41,35,26,23,50,18,43,44,54,51,23,46,50,48,62
372,62,50,43,25,33,39,40,41,44,45,48,34,36,47,24,49,42,25,19,51,25,45,49,52,48,25,42,51,46,51
373,64,44,46,25,34,38,36,36,39,41,52,36,37,52,27,43,39,32,22,48,28,48,41,54,44,19,49,57,46,54
374,60,41,49,25,30,33,41,39,41,48,47,41,30,51,29,48,42,24,23,52,26,46,41,53,47,17,48,52,51,56
375,63,50,46,27,26,35,43,39,43,48,47,34,32,53,23,40,43,19,19,51,25,46,47,57,47,24,43,56,46,59
376,64,42,46,21,35,36,38,43,39,43,47,39,35,51,22,43,42,24,21,47,24,50,48,51,49,23,53,56,46,53
377,63,45,47,22,34,38,36,40,45,44,46,39,34,54,23,44,40,29,25,47,21,47,49,50,49,20,45,55,46,54
378,60,47,45,30,34,43,45,42,37,47,51,31,37,52,24,37,42,27,22,52,18,44,45,50,45,19,43,54,51,57
379,60,43,41,25,34,36,34,43,41,46,51,39,27,53,25,45,44,19,23,53,24,46,48,50,50,22,45,56,50,58
380,63,47,53,21,38,34,37,41,42,43,51,38,33,52,26,45,37,23,22,50,21,49,41,47,54,24,46,49,50,54
381,61,48,44,22,31,34,35,43,41,42,53,44,33,52,21,49,42,19,29,55,24,51,42,47,51,22,40,51,51,54
382,60,46,46,23,36,37,34,37,39,45,51,33,27,52,24,45,47,23,25,51,25,48,49,55,50,25,42,51,52,53
383,61,51,45,29,27,37,33,39,42,54,52,37,37,50,23,43,43,20,27,52,18,44,48,48,49,27,40,53,50,52
384,61,53,41,20,36,35,39,41,41,44,46,43,27,48,29,49,37,29,23,49,22,45,45,49,52,22,52,49,49,55
385,63,47,46,23,31,32,34,40,33,45,50,45,36,57,23,49,40,18,28,55,20,44,44,51,52,26,48,48,49,54
386,64,49,46,26,30,33,40,29,40,42,50,37,34,57,27,50,37,26,22,51,28,44,45,49,53,22,45,57,42,56
387,65,43,52,27,31,29,36,34,40,42,50,41,39,57,24,45,39,23,20,53,18,45,55,51,52,20,47,51,48,54
388,63,42,46,22,34,39,33,45,37,45,49,41,33,54,28,46,46,21,25,49,24,46,48,48,48,21,45,50,48,55
389,55,43,41,23,28,37,43,41,41,44,44,44,31,48,24,49,40,30,22,56,28,49,47,57,51,23,39,52,48,53
390,67,52,46,25,30,35,35,44,43,39,47,42,35,52,26,45,42,25,20,48,23,48,48,49,46,20,48,47,53,51
391,63,42,44,30,42,36,41,35,44,41,50,38,27,52,25,42,39,25,21,52,17,42,47,51,52,26,46,54,50,57
392,61,42,48,21,33,42,40,33,41,44,47,39,30,54,31,45,39,21,22,53,19,42,48,48,52,25,47,58,49,57
393,68,49,43,26,31,37,35,42,42,49,50,40,26,53,25,49,38,24,20,53,27,48,42,50,44,19,47,53,50,51
394,63,50,48,27,39,37,38,34,39,43,52,38,33,54,24,40,41,20,23,50,20,44,48,52,49,20,48,52,51,54
395,59,44,43,28,28,35,37,38,37,51,51,42,33,53,28,44,37,31,19,53,24,44,48,53,48,27,45,45,53,53
396,58,47,45,23,31,37,45,43,37,45,46,39,30,48,23,47,41,29,21,53,21,43,46,55,51,28,39,55,55,50
397,65,43,39,25,29,38,40,39,46,45,49,35,34,57,28,47,43,24,24,43,23,41,45,57,57,20,49,50,45,51
398,59,48,46,26,33,37,37,42,39,41,47,49,29,45,23,48,42,20,22,50,24,51,44,53,53,31,39,46,48,59
399,61,51,48,22,29,29,38,34,45,41,48,40,38,52,21,43,41,25,23,50,24,54,48,50,49,23,42,52,51,59
400,59,44,49,22,37,33,35,35,42,38,56,44,34,43,31,48,42,23,25,48,23,47,46,57,47,23,40,52,47,61
401,65,46,43,23,29,32,37,42,44,42,56,37,32,56,24,46,45,24,24,49,21,44,46,50,46,23,49,49,51,56
402,59,46,50,25,29,36,35,42,44,49,47,41,35,51,28,49,43,24,15,54,25,47,45,51,50,18,41,49,47,56
403,66,46,46,23,33,36,46,35,41,47,53,38,33,52,24,46,40,21,24,53,22,51,48,44,48,20,47,46,45,57
404,59,41,47,26,33,33,32,39,42,45,50,34,36,51,22,40,40,24,24,51,28,44,47,54,53,24,44,55,54,59
405,57,42,47,20,29,24,39,39,40,45,52,39,39,45,27,44,36,26,25,55,22,51,42,54,50,28,47,58,52,57
406,61,43,45,25,30,41,38,40,43,44,52,36,35,55,26,46,40,22,23,50,24,45,45,49,52,18,46,52,51,54
407,64,47,50,22,28,36,41,36,40,43,42,40,34,53,32,47,39,23,20,53,21,47,41,51,55,21,42,52,52,59
408,62,48,42,22,33,33,42,37,35,51,50,38,41,53,25,42,45,20,22,54,19,47,44,54,50,25,43,46,49,59
409,63,46,44,29,34,32,39,37,35,43,46,42,31,50,30,44,44,30,24,49,29,49,42,53,54,17,44,48,50,53
410,60,45,51,27,32,32,35,35,41,50,49,38,36,53,28,39,39,24,26,56,18,45,48,51,49,22,46,52,54,50
411,66,49,45,29,30,36,43,37,44,37,50,39,29,48,22,44,36,24,26,51,21,47,48,50,52,22,42,55,53,56
412,64,43,44,19,32,39,29,39,38,39,48,39,41,54,32,48,41,28,25,52,18,45,49,46,55,24,42,49,50,59
413,62,47,52,25,32,33,39,35,35,43,53,40,32,55,26,43,45,24,25,54,18,48,46,53,47,17,48,45,51,58
414,61,47,47,29,37,29,36,40,38,43,53,38,34,52,21,45,43,18,25,49,20,53,49,50,49,23,46,51,49,56
415,60,47,45,23,37,37,41,42,42,43,51,38,30,53,22,39,40,22,31,54,24,46,49,50,45,23,41,52,49,55
416,59,47,57,28,37,30,31,41,44,46,48,36,35,52,25,42,47,23,25,49,22,44,47,42,45,22,46,54,46,61
417,62,45,44,22,29,33,37,38,47,48,52,41,35,49,25,39,44,26,23,50,24,52,44,48,51,20,46,51,47,59
418,64,52,41,25,25,37,34,41,45,47,52,38,36,49,25,48,38,28,18,56,21,47,44,49,47,25,44,50,52,53
419,62,48,50,22,27,36,36,37,43,42,50,36,30,55,33,52,35,26,22,50,21,42,42,52,49,23,44,55,50,61
420,64,49,47,23,28,36,34,40,43,48,55,38,31,51,24,47,37,25,22,53,18,42,48,54,52,18,44,51,53,56
421,68,45,50,20,34,35,40,40,37,38,47,40,31,55,21,46,47,25,18,48,22,47,46,50,49,21,50,50,53,58
422,60,47,45,27,32,39,35,44,37,46,46,36,32,54,27,47,39,26,15,54,23,49,43,51,47,22,47,54,50,57
423,63,43,48,27,38,27,32,39,38,40,50,38,35,53,32,44,39,23,18,55,28,44,39,51,51,24,47,60,51,54
424,64,43,48,26,38,34,33,34,39,43,48,39,33,56,24,47,46,23,23,52,27,43,43,56,49,23,47,52,47,51
425,61,49,36,23,35,37,40,37,44,45,50,33,31,48,24,44,36,20,33,54,23,51,50,58,52,19,44,51,48,55
426,61,48,46,27,35,37,38,34,46,43,51,41,33,49,26,44,40,27,19,55,25,44,42,53,47,23,40,59,46,52
427,61,45,55,23,30,32,43,38,44,40,52,36,35,53,21,44,40,28,19,56,23,46,42,51,46,23,44,56,50,55
428,61,48,51,24,30,33,37,37,36,45,51,39,31,55,23,50,44,19,23,56,25,43,45,45,49,22,46,51,53,59
429,60,46,49,28,28,41,38,35,45,44,49,37,32,54,24,46,40,23,23,57,26,47,45,53,45,19,41,51,50,55
430,66,43,51,27,37,33,41,30,35,43,46,41,35,47,27,41,42,24,26,55,26,38,44,50,52,22,48,53,50,58
431,65,44,44,26,25,34,40,37,41,43,47,45,35,52,26,45,42,27,24,47,22,47,44,53,50,22,50,49,49,56
432,59,47,48,21,31,35,39,35,40,46,50,34,32,53,28,46,43,25,22,47,22,47,46,49,52,23,50,53,52,56
433,63,48,42,26,34,36,38,35,43,45,51,40,37,55,24,44,45,21,25,54,25,45,47,48,48,20,42,42,53,55
434,57,46,50,27,31,40,37,40,39,51,48,32,32,53,26,46,48,23,23,52,22,46,46,48,50,17,48,50,47,56
435,59,44,45,25,41,29,39,43,40,45,51,40,30,51,21,46,40,19,26,48,27,48,54,50,50,21,42,51,55,51
436,59,46,51,25,32,37,45,36,41,42,54,37,34,51,23,48,41,20,21,49,24,45,43,49,49,23,44,53,50,59
437,64,46,50,24,31,35,37,41,42,45,45,37,37,53,22,43,39,25,18,53,16,50,50,48,48,28,41,54,49,60
438,63,38,48,23,30,34,35,37,45,48,53,39,37,57,25,44,38,28,24,53,23,47,39,55,49,25,39,54,51,50
439,65,42,45,19,33,34,40,38,45,45,51,29,39,50,25,49,36,25,17,55,24,48,41,52,49,22,46,56,52,59
440,61,52,43,28,29,39,42,39,40,49,49,34,37,50,30,43,36,21,23,53,17,41,48,50,55,20,42,50,50,60
441,60,50,46,24,30,40,33,43,39,48,47,37,33,53,23,46,43,21,21,57,27,50,46,51,49,18,45,54,48,49
442,62,50,47,26,30,28,37,34,41,47,57,32,32,55,20,38,43,24,26,54,24,45,41,56,48,23,49,54,51,57
443,55,46,46,23,43,39,37,39,43,47,50,38,38,52,21,39,43,20,21,48,21,45,46,58,52,20,39,56,51,55
444,63,49,45,26,32,37,37,34,38,50,52,39,30,53,21,43,44,19,23,55,19,47,46,52,53,22,41,53,51,57
445,61,48,47,20,34,38,38,40,40,46,49,41,31,50,20,46,40,28,22,56,21,42,43,55,44,21,49,49,49,63
446,64,46,45,18,36,34,36,36,39,47,54,40,32,52,26,43,39,26,23,53,26,53,45,42,48,23,40,57,55,53
447,62,49,46,25,36,33,35,42,45,44,50,38,32,49,20,43,44,24,18,56,25,45,45,50,48,25,43,51,49,59
448,60,45,44,23,35,35,37,40,42,45,49,42,35,48,24,43,41,19,20,53,23,49,50,47,51,25,43,51,53,59
449,62,48,50,31,26,35,40,46,43,45,54,39,30,54,25,45,44,21,19,53,19,46,43,49,50,19,47,48,53,47
450,64,43,41,29,32,34,42,29,41,41,49,42,34,49,26,46,39,19,27,51,25,51,42,53,49,19,46,57,57,54
451,67,39,46,26,37,34,35,42,42,50,48,34,30,52,25,47,42,29,18,51,24,47,46,50,50,21,43,51,46,59
452,67,50,46,21,37,39,33,45,38,46,43,38,26,51,23,45,40,26,22,48,23,49,48,46,52,27,40,54,54,54
453,61,46,51,23,29,32,37,40,42,43,48,38,33,58,26,46,43,28,22,51,25,49,40,44,47,26,47,55,49,52
454,59,43,49,22,35,34,43,35,44,41,53,32,34,51,31,43,47,24,18,51,23,46,46,48,52,20,43,57,47,60
455,61,47,52,23,38,42,36,39,43,41,54,35,28,52,24,43,38,27,19,47,20,46,44,59,48,22,47,52,49,55
456,64,49,49,29,39,38,35,36,44,39,46,37,30,47,21,47,43,27,26,53,20,47,52,47,48,19,47,53,45,54
457,61,47,45,28,37,38,38,35,36,45,53,43,32,48,23,46,38,23,21,50,25,47,44,53,50,24,43,57,50,51
458,61,45,47,29,33,33,33,35,44,39,54,38,37,54,25,42,45,29,23,52,21,46,41,51,50,19,47,47,50,61
459,62,49,43,23,33,36,31,35,39,47,56,39,31,53,20,46,41,24,29,56,26,49,42,51,48,23,45,48,51,55
460,67,46,42,27,38,37,35,41,35,48,44,41,32,52,22,45,41,21,22,56,25,46,39,55,50,19,44,54,51,56
461,61,51,46,24,31,35,39,36,40,46,52,40,33,53,21,43,37,29,23,52,29,41,44,54,48,22,48,50,53,50
462,60,46,47,23,36,31,34,39,45,36,51,41,38,53,26,45,44,31,25,51,19,47,45,47,45,18,46,55,49,58
463,63,41,46,26,29,32,43,34,45,48,52,41,30,48,25,48,40,22,23,56,24,49,48,48,51,23,42,48,49,57
464,64,49,45,22,34,35,33,37,40,41,44,37,32,51,26,48,42,22,22,50,26,46,45,54,50,22,51,52,53,58
465,62,53,43,24,35,36,38,47,43,39,49,37,33,55,23,43,39,18,31,49,25,44,43,49,45,23,46,51,51,57
466,62,46,47,24,31,34,41,42,38,40,49,39,36,55,20,47,38,28,25,51,26,49,47,55,51,20,38,52,45,55
467,62,46,52,24,30,41,33,41,38,49,54,37,32,52,21,46,42,27,24,54,20,42,42,53,46,25,47,51,50,50
468,58,43,46,22,38,36,39,42,45,46,53,35,29,54,24,42,43,24,23,56,23,45,47,51,51,15,43,54,49,55
469,63,48,41,21,31,40,36,44,34,45,45,37,31,52,24,42,40,26,27,55,22,53,50,53,46,26,42,48,51,58
470,60,52,41,26,39,36,45,39,43,39,45,37,33,46,22,48,41,26,22,55,25,46,49,49,46,22,42,50,45,62
471,58,47,46,21,29,35,40,45,35,42,49,40,33,51,28,48,40,26,23,53,21,51,41,53,44,23,42,51,54,62
472,59,46,47,26,39,37,31,40,40,40,49,34,33,50,21,48,42,21,22,53,28,46,46,51,48,27,39,57,51,60
473,63,44,50,26,39,32,39,40,38,41,48,40,30,55,24,43,38,25,25,52,15,48,42,52,54,26,44,50,50,58
474,63,41,42,24,35,41,34,40,38,44,51,35,30,50,20,43,47,23,22,51,28,46,49,54,49,28,46,48,52,57
475,61,43,44,23,35,38,35,37,41,50,55,36,37,54,18,47,43,21,22,48,23,47,38,50,48,24,47,55,51,60
476,63,46,50,20,39,37,35,40,45,40,46,44,32,53,23,43,39,24,22,54,21,47,42,52,50,25,42,50,51,56
477,63,48,40,26,34,34,41,36,42,39,46,42,34,49,30,50,33,27,26,50,20,50,43,47,46,22,44,54,55,60
478,58,51,46,23,31,32,37,36,46,41,50,40,31,52,26,48,43,22,22,51,21,53,51,51,44,21,48,54,51,51
479,55,54,52,22,27,37,35,41,43,43,51,41,29,51,24,43,41,25,20,52,22,46,46,47,49,22,45,57,54,57
480,62,43,45,22,33,34,41,36,37,49,48,39,34,44,28,44,41,23,23,55,27,47,45,48,51,19,48,51,53,61
481,60,46,42,19,33,37,31,43,39,48,50,40,29,54,25,45,41,25,24,51,24,47,44,48,53,26,48,50,49,60
482,63,46,49,23,31,35,34,38,38,47,55,35,29,52,25,47,48,24,23,54,24,45,46,45,46,20,47,52,55,55
483,61,47,45,25,30,38,34,42,38,48,46,36,26,56,24,48,46,23,24,54,27,49,45,50,46,25,41,56,48,53
484,61,48,50,27,25,37,40,45,40,40,48,38,30,47,25,45,43,25,24,52,18,46,46,50,55,24,46,47,53,56
485,62,48,47,27,36,33,41,36,41,42,50,47,34,53,19,43,40,22,18,51,23,47,42,54,54,22,45,54,44,56
486,61,45,44,29,36,36,36,38,42,42,45,41,36,53,21,40,43,17,20,50,25,50,46,51,49,22,43,56,55,59
487,62,45,44,25,35,33,34,34,39,47,44,38,34,55,29,45,41,31,19,52,20,48,48,56,49,21,48,49,46,60
488,62,53,42,25,30,36,42,35,35,48,49,41,31,51,21,52,42,23,21,48,27,49,51,49,48,20,43,50,47,60
489,61,47,51,26,29,37,35,40,41,42,51,37,28,51,22,50,44,28,25,51,27,48,37,55,45,23,46,52,46,56
490,65,43,45,25,30,34,38,39,42,39,49,40,35,52,29,46,44,25,24,46,22,46,48,46,52,25,46,56,50,50
491,65,42,49,25,37,31,34,45,39,41,48,39,33,53,34,47,29,25,22,52,21,44,39,58,47,20,47,53,52,60
492,61,44,49,26,31,37,36,37,45,45,48,38,36,47,25,49,42,28,22,55,21,48,43,50,49,25,41,52,42,59
493,66,41,45,25,30,37,40,36,47,40,48,38,34,54,19,43,39,28,22,47,27,47,45,51,54,26,44,53,52,53
494,65,49,46,24,37,36,39,36,37,47,52,39,29,48,29,38,39,21,23,54,20,44,43,53,53,23,43,58,48,58
495,61,42,44,23,37,32,42,35,48,46,51,37,35,54,24,47,40,26,23,49,20,37,46,55,50,24,44,50,50,59
496,63,46,48,25,28,37,36,38,41,40,51,39,31,50,24,44,39,28,26,54,26,51,42,47,53,16,46,53,49,60
497,63,45,48,29,29,35,35,36,43,40,47,40,35,51,25,42,46,29,22,48,23,47,51,49,47,17,43,53,53,60
498,62,45,48,23,41,35,38,36,39,41,54,36,36,50,20,47,38,24,19,52,25,49,41,53,50,25,42,54,52,56
499,59,48,45,26,30,36,35,39,43,44,43,37,40,55,22,44,40,20,20,55,23,50,49,52,47,20,47,51,53,58
500,62,44,44,24,32,37,40,36,35,47,50,36,37,52,30,39,40,26,26,49,26,45,49,52,53,18,44,53,49,56
501,59,37,42,31,33,28,41,46,42,41,51,33,36,53,27,44,47,22,21,54,20,49,43,56,50,22,44,50,49,60
502,68,42,44,26,33,37,37,37,39,39,51,37,38,49,30,43,41,23,26,51,23,52,47,47,50,22,42,47,51,59
503,60,48,47,23,33,30,38,43,39,47,45,35,36,51,28,40,47,23,28,48,22,40,50,57,49,21,48,51,49,55
504,64,50,48,22,30,37,37,41,44,45,45,42,30,46,27,47,37,23,27,52,24,47,47,49,44,20,43,53,53,57
505,58,47,42,23,35,30,40,46,41,44,54,35,36,49,31,43,42,26,20,52,19,51,42,52,47,30,47,48,51,50
506,61,47,46,25,28,34,32,38,41,43,51,39,35,59,27,46,49,20,23,55,20,45,46,50,47,18,44,49,53,60
507,56,44,53,29,28,37,36,35,41,36,53,42,39,46,25,46,39,23,26,53,25,47,46,47,46,23,43,50,55,62
508,64,48,44,21,35,36,38,33,41,40,50,40,31,53,28,46,45,23,26,47,27,51,48,45,49,21,49,49,47,56
509,56,47,46,19,33,36,40,39,46,48,48,36,34,52,27,50,40,28,20,55,21,41,50,48,49,19,53,49,48,53
510,58,48,53,25,31,34,33,42,47,44,46,40,29,54,25,46,43,23,16,54,17,49,47,49,45,29,45,53,48,58
511,59,44,45,27,33,38,37,41,39,46,51,36,37,57,23,40,39,22,25,50,28,44,46,54,48,21,47,51,49,54
512,63,46,47,20,35,33,42,39,41,44,51,37,37,53,23,42,40,23,25,55,27,40,47,49,45,24,51,50,47,55
513,65,44,40,22,36,30,40,37,35,43,51,40,36,55,27,52,39,27,25,52,23,44,45,48,51,20,54,47,46,57
514,63,44,50,27,26,40,44,39,45,43,52,38,34,53,28,43,42,20,20,53,24,42,44,51,55,20,47,46,45,53
515,64,39,47,26,35,31,34,40,34,49,47,43,37,54,24,45,46,29,17,47,24,44,49,58,50,18,47,54,49,50
516,63,42,48,22,35,38,36,40,46,42,48,39,30,57,23,48,41,23,16,54,27,39,46,49,50,25,39,59,51,55
517,65,43,45,19,38,35,41,34,41,37,54,32,32,53,28,45,43,25,20,49,23,46,47,53,55,22,48,51,51,56
518,63,48,47,24,37,31,34,46,49,44,48,38,28,52,26,51,43,22,21,52,20,46,44,49,51,23,43,47,48,56
519,61,45,42,24,25,36,43,35,39,46,49,37,38,51,25,43,44,34,21,53,26,37,51,48,53,24,47,55,46,53
520,60,47,45,25,34,39,36,37,41,45,50,39,29,51,18,40,47,26,23,52,23,49,46,49,51,23,42,56,53,55
521,58,45,48,23,39,31,41,39,46,42,50,36,32,55,28,48,43,28,22,46,20,40,47,49,49,23,49,53,46,55
522,61,49,43,19,34,36,39,38,33,48,49,36,32,49,31,46,42,23,23,59,24,46,43,53,50,23,47,53,48,54
523,59,47,46,25,38,31,43,45,40,44,43,35,32,53,29,47,38,24,23,55,23,44,44,47,53,19,48,49,48,59
524,66,45,46,24,25,37,41,41,37,45,50,40,30,52,24,45,44,33,22,51,31,48,44,52,44,18,47,50,51,48
525,66,46,48,25,30,44,33,36,41,45,49,38,36,51,30,41,33,32,18,50,18,48,49,48,53,21,42,56,50,54
526,62,51,47,25,32,38,38,40,42,44,48,38,37,51,24,44,45,19,18,52,21,45,44,47,50,20,47,56,50,56
527,66,52,51,29,35,31,41,44,41,42,45,35,30,52,19,48,40,20,20,49,27,43,41,48,45,21,54,53,51,58
528,57,45,44,28,31,35,39,43,39,45,50,35,26,56,26,49,43,25,23,50,19,47,45,55,52,20,45,52,50,57
529,65,48,44,26,31,30,38,40,44,43,51,38,36,52,32,39,40,25,26,51,22,44,40,50,45,22,50,52,49,58
530,65,47,48,23,33,36,32,37,42,42,52,42,28,56,25,45,40,24,17,50,20,49,43,54,54,27,46,50,47,57
531,62,43,44,23,36,37,40,33,42,46,42,34,32,50,25,44,38,30,27,50,31,47,36,56,51,26,43,52,53,58
532,62,47,41,27,27,37,36,38,42,47,52,40,34,55,26,45,43,24,20,54,24,47,47,51,47,19,44,53,49,53
533,65,46,51,26,34,35,31,36,38,48,49,40,34,53,21,45,45,22,17,47,29,50,48,51,50,22,41,47,53,57
534,60,52,47,21,33,35,33,42,36,43,49,43,35,57,22,45,43,30,24,46,26,46,45,47,48,17,47,52,53,54
535,58,41,48,25,32,37,36,34,41,44,51,33,37,49,28,46,40,32,22,50,24,44,48,47,52,19,47,54,53,59
536,63,39,44,30,30,35,39,40,43,42,50,39,34,55,30,44,36,26,20,56,25,48,41,51,49,21,42,52,54,53
537,61,49,45,28,30,27,33,42,43,43,52,40,29,49,22,42,43,28,25,56,19,44,49,51,47,22,47,54,53,58
538,61,50,48,19,39,39,34,36,36,46,57,34,31,50,23,45,43,26,23,55,25,43,42,50,45,24,47,56,48,56
539,62,47,45,24,29,37,29,41,43,41,49,35,32,54,23,44,40,28,26,55,22,44,43,52,48,26,44,55,56,57
540,62,50,47,27,31,30,34,38,42,45,48,37,32,43,26,51,43,24,21,54,24,49,48,48,53,20,44,56,50,54
541,56,48,46,28,33,36,31,43,43,42,43,45,37,52,21,49,42,20,19,52,23,48,45,54,48,30,39,52,51,55
542,65,45,45,23,34,36,33,31,41,39,49,41,32,55,27,45,49,23,25,52,20,44,46,45,54,21,49,49,54,59
543,64,48,41,23,31,31,37,37,42,41,45,37,33,51,21,45,42,28,30,53,21,46,49,54,46,26,48,54,52,55
544,63,49,52,29,35,38,35,40,39,45,51,34,34,55,22,43,41,26,21,48,19,47,42,48,48,24,39,54,55,55
545,61,46,43,22,41,36,32,44,41,43,54,41,33,54,22,40,39,26,27,54,23,46,46,53,44,27,41,49,50,53
546,60,47,50,26,33,33,38,39,42,43,48,42,33,59,20,43,39,21,23,53,20,44,47,53,55,19,42,50,50,59
547,63,48,48,20,36,33,39,42,41,46,49,31,28,55,29,50,46,24,21,54,22,44,47,50,52,17,41,50,48,57
548,61,52,47,26,32,29,36,40,39,50,51,42,26,49,29,49,41,23,19,54,28,42,49,52,49,18,44,52,51,51
549,59,46,44,30,27,31,37,36,39,42,45,41,37,56,18,49,42,21,22,59,21,49,42,54,52,19,49,53,51,60
550,63,46,50,26,26,42,39,39,45,44,48,34,29,53,26,42,44,24,20,49,24,45,48,49,48,24,40,54,55,55
551,62,54,53,26,36,32,34,38,39,46,51,30,31,51,23,45,43,23,28,50,21,44,51,49,49,25,42,53,50,52
552,67,44,45,25,28,36,39,44,41,42,49,33,35,53,19,43,36,26,24,57,23,44,47,50,51,26,49,51,50,54
553,59,48,44,26,35,36,36,38,38,42,47,39,33,55,20,45,42,26,21,49,21,46,45,52,51,24,51,54,50,58
554,66,40,44,24,34,37,36,38,40,45,44,40,36,52,30,44,43,24,19,54,21,50,49,47,46,26,50,45,53,54
555,62,45,52,28,36,43,37,34,43,45,45,39,32,50,29,46,38,26,17,51,24,48,43,45,48,25,46,52,50,52
556,56,50,52,24,30,28,32,44,43,41,49,40,32,57,19,41,44,24,20,56,20,46,48,51,48,20,51,52,54,59
557,64,44,48,27,34,38,36,38,39,39,50,37,36,53,24,43,46,23,20,48,17,47,44,49,47,27,46,58,53,56
558,61,47,49,22,35,35,31,45,41,48,47,40,35,48,21,44,41,25,21,54,24,48,42,47,47,22,44,58,54,55
559,65,47,48,25,37,37,35,40,39,43,49,34,34,56,24,41,43,24,24,50,23,42,40,46,55,23,42,57,53,55
560,59,47,44,28,30,34,37,43,39,38,55,41,29,50,30,47,38,21,29,49,19,47,51,47,48,21,38,54,58,60
561,63,48,46,24,33,33,38,42,32,46,50,40,32,57,21,45,46,22,24,45,21,47,50,50,53,22,47,49,51,54
562,59,49,47,24,34,36,39,45,40,46,51,39,30,49,22,42,44,22,24,46,24,50,44,52,50,25,41,51,49,57
563,60,48,47,22,33,27,32,38,44,42,53,35,34,53,32,50,38,28,22,51,22,50,45,51,52,23,44,54,47,54
564,63,48,40,22,31,38,37,39,44,48,48,40,28,44,30,47,37,30,17,52,20,43,47,53,47,25,41,55,57,60
565,57,50,51,24,29,30,36,39,39,47,55,41,27,54,19,46,44,19,23,50,27,45,44,55,53,23,44,51,53,56
566,61,47,46,29,36,39,36,29,43,48,48,41,32,51,22,45,41,24,20,50,22,53,44,54,48,21,47,56,48,50
567,54,46,48,21,28,42,41,42,39,48,52,41,26,50,22,43,45,25,20,50,23,51,49,51,45,26,43,48,51,61
568,61,48,52,29,31,28,32,41,41,45,50,42,33,49,31,48,46,24,23,50,18,44,46,52,53,21,44,50,48,51
569,64,53,35,25,35,34,35,46,43,44,48,46,37,56,23,42,43,27,23,52,21,45,39,45,47,25,42,55,49,52
570,61,47,45,26,40,38,36,38,39,44,52,38,28,51,27,43,40,24,27,51,26,44,43,51,46,27,46,57,43,53
571,63,47,44,25,30,39,35,42,38,43,45,39,31,53,23,47,43,24,24,51,23,44,40,50,53,22,48,54,53,58
572,62,46,49,24,31,35,37,45,40,53,44,41,28,53,24,44,38,21,17,54,24,47,48,52,47,24,44,53,55,51
573,60,49,52,22,31,29,40,35,40,49,51,39,37,53,25,44,43,24,20,54,17,46,41,49,50,26,45,58,47,55
574,60,46,43,22,31,45,40,45,38,46,47,36,31,51,20,43,44,28,19,49,17,46,45,46,49,27,47,57,56,57
575,64,49,48,23,38,36,40,38,42,44,51,39,29,50,22,46,44,22,24,52,23,46,41,47,49,21,45,51,54,53
576,65,52,45,29,32,36,33,39,40,42,46,40,33,50,26,44,44,27,17,50,19,55,41,50,48,22,46,52,50,58
577,62,49,46,21,32,36,37,45,41,46,50,37,32,52,24,48,41,29,20,52,25,47,47,52,44,22,40,46,47,61
578,60,44,49,23,34,35,37,38,34,47,49,41,30,51,25,46,42,27,26,50,23,48,46,47,54,25,40,55,53,52
579,64,37,47,23,35,32,41,42,36,46,50,42,38,55,25,49,43,23,19,52,27,38,41,49,46,20,48,53,48,62
580,59,41,45,21,37,34,36,40,43,42,44,32,37,49,27,44,42,23,21,56,22,48,47,54,54,24,47,53,51,58
581,62,48,48,25,31,31,38,40,45,43,53,36,37,56,27,44,35,22,22,50,24,47,46,43,56,26,44,55,49,48
582,58,51,43,24,35,31,33,39,40,44,46,42,28,51,32,48,40,24,20,51,21,48,46,54,51,21,41,52,54,63
583,61,45,48,23,35,38,42,38,45,41,47,40,32,53,30,43,40,26,24,53,19,45,41,50,49,21,42,47,56,57
584,58,51,41,28,30,34,40,37,41,46,52,42,32,49,28,47,43,22,21,52,27,44,40,54,48,24,46,54,50,50
585,60,40,43,19,32,36,38,42,42,42,52,38,33,49,18,48,44,28,30,55,21,48,51,50,48,22,44,48,51,59
586,65,42,51,26,27,26,33,36,40,45,48,37,28,52,31,40,43,21,26,52,30,48,45,54,55,25,49,52,49,55
587,67,48,46,32,30,42,35,38,40,48,50,35,32,49,22,44,44,29,21,48,17,41,45,48,46,25,47,54,51,57
588,65,41,45,27,30,39,38,38,38,36,53,33,39,52,23,48,40,25,24,54,26,50,41,53,49,22,48,51,50,53
589,63,45,50,24,32,35,43,30,41,46,45,43,33,54,21,41,42,26,22,51,24,47,43,54,51,24,46,54,47,54
590,67,43,46,24,35,31,33,42,38,45,49,36,33,51,28,47,31,27,27,54,28,50,42,52,50,24,41,53,49,55
591,60,47,51,23,28,39,39,35,37,40,47,38,36,47,25,47,43,26,19,55,22,45,46,46,50,26,46,52,53,63
592,66,49,44,22,34,28,38,43,39,40,56,36,33,56,23,47,36,28,21,48,20,50,50,48,47,23,46,56,49,55
593,59,47,45,28,37,37,40,37,41,47,48,37,32,52,26,41,42,26,22,50,23,45,41,47,44,24,45,57,52,59
594,61,49,50,23,37,27,35,45,47,42,53,38,31,50,26,47,42,27,23,51,25,49,45,49,47,19,41,49,50,53
595,65,47,48,27,33,37,38,37,42,44,52,36,31,53,28,46,37,20,27,52,18,45,46,49,47,23,42,54,47,60
596,66,46,43,21,33,36,34,43,40,47,44,33,33,52,24,48,42,22,22,51,29,51,48,55,48,25,43,53,53,46
597,64,43,46,23,32,35,37,38,42,47,50,33,30,53,26,45,40,22,21,56,18,50,46,56,56,24,45,50,48,55
598,64,52,44,25,35,30,41,42,40,48,50,30,27,53,28,47,45,21,18,49,26,45,44,50,46,23,46,53,49,60
599,58,47,41,23,38,37,35,46,41,45,54,39,32,54,19,42,42,26,23,48,22,50,44,52,50,17,46,56,51,53
600,63,48,50,21,28,35,35,44,42,44,52,34,38,55,25,47,45,23,22,52,23,45,44,50,44,24,43,53,45,57
601,65,47,43,25,30,35,39,39,45,37,53,40,30,55,24,42,39,26,21,50,17,47,47,53,53,22,47,52,52,56
602,65,44,40,24,37,33,33,37,41,45,53,36,33,50,24,48,45,25,31,53,23,45,46,56,50,23,45,46,42,58
603,62,48,43,26,34,30,41,43,39,41,50,37,34,50,31,46,45,18,27,52,21,46,47,45,45,21,51,54,48,56
604,53,47,51,20,33,32,36,35,42,47,51,40,34,57,26,52,40,26,20,50,28,48,44,54,48,17,47,48,49,56
605,64,48,49,27,34,31,36,38,42,46,50,36,35,53,22,42,36,27,23,52,27,41,49,53,46,28,39,48,49,60
606,62,49,44,23,38,33,34,39,38,48,46,42,35,55,22,48,40,25,21,52,26,50,47,48,50,22,39,52,49,54
607,63,43,48,25,35,37,38,42,33,49,49,45,31,50,23,47,36,28,22,49,23,49,46,52,46,25,45,48,49,55
608,61,42,47,20,33,34,40,30,46,46,48,39,32,47,31,45,42,24,20,51,25,51,46,55,54,24,40,53,47,58
609,59,49,47,29,31,32,40,35,36,45,51,37,35,54,19,47,38,29,26,52,25,46,44,53,46,26,39,54,53,54
610,63,47,53,20,33,33,37,32,40,42,49,38,30,49,30,52,40,29,24,50,23,48,49,48,49,24,43,54,48,54
611,66,42,41,28,26,30,38,38,46,42,47,38,38,50,30,46,44,24,18,58,23,45,46,52,45,22,47,52,47,62
612,64,51,43,35,37,38,48,35,37,42,49,43,26,52,28,42,46,23,16,48,26,48,44,46,48,20,45,52,46,53
613,61,45,50,24,32,32,41,38,34,41,54,46,25,55,26,42,45,28,21,55,27,44,46,52,53,18,40,49,50,57
614,67,45,51,22,35,41,37,37,36,48,50,40,31,49,22,49,41,21,17,55,26,46,45,50,52,20,45,48,49,56
615,66,49,46,21,32,34,39,41,43,46,49,34,29,55,25,40,36,27,28,52,19,44,42,51,57,18,49,55,50,54
616,60,48,45,20,32,32,35,38,35,45,48,40,35,51,18,44,42,26,24,55,27,47,44,55,54,22,47,51,53,58
617,63,44,41,25,33,38,35,38,40,42,50,42,27,54,31,44,44,25,17,53,23,44,48,52,49,23,50,48,47,61
618,62,41,48,21,33,32,39,44,43,44,55,34,37,48,22,44,46,28,24,51,25,47,43,49,52,23,43,52,45,56
619,58,50,46,25,31,33,39,41,46,43,49,31,34,50,25,48,47,20,22,50,23,45,46,50,51,18,48,56,52,54
620,64,48,43,27,26,33,38,40,41,40,52,35,34,49,31,46,42,22,24,54,23,46,42,49,54,24,50,51,48,55
621,60,52,41,21,40,38,37,44,48,46,48,43,35,52,21,41,42,25,19,51,20,45,46,54,45,21,39,54,47,56
622,64,48,43,21,28,36,39,37,43,46,51,39,33,49,28,51,39,25,21,54,21,50,41,52,48,19,48,54,47,56
623,61,50,48,22,34,42,38,42,47,47,49,39,26,55,17,48,43,25,23,46,17,44,46,48,50,20,45,54,49,56
624,62,47,49,26,37,27,38,38,41,44,51,40,34,48,26,42,46,25,22,49,22,48,46,51,47,26,45,53,47,54
625,63,46,50,21,35,35,36,39,36,44,50,38,35,56,24,39,43,21,27,51,25,50,45,48,51,19,48,49,49,58
626,59,44,47,25,41,32,43,39,38,42,50,36,31,49,28,47,40,24,19,57,25,44,49,52,51,22,38,53,47,59
627,64,46,48,24,29,34,34,39,39,49,48,38,31,55,24,41,48,27,19,53,24,49,47,56,45,24,39,48,51,58
628,57,45,46,25,36,38,33,34,35,47,50,38,32,52,23,48,46,19,22,44,21,47,46,53,53,26,48,57,52,58
629,60,49,45,20,30,31,35,46,43,40,51,38,34,52,22,41,43,31,25,50,23,43,47,55,47,22,43,52,48,65
630,64,49,40,23,38,37,38,44,39,49,53,31,30,49,25,40,38,29,28,48,21,45,40,50,50,26,47,59,44,57
631,65,40,47,24,35,34,40,44,45,39,54,38,33,59,21,44,40,25,26,42,21,42,41,50,49,26,48,54,50,55
632,65,46,53,24,32,35,36,38,38,43,52,38,32,47,26,49,43,20,23,53,23,48,36,51,49,19,45,56,52,59
633,63,47,47,21,39,36,37,43,41,49,50,42,23,46,25,47,45,22,18,51,26,48,46,49,46,22,41,51,52,58
634,62,46,46,22,27,31,40,38,39,41,57,36,35,55,21,44,42,28,28,52,20,46,46,46,55,23,45,53,50,57
635,57,49,43,21,36,35,35,39,35,42,55,39,36,50,24,52,41,22,22,52,29,47,49,47,48,26,42,54,48,56
636,64,43,48,23,36,29,40,44,41,46,46,33,35,52,26,50,37,23,23,55,23,45,44,52,51,21,46,52,49,54
637,62,45,42,22,26,37,41,41,37,48,48,41,33,51,29,44,39,24,20,55,24,42,42,55,55,25,43,52,52,56
638,64,50,46,25,35,34,41,36,46,37,53,37,29,57,27,44,49,22,21,48,19,47,49,51,44,22,49,48,46,55
639,56,49,41,27,37,37,37,32,45,52,39,37,31,56,23,44,46,20,26,54,25,51,48,57,48,22,44,45,51,51
640,64,49,50,23,30,31,44,43,40,47,53,34,31,50,32,47,41,18,24,51,23,44,39,52,53,20,47,49,48,54
641,65,40,46,27,37,31,38,31,41,47,51,40,32,52,28,46,44,20,26,47,24,45,41,52,44,20,48,53,56,59
642,63,50,44,19,36,39,37,38,34,40,50,40,36,53,25,50,42,18,20,52,22,48,49,50,49,25,44,51,51,56
643,60,48,43,18,37,35,48,45,48,41,49,32,30,53,21,43,46,25,24,50,27,45,42,51,46,22,45,51,55,51
644,59,51,48,23,31,40,33,40,46,45,48,38,28,52,26,44,33,26,24,51,24,46,44,57,51,17,46,55,52,53
645,59,45,47,19,44,30,42,37,43,48,47,34,34,48,25,51,42,26,27,49,17,46,44,58,42,23,51,51,46,56
646,65,44,45,23,30,35,37,43,44,39,50,38,36,55,25,41,45,23,25,56,20,43,48,50,42,27,45,47,55,55
647,63,49,47,24,34,37,36,39,42,42,43,39,26,52,27,49,44,24,21,47,23,41,39,54,55,21,52,51,55,55
648,64,43,45,21,33,37,32,41,44,45,49,34,38,50,21,47,47,22,20,50,21,44,45,53,50,28,47,50,50,60
649,67,46,46,21,38,39,39,39,43,45,49,34,33,52,28,43,39,24,25,55,19,48,50,57,42,22,41,48,46,53
650,65,46,43,23,42,34,36,46,37,43,43,39,34,56,19,43,44,20,23,53,26,48,47,51,48,22,49,48,49,54
651,60,40,49,25,31,34,44,42,37,52,50,36,28,52,27,45,37,26,23,49,24,45,45,51,48,29,45,53,48,56
652,64,45,46,24,35,36,38,44,42,48,46,42,30,50,19,45,33,25,17,55,25,44,39,52,49,18,49,56,55,60
653,59,48,50,25,35,32,38,41,48,40,46,39,34,49,23,40,45,24,29,51,20,46,41,52,49,22,50,50,50,55
654,65,45,50,22,34,37,36,35,43,39,49,35,34,54,25,50,41,22,24,52,25,47,46,54,53,22,42,44,49,57
655,62,48,50,25,30,30,35,29,46,46,50,37,29,51,28,44,46,26,24,57,25,45,43,51,53,21,51,47,46,56
656,64,49,45,28,28,31,40,47,44,44,51,37,39,52,28,45,43,20,19,46,24,44,42,55,42,22,45,56,47,54
657,63,49,39,23,36,31,34,47,37,47,47,39,28,52,27,48,38,27,25,53,20,41,43,53,52,21,49,55,48,59
658,59,53,41,25,40,38,38,40,37,44,51,39,35,53,24,43,39,23,20,52,20,45,44,50,49,24,46,59,47,53
659,67,47,48,22,29,46,31,37,35,48,48,30,31,52,22,53,46,26,23,49,22,48,44,51,53,25,52,52,44,50
660,64,43,52,27,31,30,31,42,45,46,52,43,25,58,21,45,43,28,22,51,25,51,42,48,45,16,40,53,54,58
661,60,48,44,28,22,37,36,37,43,46,48,37,38,56,26,44,43,21,24,51,21,50,52,53,47,19,41,52,47,60
662,63,43,48,25,31,31,41,38,40,45,55,34,30,54,23,42,43,26,19,58,23,51,50,51,47,22,41,50,51,56
663,62,41,48,24,31,34,40,42,43,49,49,37,35,52,32,47,43,23,21,54,26,39,39,60,47,23,44,46,47,53
664,56,47,51,24,37,32,42,34,44,46,43,40,34,47,26,44,39,25,19,51,21,45,51,56,53,23,45,51,47,58
665,67,51,48,28,35,33,43,42,49,39,43,34,28,52,26,42,42,25,23,50,26,40,42,49,56,19,42,55,47,55
666,61,53,41,25,40,34,33,39,38,39,42,38,37,50,21,47,43,21,20,50,26,51,48,50,52,27,46,53,50,56
667,65,47,44,25,29,40,45,41,41,44,44,42,35,54,20,44,40,30,18,51,22,42,46,47,50,24,45,54,46,56
668,67,46,44,22,31,29,38,45,42,39,47,35,41,46,22,45,43,21,23,55,21,52,43,51,44,26,48,55,54,56
669,62,45,40,29,32,29,38,40,41,43,50,42,33,47,26,50,40,27,19,52,20,53,51,53,47,16,48,51,53,54
670,59,42,47,26,34,40,32,37,40,43,47,35,35,55,22,47,42,28,22,53,23,46,42,49,52,25,50,50,48,60
671,61,46,49,33,34,36,42,32,40,47,46,35,31,50,24,43,41,22,22,54,23,45,48,50,51,18,40,54,55,59
672,61,53,44,28,33,31,33,45,41,45,45,44,32,50,22,44,40,23,23,55,25,45,44,53,51,22,44,54,52,49
673,64,48,48,24,34,30,29,38,40,42,48,35,34,52,28,41,45,22,22,54,24,50,53,54,49,29,43,49,46,56
674,66,52,51,29,32,40,31,34,42,43,42,40,37,50,24,48,40,24,21,54,20,49,42,51,46,20,42,59,49,53
675,61,50,51,28,32,37,39,43,46,40,47,35,39,51,23,48,39,24,21,51,19,50,45,44,50,23,39,50,51,55
676,63,44,44,27,33,33,41,41,43,41,54,34,42,55,25,41,39,29,16,50,23,44,45,49,51,22,47,54,51,50
677,65,43,38,26,31,38,42,34,47,43,45,42,33,52,24,45,42,30,21,51,20,48,46,51,50,21,44,52,50,57
678,59,48,47,28,36,35,42,37,42,47,49,34,33,53,18,42,43,29,19,49,24,39,45,53,52,23,40,56,52,57
679,65,47,46,24,33,35,35,41,38,47,49,43,35,48,25,45,40,24,21,49,27,52,46,46,48,21,41,51,53,56
680,57,47,44,21,30,31,36,40,41,43,49,38,39,50,27,45,39,22,20,55,24,50,50,52,47,25,45,54,49,61
681,60,50,49,21,36,37,35,40,39,45,50,39,27,53,22,44,45,23,19,56,25,52,47,53,44,23,44,50,46,57
682,62,44,47,21,26,37,31,42,39,45,48,39,32,56,23,48,44,27,25,49,25,48,47,51,49,23,47,50,52,54
683,62,41,45,21,32,37,39,39,39,44,55,34,35,49,30,42,44,20,21,52,35,46,43,56,51,24,41,54,47,53
684,59,41,45,22,38,33,39,41,43,40,48,37,32,55,24,50,37,25,23,57,23,43,44,51,50,22,43,51,54,61
685,59,44,47,24,38,35,36,32,41,48,45,45,30,57,27,48,46,25,24,52,22,45,49,46,46,24,40,51,46,59
686,57,47,46,26,32,35,37,39,40,48,55,39,35,50,27,44,42,22,22,49,21,44,46,54,50,23,49,46,52,54
687,68,45,47,26,42,36,32,37,35,42,49,37,35,46,28,44,44,22,23,54,29,47,37,50,46,26,43,54,46,61
688,66,48,46,25,29,33,37,35,42,43,48,42,37,50,27,44,37,29,20,49,20,47,39,56,51,21,50,51,51,58
689,57,45,45,25,38,38,41,41,37,45,51,38,34,51,28,49,42,23,23,51,23,46,41,53,44,22,42,50,49,59
690,64,42,46,22,39,32,37,38,44,42,49,31,30,52,23,45,42,32,20,50,22,46,44,51,53,24,45,55,50,61
691,65,48,44,19,39,38,37,35,42,44,47,43,35,45,24,51,39,25,31,53,19,52,47,50,48,22,42,45,47,55
692,63,43,44,28,43,33,42,44,41,40,50,41,40,51,32,48,36,19,22,47,20,44,41,50,46,23,42,54,50,54
693,66,43,43,24,38,37,31,41,38,46,51,39,29,51,25,45,39,25,22,51,22,43,50,47,53,21,46,56,49,60
694,67,45,50,25,36,41,40,47,44,42,48,30,36,53,20,44,35,25,28,47,23,42,40,49,50,24,47,48,50,55
695,64,46,52,27,28,36,36,33,46,40,52,38,35,47,26,46,41,31,20,50,23,44,41,49,52,26,45,48,50,59
696,60,43,39,24,31,34,39,40,39,42,53,39,35,60,22,44,49,21,24,52,26,43,43,55,49,25,45,51,49,55
697,63,51,44,25,37,33,32,41,42,41,49,40,28,50,30,49,44,25,18,54,22,45,46,46,51,24,46,50,47,58
698,56,49,43,25,36,40,36,40,39,41,55,40,30,51,28,44,44,26,26,52,19,48,43,56,44,23,43,52,47,55
699,64,51,45,25,36,31,32,34,44,39,52,37,34,52,23,46,45,24,16,51,26,43,44,56,49,22,45,52,52,61
700,62,49,48,25,26,32,34,39,39,48,54,36,33,55,23,42,42,28,22,52,25,46,45,50,50,21,46,51,49,59
701,66,50,49,26,27,33,36,41,45,42,52,37,29,54,21,43,41,21,25,52,23,47,43,49,47,25,44,54,53,56
702,61,45,47,24,27,41,36,38,45,47,50,39,32,51,23,42,44,24,20,48,24,49,49,52,47,23,38,54,55,56
703,62,44,48,21,38,36,41,39,38,49,47,39,36,55,25,47,39,26,22,53,21,42,34,56,49,19,48,51,51,55
704,66,45,46,25,36,32,28,36,42,48,50,39,26,55,33,46,47,21,24,49,18,53,50,48,51,20,48,52,47,50
705,59,44,48,26,27,30,39,37,44,47,49,34,37,50,32,43,41,25,26,51,23,50,48,53,45,20,41,53,51,58
706,59,44,44,24,29,40,38,42,41,47,42,40,37,52,25,47,38,23,19,57,23,48,47,48,38,23,46,60,50,60
707,65,46,42,24,27,33,37,38,40,43,49,42,34,56,27,46,41,26,23,49,25,47,44,55,41,24,46,53,51,57
708,52,50,47,27,39,36,37,39,40,42,50,46,29,48,21,41,43,21,19,49,22,46,49,53,49,25,44,59,53,55
709,63,44,43,27,27,34,43,41,41,38,51,34,35,52,27,51,39,20,27,50,22,46,42,51,50,23,45,56,50,59
710,68,45,43,22,36,39,36,36,38,44,51,43,33,51,23,44,39,26,20,51,17,45,52,51,52,27,41,52,49,57
711,64,49,52,29,32,32,35,43,46,41,48,34,32,58,26,45,40,24,16,53,20,44,40,49,54,16,44,57,51,57
712,62,51,49,25,29,34,36,35,39,50,47,37,35,51,27,46,41,25,21,51,20,44,47,49,49,24,49,51,50,57
713,65,46,41,24,34,30,41,39,42,44,48,37,39,50,29,43,42,23,30,51,20,46,47,53,53,19,39,54,48,54
714,59,43,49,22,39,36,35,41,41,46,48,40,36,53,21,45,38,23,24,58,22,44,42,52,50,24,47,47,47,59
715,57,47,48,21,27,41,39,39,40,40,53,41,30,53,22,50,42,24,22,52,20,46,44,52,55,18,48,55,49,56
716,58,47,46,30,30,40,36,42,36,43,52,36,33,56,21,41,47,24,23,50,23,49,44,54,44,19,45,49,52,61
717,61,37,46,25,35,33,39,39,37,41,56,37,33,58,21,44,42,24,28,48,28,46,46,54,50,21,48,49,53,52
718,59,47,45,28,34,28,39,43,40,43,50,38,29,52,23,46,42,22,22,55,23,44,48,51,46,25,43,56,51,59
719,65,47,46,24,34,36,40,36,39,40,51,37,33,49,24,50,37,19,23,53,19,47,48,56,49,22,49,48,46,64
720,60,47,47,22,34,34,31,38,34,43,50,38,36,56,30,46,35,26,23,49,32,46,46,51,48,19,43,56,54,57
721,62,46,45,22,34,35,35,38,41,42,42,39,37,58,28,48,38,23,17,54,23,46,46,54,54,20,41,50,55,58
722,61,49,51,30,31,39,40,37,44,43,43,37,36,48,26,45,40,26,21,50,20,45,46,52,51,22,39,50,52,57
723,66,42,44,27,36,31,36,42,39,48,54,35,33,48,26,49,35,28,24,52,23,51,42,42,54,24,43,51,52,54
724,63,48,43,25,37,34,38,39,38,37,47,40,42,53,26,46,39,22,25,53,25,42,44,53,48,23,45,51,49,56
725,66,51,42,20,34,34,40,37,44,40,52,39,36,55,18,44,37,25,27,53,20,52,39,52,48,26,47,49,44,60
726,63,48,46,22,25,29,36,39,44,42,50,38,38,50,31,44,41,26,25,50,21,49,49,53,48,22,44,49,51,58
727,67,43,43,30,31,32,38,40,40,45,55,37,33,56,26,43,46,20,22,57,23,47,46,42,50,19,49,48,48,55
728,59,45,43,25,34,32,39,38,41,50,52,39,33,51,21,45,43,21,22,55,24,48,43,47,45,27,43,54,52,60
729,61,46,40,27,30,32,40,41,39,51,46,42,35,54,21,41,39,23,24,52,27,52,44,51,51,21,41,49,48,63
730,64,51,46,29,35,34,39,42,47,38,49,37,36,48,20,39,40,27,21,49,24,42,44,52,49,24,47,51,50,57
731,61,43,51,28,32,41,39,30,40,43,47,36,33,51,26,50,47,26,18,49,29,45,44,49,51,22,40,52,51,57
732,61,41,50,23,34,34,41,38,38,44,48,35,33,56,22,47,40,20,24,53,29,47,50,54,53,24,43,48,50,51
733,59,51,44,18,35,43,34,34,35,47,51,50,32,55,21,45,40,23,24,46,23,49,44,52,47,25,49,52,50,53
734,60,45,42,23,34,40,40,45,44,42,44,40,35,49,25,40,48,30,24,48,18,43,40,50,48,22,47,54,54,57
735,66,49,51,25,36,37,32,41,39,42,46,35,35,53,21,42,42,22,19,57,22,50,43,55,48,20,47,49,45,62
736,62,51,46,23,38,30,32,37,41,39,52,40,29,55,25,44,46,22,24,54,23,43,43,54,50,20,46,56,48,58
737,62,48,49,22,32,43,37,33,39,50,50,41,26,51,30,47,42,18,27,53,20,42,49,55,49,19,42,47,52,56
738,67,49,47,22,32,38,36,37,47,46,47,46,33,55,23,36,43,31,21,52,25,44,43,47,46,24,39,54,51,50
739,61,48,47,24,35,37,37,39,42,47,47,36,38,51,20,49,35,24,21,48,21,51,43,55,45,26,43,55,47,59
740,66,53,51,32,30,34,37,32,40,43,48,40,31,48,22,45,41,23,21,50,25,45,46,46,55,22,45,52,50,58
741,60,47,45,28,30,29,38,42,43,48,50,37,38,55,22,48,38,29,21,53,21,43,38,48,51,22,44,54,55,54
742,65,48,47,20,29,32,38,38,44,42,47,40,34,50,26,42,42,22,27,52,22,43,54,53,50,23,47,50,47,57
743,58,54,47,27,35,37,35,37,41,42,52,42,30,52,27,46,44,24,22,53,17,51,45,46,48,22,42,52,50,53
744,62,42,48,24,38,38,38,39,41,44,47,34,33,56,28,50,36,21,28,51,22,43,42,52,53,21,40,48,54,58
745,64,45,50,23,36,31,35,44,41,42,48,45,32,58,24,45,47,21,21,51,20,46,47,44,49,18,44,52,55,53
746,60,46,46,24,35,35,42,41,46,43,47,38,31,53,22,52,42,23,23,52,18,52,39,44,47,23,44,49,53,61
747,66,47,45,24,39,37,36,40,34,40,53,40,30,53,25,45,39,22,23,55,30,44,47,51,54,25,40,51,44,52
748,64,45,46,21,31,36,39,40,40,48,53,38,39,51,24,49,40,24,26,52,21,48,45,47,51,18,41,52,47,55
749,60,44,44,23,34,38,43,40,40,43,51,40,37,47,24,50,44,24,22,51,25,47,43,56,45,18,46,45,51,56
750,65,43,46,27,31,31,36,37,43,42,48,39,32,55,24,49,44,22,27,50,22,45,44,54,51,20,44,51,54,55
751,63,47,42,29,29,41,37,41,45,43,52,38,34,53,22,46,39,21,25,54,22,49,47,52,42,20,47,49,51,51
752,65,57,44,22,39,36,27,43,40,41,51,44,40,45,21,44,40,25,22,50,22,47,43,48,52,25,42,47,51,58
753,61,43,49,21,36,39,36,39,39,45,51,36,35,55,31,48,36,19,28,51,20,51,44,48,52,20,43,52,49,54
754,64,40,42,23,34,39,36,40,45,44,47,39,33,50,20,47,43,26,26,48,21,48,44,53,54,22,47,55,45,56
755,59,48,45,17,35,34,35,38,40,47,54,39,41,48,25,41,43,21,21,57,21,51,45,49,52,23,44,54,46,58
756,59,49,38,20,34,38,39,34,42,44,49,34,37,48,24,48,40,29,23,55,25,46,50,55,51,24,43,52,44,57
757,58,48,43,30,34,29,45,40,38,46,52,46,30,54,21,43,44,24,23,46,22,46,44,51,41,21,48,53,54,57
758,63,41,40,22,44,38,39,43,42,43,48,37,36,50,21,47,41,22,20,47,25,48,50,54,50,18,48,50,47,57
759,64,53,44,20,30,32,28,46,38,42,50,40,34,52,24,49,37,22,26,51,19,51,48,47,54,28,38,56,52,56
760,64,47,46,26,36,34,39,43,38,38,52,37,28,50,23,48,41,16,22,55,24,45,50,50,53,25,48,49,44,60
761,61,46,46,25,36,38,36,33,40,43,50,35,33,49,31,46,41,32,21,55,19,46,45,53,46,21,42,55,49,58
762,60,43,46,21,38,37,40,40,42,48,46,36,32,52,26,45,37,23,23,46,25,47,47,53,54,23,41,52,54,54
763,60,43,48,25,32,40,37,39,45,44,50,32,41,50,28,48,45,20,24,50,25,46,42,48,47,18,45,53,49,57
764,62,42,48,24,30,27,37,39,39,40,56,41,36,48,33,51,44,22,25,52,22,45,44,52,47,24,46,50,47,58
765,60,52,49,19,37,36,38,37,44,44,47,36,31,49,21,38,44,20,24,56,21,48,44,53,50,22,51,49,51,60
766,67,49,43,24,27,41,31,42,44,46,54,40,31,46,24,47,47,25,20,47,18,49,47,48,50,25,42,52,51,54
767,61,46,49,25,41,39,40,37,41,47,47,37,34,58,24,37,37,24,18,46,27,45,46,48,50,19,47,55,54,52
768,61,47,43,22,38,34,38,38,37,46,50,36,37,53,23,44,41,29,27,48,22,44,46,51,53,23,46,47,48,59
769,60,45,40,28,36,33,37,38,38,42,50,42,29,53,27,49,45,23,19,50,26,46,47,50,47,21,47,54,53,56
770,62,48,47,25,29,39,36,39,36,47,52,44,35,53,20,42,45,25,21,52,25,42,43,54,51,20,40,52,50,57
771,63,48,52,24,27,33,31,41,43,46,47,34,27,57,28,41,47,24,19,53,26,47,47,57,46,23,44,53,45,58
772,61,52,41,22,32,37,34,36,37,43,50,39,43,53,26,49,41,24,25,50,20,40,49,52,45,28,44,56,45,57
773,60,49,46,30,28,32,36,43,45,43,48,34,32,55,25,49,42,20,21,54,21,49,45,51,49,22,44,49,50,59
774,62,48,44,24,29,31,39,41,43,48,44,42,31,49,25,43,37,30,17,53,24,50,43,57,43,26,46,55,52,55
775,65,51,45,26,33,35,35,40,47,44,49,39,27,48,24,41,39,26,20,45,23,44,41,57,49,24,48,56,53,57
776,61,45,42,22,29,32,41,38,41,45,46,40,35,56,22,46,37,20,29,48,24,48,44,50,52,22,52,55,47,62
777,62,47,49,26,27,40,37,39,39,47,50,39,27,50,25,45,46,23,29,52,19,46,48,47,48,16,47,53,52,56
778,63,46,47,30,34,32,35,41,45,42,49,38,34,52,26,48,37,19,24,52,22,49,45,51,49,21,45,51,48,56
779,60,46,44,24,32,41,41,40,39,42,49,39,35,49,23,43,45,19,22,54,27,42,45,49,50,23,45,54,51,58
780,64,47,42,18,34,35,37,44,42,46,50,36,28,52,30,46,44,23,26,55,23,48,36,54,53,21,48,50,45,54
781,62,52,40,30,33,38,37,40,41,41,53,36,31,51,28,45,43,21,24,50,21,46,46,51,54,19,45,49,51,53
782,61,49,43,21,36,35,38,36,40,48,44,45,29,57,22,48,38,22,27,50,26,46,44,57,48,22,44,53,49,53
783,60,48,48,25,29,34,30,43,41,47,51,36,35,57,23,43,47,25,24,54,23,46,48,54,46,26,44,47,49,48
784,59,48,45,24,28,35,38,40,45,41,42,40,37,53,25,42,41,25,23,47,27,46,45,52,50,25,49,53,48,58
785,66,44,45,29,34,36,40,34,44,42,51,38,36,53,28,51,36,20,21,50,25,43,46,45,52,23,42,51,51,55
786,61,52,52,27,30,39,35,39,44,40,49,34,29,55,22,43,40,28,22,51,24,43,45,48,50,21,44,53,54,57
787,66,46,47,29,37,34,36,40,36,44,49,45,28,50,19,47,47,24,20,55,21,40,44,51,46,26,39,55,54,56
788,63,51,46,26,34,36,37,40,38,42,51,30,32,57,25,41,37,27,24,48,19,50,46,57,51,28,43,51,53,48
789,59,45,48,26,29,41,47,42,40,43,54,33,36,53,25,43,38,21,25,51,22,46,49,45,51,21,47,52,47,52
790,59,53,45,21,30,35,37,41,40,38,46,42,34,47,24,47,38,29,20,55,27,51,45,49,51,23,49,55,47,53
791,63,43,49,27,31,36,37,40,46,43,55,40,34,57,28,42,48,22,18,50,19,52,41,46,45,18,48,54,46,53
792,58,50,46,32,37,36,38,39,42,35,51,36,43,51,23,44,43,24,27,47,20,43,44,44,47,25,44,53,50,59
793,62,48,40,24,30,35,34,40,41,44,48,39,31,49,29,47,38,24,22,58,23,47,54,43,50,26,45,52,54,54
794,57,51,46,26,38,32,36,38,41,51,50,42,28,55,23,40,47,20,18,49,26,45,45,52,54,20,48,51,47,55
795,66,44,44,20,30,35,34,38,46,40,48,35,36,54,25,45,42,23,25,54,22,51,44,56,48,25,47,49,50,55
796,58,41,41,22,35,34,36,34,39,46,49,38,35,50,27,48,41,21,22,53,30,48,48,55,51,22,46,55,57,49
797,60,46,42,29,33,37,38,36,36,42,53,37,29,51,28,47,39,20,30,53,22,41,46,52,47,29,44,59,49,56
798,61,44,44,25,28,36,42,41,41,42,52,34,36,55,23,49,37,21,21,56,19,46,44,51,46,25,48,55,55,54
799,59,46,49,25,34,36,35,38,39,46,52,41,36,49,20,46,44,25,17,54,23,43,40,55,55,22,45,50,47,60
800,61,41,49,24,32,35,32,38,40,47,48,38,32,49,25,47,40,27,18,54,26,45,45,52,54,26,41,57,47,61
801,58,50,48,23,34,40,35,46,37,39,52,37,32,56,24,44,43,23,24,52,25,43,39,47,51,27,43,52,49,58
802,61,48,46,29,28,34,32,37,42,44,42,44,35,49,24,41,43,25,21,52,26,54,46,52,50,24,39,56,50,57
803,63,48,45,28,34,42,38,38,42,45,42,36,33,50,30,40,41,22,21,47,24,43,46,46,55,25,43,56,55,53
804,58,50,46,27,35,32,40,35,41,46,48,40,38,50,29,45,38,29,26,50,24,38,41,53,54,21,43,49,46,59
805,64,46,43,25,31,32,40,40,38,42,51,40,35,51,28,41,41,27,18,51,25,48,58,52,47,26,45,49,45,52
806,62,44,43,24,28,35,37,42,43,41,51,35,34,51,29,45,45,23,25,54,27,44,45,47,52,19,46,56,53,51
807,61,45,45,32,28,37,35,39,47,46,52,36,28,52,32,46,40,24,21,50,20,45,49,50,47,21,43,56,50,54
808,63,43,48,28,32,29,33,45,42,41,55,38,30,52,23,44,45,26,20,58,21,46,48,54,45,19,47,50,51,55
809,58,48,48,23,31,30,39,41,39,41,52,42,31,56,18,46,41,25,23,54,23,50,46,52,44,25,45,56,47,57
810,62,45,44,25,37,33,39,38,39,43,51,40,40,51,26,47,38,23,26,55,27,53,49,50,43,20,36,50,45,56
811,61,43,49,23,31,35,37,44,37,45,57,37,32,53,25,48,39,24,20,51,25,43,37,50,51,21,48,52,55,58
812,64,47,51,22,27,37,36,37,39,48,47,40,29,53,22,46,41,23,22,49,23,48,50,57,45,26,52,48,50,52
813,64,47,42,26,30,35,37,42,43,49,46,41,33,51,30,47,37,27,19,51,24,41,42,50,49,23,49,55,44,57
814,63,55,43,25,37,33,40,44,36,40,44,42,32,54,24,43,44,28,21,52,19,44,44,48,48,25,43,51,52,57
815,68,45,45,28,35,40,40,38,40,42,46,33,34,49,26,43,39,24,20,54,21,48,44,48,50,23,52,56,48,52
816,60,48,48,23,33,37,40,36,46,40,54,32,31,52,25,47,42,24,27,47,19,50,45,52,43,20,47,51,52,60
817,63,51,45,24,35,38,34,43,38,44,46,39,34,53,21,44,45,26,24,53,23,47,43,52,50,25,42,50,49,50
818,63,49,43,27,35,37,37,41,43,39,54,38,27,50,21,44,46,23,24,47,23,49,47,47,50,23,41,55,52,56
819,57,46,45,26,23,38,37,37,42,39,54,37,31,57,25,46,44,26,22,56,20,47,45,53,52,19,49,52,56,50
820,64,47,43,26,36,35,47,43,43,41,49,41,36,45,23,44,44,24,24,52,24,47,39,53,50,21,42,50,46,52
821,61,43,39,21,37,37,39,32,41,41,51,43,33,55,29,47,41,33,23,54,24,49,44,51,46,18,40,53,51,55
822,63,45,45,25,32,32,37,34,43,43,52,36,29,55,32,44,40,25,27,54,24,44,44,50,50,21,50,46,50,59
823,60,48,46,25,24,42,35,32,39,46,51,43,36,56,24,47,39,26,22,49,26,48,42,48,50,23,47,54,50,53
824,60,45,46,25,37,25,39,40,45,44,48,34,30,56,31,50,44,23,29,51,21,43,40,51,52,18,46,50,50,58
825,63,46,46,28,41,38,35,39,42,45,47,35,34,54,22,48,35,26,20,45,20,41,46,52,55,27,46,54,49,52
826,61,45,45,25,30,33,33,34,44,46,50,40,36,51,27,45,39,26,21,58,25,47,46,44,51,21,47,54,49,58
827,63,50,39,28,33,37,38,41,40,47,56,32,32,55,20,45,39,19,21,54,22,50,47,50,49,24,42,50,53,55
828,68,43,45,18,32,38,38,37,39,43,52,37,31,53,27,43,43,26,23,57,22,47,42,52,56,25,41,55,46,52
829,62,43,43,22,31,35,43,41,40,41,49,37,33,55,24,47,42,25,23,51,21,52,44,46,53,23,46,55,48,56
830,65,49,45,24,29,37,41,41,46,46,49,41,30,50,22,46,41,29,17,52,19,47,48,49,51,23,44,53,43,54
831,61,44,48,24,37,34,34,41,39,45,49,38,29,54,25,45,41,26,26,54,17,44,47,49,48,23,47,56,54,52
832,65,48,44,21,31,40,41,36,40,48,50,37,33,49,27,41,40,21,19,45,23,49,50,52,48,25,50,52,48,58
833,62,51,48,23,37,34,38,36,47,50,45,39,35,50,23,45,46,20,24,48,17,47,46,49,48,21,48,54,48,52
834,61,47,41,24,32,35,33,41,36,43,45,47,35,46,23,50,42,25,24,50,28,47,50,48,51,20,47,57,48,55
835,61,44,47,23,33,33,38,39,43,41,53,41,44,55,20,42,43,23,23,40,25,45,44,48,48,21,46,59,48,61
836,63,50,48,23,38,35,38,41,42,41,44,41,33,54,21,45,39,27,19,54,19,48,40,50,51,22,46,54,49,56
837,61,48,48,26,31,32,36,38,42,46,47,39,37,51,24,41,44,25,25,51,19,47,49,49,48,20,46,49,53,59
838,64,35,41,25,31,40,35,40,40,48,49,42,35,51,22,49,40,28,26,51,23,49,50,50,52,21,48,46,45,55
839,62,43,48,25,37,39,35,35,44,46,49,44,38,52,20,44,41,22,21,53,26,43,41,52,45,27,48,49,47,55
840,64,50,48,23,32,33,33,39,40,45,58,33,36,52,21,42,43,22,28,52,19,44,45,49,47,22,45,58,54,54
841,61,50,52,23,31,26,35,42,42,44,45,35,34,51,29,49,43,26,23,54,24,46,40,52,45,24,46,50,51,58
842,64,44,48,21,29,29,38,39,38,46,54,37,37,55,22,48,48,25,21,57,21,47,45,49,49,22,45,48,48,57
843,62,49,49,24,36,36,35,40,39,47,43,38,32,56,23,41,40,29,23,52,21,45,46,50,48,25,41,52,53,56
844,58,49,50,24,28,30,34,44,45,48,51,35,34,61,24,44,41,28,21,51,23,47,46,50,49,23,38,55,51,49
845,59,44,46,19,35,36,35,37,38,45,50,40,28,57,23,44,44,20,20,55,21,44,46,57,54,22,52,50,49,61
846,60,44,43,23,34,35,37,41,37,49,48,34,32,55,26,44,40,26,25,50,22,42,46,52,49,25,45,52,56,59
847,59,50,50,32,34,39,33,40,37,39,52,39,38,52,24,43,42,23,24,55,24,40,40,50,47,20,44,52,46,63
848,61,47,45,21,29,40,37,39,38,43,48,41,40,50,26,45,37,23,29,53,24,50,46,47,51,23,43,53,51,51
849,64,40,46,26,32,37,41,40,42,45,55,35,37,54,27,47,40,22,22,53,16,44,43,51,49,15,46,51,54,57
850,62,45,51,27,32,37,38,42,42,37,50,35,31,55,25,45,39,26,23,52,24,45,45,51,47,20,47,50,52,56
851,62,47,45,23,26,39,39,41,39,46,47,42,33,52,23,45,44,24,25,55,19,45,45,49,51,25,46,50,54,50
852,56,47,43,33,27,33,45,41,40,44,52,45,33,52,29,46,43,19,23,42,22,48,46,50,46,20,48,49,49,60
853,63,45,45,25,33,34,42,42,39,44,53,39,36,55,20,48,43,21,20,55,25,46,44,52,47,17,47,50,44,57
854,61,51,49,19,37,36,36,44,37,45,45,42,33,58,27,42,36,25,26,46,19,44,46,49,52,26,44,51,49,56
855,64,49,43,23,33,36,38,36,42,40,51,35,36,46,29,42,41,24,22,47,24,52,44,55,45,26,49,49,51,59
856,63,45,50,29,26,34,36,41,41,40,51,36,34,58,26,40,38,25,23,50,26,47,45,48,50,21,50,56,49,53
857,61,46,42,27,30,39,44,37,36,42,54,40,34,50,26,44,42,30,18,54,25,46,42,46,46,20,43,58,52,57
858,63,45,51,24,30,37,40,40,43,46,47,40,27,51,25,43,43,21,26,50,22,44,47,51,56,22,45,51,45,56
859,66,41,44,22,31,31,34,40,42,39,51,37,35,51,27,47,41,21,29,56,19,49,46,51,52,24,39,60,51,55
860,66,41,42,22,36,32,43,44,39,53,48,38,30,46,25,44,39,30,21,55,16,47,50,52,47,24,45,55,47,54
861,61,45,45,22,36,35,34,37,38,42,56,37,40,49,26,50,40,23,26,55,21,43,45,45,49,29,44,48,52,58
862,59,46,46,21,30,32,34,41,40,48,51,43,34,56,23,45,35,24,23,51,22,46,44,58,49,24,43,52,53,58
863,63,45,46,27,35,33,42,39,41,37,45,43,29,57,17,51,35,22,19,54,25,47,41,48,56,23,45,56,56,54
864,59,49,46,23,31,40,40,41,42,40,56,36,28,53,22,47,46,28,23,53,20,45,44,52,49,22,40,56,51,49
865,56,48,50,21,36,36,36,40,36,48,49,35,27,54,26,48,40,25,26,53,23,45,50,51,46,22,45,47,50,62
866,65,43,47,27,36,35,44,40,42,44,53,38,29,55,26,50,46,20,17,40,23,42,42,53,50,22,45,52,52,53
867,64,46,47,21,39,39,32,39,39,47,50,38,36,56,21,46,38,24,21,53,25,46,44,49,50,26,44,48,48,55
868,63,44,44,25,30,33,38,37,33,46,45,39,31,54,23,47,43,26,20,57,33,45,47,47,50,26,44,58,46,57
869,63,43,39,25,32,35,37,31,41,48,52,40,32,43,23,47,42,21,22,55,28,52,39,51,53,23,48,54,56,56
870,62,52,49,24,29,36,37,40,41,44,45,40,31,60,23,47,43,31,20,48,22,45,49,52,45,20,45,50,49,52
871,63,50,43,25,28,35,40,37,41,43,51,35,37,47,22,40,46,25,27,54,24,44,47,48,46,28,40,57,50,58
872,58,54,43,23,38,32,46,33,42,44,54,37,27,52,21,42,45,25,25,53,23,48,43,48,51,28,41,55,44,56
873,63,48,48,23,32,40,34,36,38,38,51,41,30,49,36,39,40,23,22,51,22,46,52,48,47,24,43,52,55,60
874,62,49,49,24,39,36,38,43,36,39,50,42,32,49,23,48,43,24,21,47,25,47,43,52,53,22,40,53,50,52
875,63,45,45,26,35,34,41,37,37,46,53,40,32,50,26,52,39,22,16,55,24,44,41,53,49,21,43,51,50,61
876,63,45,50,32,32,32,44,36,34,42,56,40,34,48,26,42,42,20,22,53,27,44,47,46,50,24,45,48,49,58
877,64,43,46,24,31,42,36,36,39,42,52,42,28,46,18,38,40,26,24,57,24,47,47,52,54,25,48,55,52,53
878,61,46,41,20,39,35,38,43,36,40,51,36,29,51,24,51,38,23,17,51,25,44,49,55,54,26,48,55,49,56
879,59,45,47,27,31,36,39,42,37,46,54,41,29,52,26,45,39,24,21,51,18,43,46,55,47,21,46,53,52,59
880,62,46,49,27,30,41,35,35,39,47,56,34,33,54,20,44,45,23,20,56,19,41,49,45,49,25,43,53,51,60
881,55,51,47,21,31,34,36,44,43,49,51,32,30,52,27,48,47,25,30,49,22,44,39,50,42,23,42,54,49,64
882,56,45,42,26,35,34,35,37,39,43,52,41,34,57,23,45,46,30,17,55,26,45,40,51,52,26,42,54,47,56
883,62,45,43,23,38,31,42,37,40,47,50,41,29,49,18,50,39,24,18,56,24,43,44,50,50,28,46,54,52,58
884,63,44,45,21,34,32,30,41,38,40,51,38,34,48,32,46,46,31,22,51,27,46,43,54,47,23,41,56,51,56
885,58,51,46,26,37,32,35,40,40,46,46,36,32,54,31,43,43,27,19,51,20,48,43,49,49,23,47,54,49,56
886,62,45,50,26,30,33,40,36,43,48,51,35,32,53,24,43,48,22,21,47,25,45,50,57,49,19,46,50,47,54
887,62,46,46,26,31,33,38,48,41,44,46,37,35,54,20,38,44,22,24,56,20,44,45,48,51,25,48,48,53,58
888,65,43,49,23,35,38,35,40,42,42,48,44,29,49,22,46,45,23,20,55,31,43,46,49,46,17,37,57,53,59
889,64,42,48,25,27,34,34,38,45,47,52,33,34,54,24,45,39,28,27,53,22,47,48,44,47,24,48,55,50,53
890,64,42,45,27,37,42,38,40,34,44,52,42,27,51,28,44,45,24,19,53,20,44,39,56,45,24,46,49,51,59
891,65,49,46,24,32,34,36,41,40,39,52,36,32,52,24,51,42,28,22,50,21,47,46,47,49,20,43,52,53,58
892,60,45,48,27,35,34,42,40,38,46,50,37,32,49,25,42,43,19,22,52,21,47,46,54,47,20,44,57,47,62
893,61,52,42,25,39,31,31,39,42,41,51,40,33,48,26,46,42,17,26,58,22,49,47,51,45,25,44,52,48,58
894,61,43,45,27,29,32,44,33,41,46,47,36,28,55,23,49,41,29,23,53,20,47,45,49,51,25,48,55,53,53
895,59,43,47,26,37,33,33,41,45,48,54,33,38,48,25,42,36,29,22,51,21,50,48,56,44,23,40,50,53,56
896,60,48,45,27,27,35,44,36,39,46,46,38,38,55,25,44,36,25,20,52,22,42,50,53,52,19,48,53,50,56
897,63,49,48,25,27,36,35,35,40,45,45,42,36,50,32,42,41,25,22,55,27,44,38,53,48,20,49,53,50,56
898,62,45,48,26,34,35,36,42,39,45,45,40,36,49,22,48,39,27,16,54,23,42,46,53,48,23,46,56,51,55
899,56,54,37,28,42,35,34,40,38,41,49,36,27,54,25,47,44,33,19,52,19,45,50,49,52,21,44,53,51,56
900,63,45,50,25,35,33,40,39,41,45,51,32,29,58,22,40,42,26,23,55,24,46,44,49,50,25,40,52,52,55
901,61,45,50,21,32,30,39,39,46,41,49,38,32,56,31,45,41,26,23,50,23,45,44,53,47,20,46,50,52,56
902,67,40,42,24,28,37,40,40,43,44,50,36,31,55,22,45,42,23,24,54,21,49,44,49,55,24,48,48,51,55
903,61,49,42,21,33,29,36,44,38,51,54,39,37,53,18,44,45,25,20,47,20,47,47,54,48,21,49,53,48,58
904,63,49,49,26,36,36,31,31,40,47,53,42,30,52,25,49,40,24,23,48,23,47,47,51,51,23,44,51,46,54
905,62,43,47,28,33,33,35,41,39,49,51,39,33,56,24,49,45,23,24,52,24,41,43,51,43,21,46,49,47,60
906,66,48,48,24,33,40,38,35,36,45,54,41,28,55,21,42,43,28,24,54,25,46,46,46,47,19,44,54,50,51
907,65,36,47,25,39,40,32,33,38,45,44,43,34,52,23,45,39,27,26,50,27,53,41,52,54,22,41,57,50,51
908,65,48,50,27,29,42,36,40,41,44,50,41,32,52,19,47,41,25,20,53,19,46,33,45,49,22,48,54,55,58
909,64,44,45,23,31,35,41,37,40,44,50,43,38,51,26,51,40,24,22,42,17,48,49,53,48,27,45,48,49,56
910,67,47,43,21,27,37,38,39,45,45,51,38,30,50,30,43,43,29,19,51,24,48,42,52,49,24,42,54,49,54
911,62,51,47,18,30,35,35,40,45,47,49,37,27,50,27,39,46,29,19,50,29,45,45,51,53,26,43,52,53,51
912,59,46,54,21,32,38,29,45,42,46,48,37,29,54,24,46,39,27,25,50,24,46,44,53,48,23,46,56,47,53
913,65,46,48,21,28,33,42,43,43,42,51,35,32,50,21,45,41,27,17,57,23,43,47,51,46,25,42,56,54,57
914,61,43,43,26,31,36,40,37,42,44,55,36,37,50,29,40,43,24,27,50,23,42,47,52,49,24,42,56,45,57
915,67,43,47,27,33,37,31,37,39,52,49,44,34,48,26,44,31,28,27,53,26,47,39,50,50,20,41,54,51,56
916,62,47,45,25,31,33,33,46,44,43,39,37,38,57,23,50,38,24,27,54,20,47,49,46,48,22,46,46,47,64
917,62,51,49,25,27,36,39,38,44,45,51,35,34,52,27,47,44,25,22,49,22,47,43,46,53,19,42,55,51,51
918,60,46,52,26,26,38,39,36,40,47,47,39,33,53,22,39,45,23,23,58,19,46,48,49,47,30,43,53,48,56
919,58,50,45,25,30,37,39,35,41,39,49,35,28,59,22,43,40,33,23,51,24,47,50,49,49,25,42,54,51,58
920,69,50,43,25,28,41,32,30,38,43,48,40,38,53,28,43,42,23,22,53,20,45,43,49,50,31,41,56,47,60
921,63,50,42,31,36,31,41,39,38,46,48,35,28,49,28,47,42,23,24,52,23,41,47,49,53,19,46,49,52,59
922,67,49,45,30,36,40,36,40,43,42,49,37,34,50,24,42,41,21,22,49,21,45,44,48,47,20,47,53,50,59
923,66,45,47,26,37,33,35,37,42,43,50,34,33,52,25,42,41,22,21,55,21,48,43,51,55,24,47,52,46,58
924,63,42,43,23,36,39,35,36,40,47,46,39,39,55,27,36,44,26,20,53,21,48,43,54,50,23,47,47,52,57
925,60,48,45,26,32,35,41,37,42,47,50,38,37,54,23,47,41,26,26,54,20,44,43,51,45,25,38,55,48,53
926,58,52,50,29,32,34,38,35,38,46,52,39,34,46,26,45,45,20,17,48,22,46,43,50,52,22,48,56,48,60
927,58,39,45,22,39,38,35,38,34,41,55,39,33,52,25,45,40,30,24,51,22,48,47,52,47,25,41,53,54,59
928,62,48,43,23,29,37,41,35,41,46,52,32,27,49,29,44,44,30,26,52,22,49,48,51,48,20,44,52,53,54
929,66,50,45,24,31,39,34,43,40,43,47,37,34,48,25,46,44,28,19,50,21,47,46,54,50,19,48,46,48,59
930,60,49,51,20,36,41,35,36,42,46,46,36,30,50,24,47,43,25,18,49,26,39,49,51,52,23,46,49,53,59
931,63,44,42,24,34,38,39,39,40,41,55,37,34,49,30,47,38,28,28,59,18,44,40,50,48,21,46,47,49,59
932,56,50,47,22,37,33,38,44,42,44,50,40,33,55,25,47,45,19,18,49,17,47,46,48,48,24,49,51,53,54
933,57,53,43,25,31,34,35,40,44,45,47,45,36,51,22,41,40,25,21,48,21,46,49,53,50,22,47,55,47,58
934,59,46,49,22,38,35,42,41,40,43,51,33,33,51,24,47,49,24,21,52,20,43,44,46,52,27,45,48,51,55
935,60,44,43,26,32,44,38,36,38,47,53,33,32,50,28,46,43,25,15,58,24,44,52,49,50,19,47,54,48,53
936,58,49,42,23,37,32,41,38,39,44,50,42,36,46,26,43,43,25,26,50,21,42,42,55,51,23,49,51,46,61
937,63,43,45,26,28,33,35,40,39,46,44,38,37,49,25,47,41,27,21,57,21,50,48,48,53,24,45,54,52,52
938,62,43,52,22,35,30,34,35,41,44,49,39,27,53,24,47,48,21,25,54,25,49,50,50,47,19,46,46,54,60
939,64,44,48,24,35,36,33,34,47,40,47,42,28,52,27,43,40,27,24,48,23,48,44,57,47,24,48,50,47,60
940,66,45,43,24,27,42,42,41,40,50,43,42,31,49,19,40,41,29,20,57,24,44,44,53,50,23,43,50,54,55
941,60,49,43,19,36,32,38,44,39,43,48,42,37,50,20,47,40,29,22,54,23,46,43,51,49,24,43,51,51,58
942,63,44,47,22,30,32,35,40,44,46,54,34,36,52,24,43,41,26,19,52,26,45,43,54,53,21,48,54,44,59
943,61,44,52,24,28,41,31,33,40,44,46,38,38,53,27,41,39,21,25,52,20,50,48,54,49,28,39,54,49,62
944,63,39,49,25,34,35,42,32,43,47,47,39,32,48,28,44,40,26,24,52,21,47,45,48,56,21,46,53,45,60
945,63,46,38,27,28,40,43,39,43,45,49,31,40,52,30,46,37,25,18,51,19,44,43,51,50,27,45,57,50,54
946,58,45,48,22,39,32,41,43,38,41,54,31,33,50,24,48,43,23,20,53,27,44,43,55,47,17,49,53,49,61
947,62,50,51,18,31,38,35,43,42,46,47,36,33,56,22,48,35,24,21,54,24,42,44,53,46,23,47,53,51,56
948,62,47,44,24,33,36,35,43,40,45,50,38,37,46,31,50,40,20,21,53,20,44,48,50,48,19,45,54,50,58
949,66,47,48,25,36,35,32,39,49,46,49,36,35,54,20,43,41,26,24,58,23,43,37,49,48,25,41,55,51,50
950,66,42,52,19,33,36,37,42,40,40,51,37,35,53,24,45,39,26,23,58,18,44,45,46,48,29,43,53,52,55
951,65,45,47,26,37,34,39,38,42,50,46,41,34,58,24,44,40,22,19,52,20,44,44,49,50,24,46,52,46,53
952,62,43,48,24,33,37,35,37,40,38,53,35,35,46,30,42,40,23,22,54,25,49,46,48,52,28,42,54,50,60
953,67,50,48,18,27,35,34,38,43,45,49,41,30,54,22,44,45,23,23,50,25,49,47,48,52,26,45,51,49,53
954,61,49,42,25,35,32,40,41,39,45,48,37,42,54,28,41,42,21,20,51,16,48,47,52,54,21,46,46,53,55
955,63,48,48,27,31,33,43,37,36,43,49,31,35,50,25,43,42,27,23,55,23,47,42,54,44,17,53,54,50,58
956,59,45,45,30,37,34,38,39,45,47,48,40,33,59,24,42,45,21,20,54,25,45,46,55,44,23,47,44,44,53
957,65,48,46,21,34,38,39,34,41,41,41,38,31,47,22,48,42,29,19,57,25,44,44,52,50,24,45,57,50,59
958,63,45,42,24,33,33,38,44,38,45,53,41,31,50,26,45,40,24,24,51,22,41,45,52,48,21,48,48,57,59
959,68,44,47,23,27,37,34,38,42,41,48,40,30,53,23,47,40,26,19,54,22,42,51,49,54,21,48,55,49,59
960,63,49,44,21,33,40,39,35,40,42,46,42,28,56,19,42,43,30,23,52,23,45,44,56,49,21,50,47,51,58
961,57,51,45,21,39,32,35,44,40,41,51,34,32,52,25,46,40,25,26,51,21,49,46,54,44,16,51,50,49,64
962,62,50,47,29,38,36,35,41,40,39,52,38,30,46,26,42,46,24,21,55,25,45,40,56,55,19,40,53,53,48
963,66,48,51,23,38,36,31,41,40,45,50,35,28,50,28,50,45,20,21,53,23,49,41,51,45,21,50,48,45,59
964,62,45,46,25,33,40,40,40,42,44,48,37,39,53,29,52,34,26,18,52,19,46,47,50,48,23,39,51,49,54
965,65,45,45,27,31,37,31,37,38,46,54,33,34,50,26,47,44,23,22,55,25,47,44,49,49,28,43,50,49,57
966,66,42,46,26,38,35,37,39,41,44,53,36,34,46,21,47,45,23,22,45,25,50,51,55,48,23,42,55,42,54
967,60,52,43,26,35,27,34,42,36,47,53,40,36,52,28,50,39,24,26,49,17,52,50,50,47,22,44,49,45,56
968,57,46,40,21,33,34,37,37,45,45,52,40,39,51,21,44,44,22,22,58,25,48,43,53,46,24,39,56,51,58
969,63,49,44,25,31,33,35,41,39,48,55,41,33,47,25,47,39,25,18,58,23,45,45,50,48,22,43,51,52,56
970,58,40,48,30,37,38,41,36,41,48,53,41,35,49,35,42,41,23,17,54,24,46,41,53,48,18,43,50,50,51
971,64,50,45,28,30,37,38,43,37,44,52,39,40,48,20,44,47,22,23,55,20,43,52,47,45,22,47,46,50,53
972,59,49,44,25,41,33,34,41,38,45,54,42,32,52,24,39,44,27,22,49,26,44,45,58,47,27,39,51,49,51
973,67,46,49,28,28,31,37,39,42,49,48,33,37,53,24,50,37,28,17,53,25,43,46,53,50,20,47,50,45,56
974,60,52,47,22,36,40,34,42,45,43,46,41,28,54,31,44,40,26,20,54,23,47,44,45,49,19,45,51,47,56
975,61,45,45,26,36,36,44,36,38,41,45,37,34,49,32,44,37,25,17,56,22,44,51,53,47,18,47,52,53,60
976,61,53,44,19,27,32,40,37,42,40,50,40,36,51,23,40,38,24,28,52,24,50,50,49,50,30,43,58,46,54
977,63,49,45,26,27,36,36,45,44,42,50,39,35,52,20,45,37,25,23,54,21,45,41,50,49,22,45,50,53,62
978,64,44,47,25,36,35,34,44,33,42,55,36,31,50,30,43,38,21,28,55,30,39,39,58,48,29,45,53,42,57
979,60,42,46,23,35,35,36,41,40,46,45,33,35,49,33,50,39,21,21,55,25,47,43,55,47,24,49,46,54,56
980,58,48,46,27,33,32,41,37,42,48,47,40,30,52,17,41,42,27,25,48,24,48,45,47,48,19,49,57,51,62
981,63,46,52,29,32,34,36,37,39,40,56,39,29,48,26,44,49,24,23,57,25,42,43,47,46,18,43,49,56,59
982,64,49,53,27,30,33,36,40,41,45,51,36,36,51,28,44,41,24,20,52,23,46,39,45,53,19,46,50,49,60
983,63,46,41,29,34,29,37,41,44,48,49,37,34,54,25,43,39,22,20,51,23,50,47,48,48,24,44,55,53,53
984,62,50,48,29,35,32,39,34,40,44,49,36,31,54,24,41,38,27,19,52,28,51,48,51,54,17,42,46,52,58
985,60,42,46,26,31,40,34,35,39,45,47,43,32,53,30,48,42,25,22,48,21,45,48,56,51,26,46,51,50,49
986,65,44,38,26,30,40,32,43,40,49,55,43,29,51,26,48,42,25,23,51,19,48,42,52,48,24,41,50,49,58
987,65,51,47,24,38,30,35,40,40,46,51,36,35,53,27,44,35,27,22,53,23,45,43,48,47,20,44,51,55,56
988,59,46,42,27,36,37,37,33,38,46,46,41,37,56,22,45,39,27,24,56,22,46,39,52,52,18,48,49,50,61
989,63,41,47,31,33,34,35,43,41,52,53,37,37,46,25,45,36,20,23,52,26,45,42,57,48,23,46,56,41,53
990,59,51,45,25,33,37,38,37,35,42,48,37,34,47,29,47,41,23,22,54,22,47,47,59,48,22,44,53,53,52
991,59,49,48,27,35,36,39,31,42,39,48,38,32,50,24,44,40,24,26,52,24,52,44,50,50,21,42,52,50,63
992,63,42,47,29,33,34,38,32,40,41,48,47,31,57,20,45,50,28,32,49,21,45,45,51,42,22,47,52,48,52
993,61,49,44,21,29,41,42,39,41,43,50,41,27,47,28,47,40,27,24,55,21,40,47,47,55,22,44,50,53,56
994,65,50,51,25,33,38,32,36,45,45,46,44,25,59,21,45,45,22,26,48,26,48,44,48,49,21,39,44,54,57
995,64,43,50,25,33,31,39,41,46,43,46,39,34,54,31,49,39,21,25,45,23,40,44,54,50,22,47,49,47,57
996,60,49,51,28,33,41,39,39,45,45,50,35,31,54,19,50,38,27,23,53,20,41,46,48,45,21,42,54,48,56
997,65,45,45,20,34,43,40,39,45,41,50,37,35,49,26,48,35,24,22,45,23,49,46,51,52,23,41,56,51,51
998,64,46,47,22,34,31,40,36,36,48,55,42,32,54,22,49,42,24,24,45,18,49,44,49,53,29,40,54,45,57
999,65,48,46,19,30,39,36,40,39,44,52,33,31,56,26,50,42,24,20,48,24,46,43,51,50,24,49,53,53,50
