team,wins,losses,champion,finals,conference_finals,second_round,playoffs,simulation_date,week_number,games_completed,games_remaining,season_progress
BOS,55.75,44.25,0.125,0.375,0.375,0.625,1.0,2023-10-30,3,40,1277,0.030372057706909643
GSW,51.875,31.125,0.125,0.25,0.375,0.5,0.875,2023-10-30,3,40,1277,0.030372057706909643
MIL,47.75,40.25,0.125,0.25,0.375,0.375,0.75,2023-10-30,3,40,1277,0.030372057706909643
SAC,45.25,38.75,0.125,0.25,0.25,0.25,0.375,2023-10-30,3,40,1277,0.030372057706909643
DEN,59.125,34.875,0.125,0.125,0.5,0.625,0.875,2023-10-30,3,40,1277,0.030372057706909643
TOR,38.625,43.375,0.125,0.125,0.25,0.375,0.375,2023-10-30,3,40,1277,0.030372057706909643
PHO,51.0,35.0,0.125,0.125,0.125,0.5,0.875,2023-10-30,3,40,1277,0.030372057706909643
MEM,37.75,44.25,0.125,0.125,0.125,0.125,0.125,2023-10-30,3,40,1277,0.030372057706909643
IND,54.0,45.0,0.0,0.125,0.375,0.5,1.0,2023-10-30,3,40,1277,0.030372057706909643
LAL,49.375,38.625,0.0,0.125,0.25,0.625,0.875,2023-10-30,3,40,1277,0.030372057706909643
BRK,39.5,42.5,0.0,0.125,0.125,0.25,0.5,2023-10-30,3,40,1277,0.030372057706909643
CLE,53.875,40.125,0.0,0.0,0.125,0.375,1.0,2023-10-30,3,40,1277,0.030372057706909643
OKC,54.0,38.0,0.0,0.0,0.125,0.375,0.875,2023-10-30,3,40,1277,0.030372057706909643
DAL,50.5,52.5,0.0,0.0,0.125,0.25,0.875,2023-10-30,3,40,1277,0.030372057706909643
PHI,49.375,39.625,0.0,0.0,0.125,0.25,0.625,2023-10-30,3,40,1277,0.030372057706909643
ORL,41.375,47.625,0.0,0.0,0.125,0.25,0.375,2023-10-30,3,40,1277,0.030372057706909643
MIN,50.75,47.25,0.0,0.0,0.125,0.125,0.625,2023-10-30,3,40,1277,0.030372057706909643
CHI,33.375,50.625,0.0,0.0,0.125,0.125,0.125,2023-10-30,3,40,1277,0.030372057706909643
NYK,50.625,44.375,0.0,0.0,0.0,0.375,1.0,2023-10-30,3,40,1277,0.030372057706909643
MIA,44.0,45.0,0.0,0.0,0.0,0.375,0.875,2023-10-30,3,40,1277,0.030372057706909643
LAC,48.125,39.875,0.0,0.0,0.0,0.375,0.75,2023-10-30,3,40,1277,0.030372057706909643
NOP,49.625,38.375,0.0,0.0,0.0,0.25,0.875,2023-10-30,3,40,1277,0.030372057706909643
ATL,45.75,37.25,0.0,0.0,0.0,0.125,0.25,2023-10-30,3,40,1277,0.030372057706909643
CHO,33.25,48.75,0.0,0.0,0.0,0.0,0.125,2023-10-30,3,40,1277,0.030372057706909643
DET,33.375,48.625,0.0,0.0,0.0,0.0,0.0,2023-10-30,3,40,1277,0.030372057706909643
WAS,32.5,49.5,0.0,0.0,0.0,0.0,0.0,2023-10-30,3,40,1277,0.030372057706909643
UTA,32.125,49.875,0.0,0.0,0.0,0.0,0.0,2023-10-30,3,40,1277,0.030372057706909643
SAS,29.875,52.125,0.0,0.0,0.0,0.0,0.0,2023-10-30,3,40,1277,0.030372057706909643
POR,27.25,54.75,0.0,0.0,0.0,0.0,0.0,2023-10-30,3,40,1277,0.030372057706909643
HOU,27.25,54.75,0.0,0.0,0.0,0.0,0.0,2023-10-30,3,40,1277,0.030372057706909643
DEN,61.875,32.125,0.25,0.375,0.375,0.5,1.0,2023-11-06,4,91,1226,0.06909643128321943
ATL,49.5,33.5,0.25,0.25,0.25,0.375,0.875,2023-11-06,4,91,1226,0.06909643128321943
NYK,49.0,46.0,0.125,0.25,0.25,0.5,0.75,2023-11-06,4,91,1226,0.06909643128321943
LAL,48.375,39.625,0.125,0.25,0.25,0.375,0.875,2023-11-06,4,91,1226,0.06909643128321943
LAC,48.625,39.375,0.125,0.125,0.25,0.5,0.625,2023-11-06,4,91,1226,0.06909643128321943
ORL,44.5,44.5,0.125,0.125,0.125,0.25,0.625,2023-11-06,4,91,1226,0.06909643128321943
BOS,64.125,35.875,0.0,0.125,0.375,0.5,1.0,2023-11-06,4,91,1226,0.06909643128321943
MIL,51.625,36.375,0.0,0.125,0.375,0.5,1.0,2023-11-06,4,91,1226,0.06909643128321943
DAL,62.875,40.125,0.0,0.125,0.25,0.375,1.0,2023-11-06,4,91,1226,0.06909643128321943
MEM,38.75,43.25,0.0,0.125,0.25,0.375,0.375,2023-11-06,4,91,1226,0.06909643128321943
PHI,52.75,36.25,0.0,0.125,0.125,0.5,1.0,2023-11-06,4,91,1226,0.06909643128321943
IND,47.25,51.75,0.0,0.0,0.375,0.375,0.5,2023-11-06,4,91,1226,0.06909643128321943
CLE,47.0,47.0,0.0,0.0,0.125,0.625,0.75,2023-11-06,4,91,1226,0.06909643128321943
MIN,53.25,44.75,0.0,0.0,0.125,0.5,1.0,2023-11-06,4,91,1226,0.06909643128321943
PHO,48.625,37.375,0.0,0.0,0.125,0.375,0.75,2023-11-06,4,91,1226,0.06909643128321943
OKC,44.625,47.375,0.0,0.0,0.125,0.375,0.75,2023-11-06,4,91,1226,0.06909643128321943
NOP,43.125,44.875,0.0,0.0,0.125,0.125,0.25,2023-11-06,4,91,1226,0.06909643128321943
SAC,40.875,43.125,0.0,0.0,0.125,0.125,0.25,2023-11-06,4,91,1226,0.06909643128321943
GSW,50.125,32.875,0.0,0.0,0.0,0.375,0.875,2023-11-06,4,91,1226,0.06909643128321943
BRK,43.0,39.0,0.0,0.0,0.0,0.25,0.625,2023-11-06,4,91,1226,0.06909643128321943
TOR,40.75,41.25,0.0,0.0,0.0,0.125,0.375,2023-11-06,4,91,1226,0.06909643128321943
MIA,41.25,47.75,0.0,0.0,0.0,0.0,0.5,2023-11-06,4,91,1226,0.06909643128321943
SAS,33.875,48.125,0.0,0.0,0.0,0.0,0.125,2023-11-06,4,91,1226,0.06909643128321943
POR,33.125,48.875,0.0,0.0,0.0,0.0,0.125,2023-11-06,4,91,1226,0.06909643128321943
UTA,32.125,49.875,0.0,0.0,0.0,0.0,0.0,2023-11-06,4,91,1226,0.06909643128321943
CHO,30.75,51.25,0.0,0.0,0.0,0.0,0.0,2023-11-06,4,91,1226,0.06909643128321943
HOU,30.5,51.5,0.0,0.0,0.0,0.0,0.0,2023-11-06,4,91,1226,0.06909643128321943
DET,29.75,52.25,0.0,0.0,0.0,0.0,0.0,2023-11-06,4,91,1226,0.06909643128321943
CHI,29.375,54.625,0.0,0.0,0.0,0.0,0.0,2023-11-06,4,91,1226,0.06909643128321943
WAS,25.625,56.375,0.0,0.0,0.0,0.0,0.0,2023-11-06,4,91,1226,0.06909643128321943
BOS,65.375,34.625,0.375,0.5,0.625,1.0,1.0,2023-11-13,5,143,1174,0.10858010630220197
MIL,46.75,41.25,0.125,0.25,0.5,0.5,0.625,2023-11-13,5,143,1174,0.10858010630220197
NYK,53.375,41.625,0.125,0.125,0.375,0.75,1.0,2023-11-13,5,143,1174,0.10858010630220197
PHO,46.25,39.75,0.125,0.125,0.375,0.375,0.875,2023-11-13,5,143,1174,0.10858010630220197
LAL,45.375,42.625,0.125,0.125,0.125,0.375,0.75,2023-11-13,5,143,1174,0.10858010630220197
NOP,44.25,43.75,0.125,0.125,0.125,0.375,0.5,2023-11-13,5,143,1174,0.10858010630220197
MIN,59.75,38.25,0.0,0.125,0.25,0.75,1.0,2023-11-13,5,143,1174,0.10858010630220197
DAL,58.625,44.375,0.0,0.125,0.25,0.5,1.0,2023-11-13,5,143,1174,0.10858010630220197
OKC,49.25,42.75,0.0,0.125,0.25,0.25,0.875,2023-11-13,5,143,1174,0.10858010630220197
LAC,45.125,42.875,0.0,0.125,0.125,0.375,0.625,2023-11-13,5,143,1174,0.10858010630220197
CLE,50.125,43.875,0.0,0.125,0.125,0.25,0.875,2023-11-13,5,143,1174,0.10858010630220197
GSW,47.75,35.25,0.0,0.125,0.125,0.25,0.75,2023-11-13,5,143,1174,0.10858010630220197
DEN,58.875,35.125,0.0,0.0,0.375,0.75,1.0,2023-11-13,5,143,1174,0.10858010630220197
IND,48.75,50.25,0.0,0.0,0.125,0.375,0.875,2023-11-13,5,143,1174,0.10858010630220197
CHI,41.0,43.0,0.0,0.0,0.125,0.125,0.5,2023-11-13,5,143,1174,0.10858010630220197
BRK,40.25,41.75,0.0,0.0,0.125,0.125,0.25,2023-11-13,5,143,1174,0.10858010630220197
PHI,55.875,33.125,0.0,0.0,0.0,0.375,1.0,2023-11-13,5,143,1174,0.10858010630220197
ORL,41.875,47.125,0.0,0.0,0.0,0.125,0.625,2023-11-13,5,143,1174,0.10858010630220197
MIA,46.0,43.0,0.0,0.0,0.0,0.125,0.5,2023-11-13,5,143,1174,0.10858010630220197
ATL,44.125,38.875,0.0,0.0,0.0,0.125,0.375,2023-11-13,5,143,1174,0.10858010630220197
TOR,40.875,41.125,0.0,0.0,0.0,0.125,0.375,2023-11-13,5,143,1174,0.10858010630220197
HOU,41.875,40.125,0.0,0.0,0.0,0.0,0.375,2023-11-13,5,143,1174,0.10858010630220197
POR,32.625,49.375,0.0,0.0,0.0,0.0,0.125,2023-11-13,5,143,1174,0.10858010630220197
UTA,30.875,51.125,0.0,0.0,0.0,0.0,0.125,2023-11-13,5,143,1174,0.10858010630220197
SAC,38.125,45.875,0.0,0.0,0.0,0.0,0.0,2023-11-13,5,143,1174,0.10858010630220197
MEM,33.375,48.625,0.0,0.0,0.0,0.0,0.0,2023-11-13,5,143,1174,0.10858010630220197
SAS,28.375,53.625,0.0,0.0,0.0,0.0,0.0,2023-11-13,5,143,1174,0.10858010630220197
CHO,28.25,53.75,0.0,0.0,0.0,0.0,0.0,2023-11-13,5,143,1174,0.10858010630220197
WAS,27.625,54.375,0.0,0.0,0.0,0.0,0.0,2023-11-13,5,143,1174,0.10858010630220197
DET,26.25,55.75,0.0,0.0,0.0,0.0,0.0,2023-11-13,5,143,1174,0.10858010630220197
MIN,61.25,36.75,0.25,0.25,0.375,0.625,1.0,2023-11-20,6,193,1124,0.14654517843583903
PHI,55.75,33.25,0.125,0.25,0.375,0.625,1.0,2023-11-20,6,193,1124,0.14654517843583903
OKC,55.75,36.25,0.125,0.25,0.25,0.75,1.0,2023-11-20,6,193,1124,0.14654517843583903
ORL,45.625,43.375,0.125,0.25,0.25,0.25,0.625,2023-11-20,6,193,1124,0.14654517843583903
BOS,64.125,35.875,0.125,0.125,0.25,0.5,1.0,2023-11-20,6,193,1124,0.14654517843583903
MIL,47.5,40.5,0.125,0.125,0.125,0.375,0.75,2023-11-20,6,193,1124,0.14654517843583903
NOP,44.375,43.625,0.125,0.125,0.125,0.25,0.625,2023-11-20,6,193,1124,0.14654517843583903
IND,49.75,49.25,0.0,0.125,0.375,0.5,0.75,2023-11-20,6,193,1124,0.14654517843583903
DAL,57.125,45.875,0.0,0.125,0.25,0.625,1.0,2023-11-20,6,193,1124,0.14654517843583903
SAC,43.75,40.25,0.0,0.125,0.25,0.25,0.5,2023-11-20,6,193,1124,0.14654517843583903
NYK,55.0,40.0,0.0,0.125,0.125,0.375,1.0,2023-11-20,6,193,1124,0.14654517843583903
LAL,49.125,38.875,0.0,0.125,0.125,0.375,1.0,2023-11-20,6,193,1124,0.14654517843583903
DEN,58.25,35.75,0.0,0.0,0.5,0.75,1.0,2023-11-20,6,193,1124,0.14654517843583903
MIA,43.875,45.125,0.0,0.0,0.25,0.5,0.625,2023-11-20,6,193,1124,0.14654517843583903
CLE,52.625,41.375,0.0,0.0,0.125,0.5,1.0,2023-11-20,6,193,1124,0.14654517843583903
MEM,36.25,45.75,0.0,0.0,0.125,0.25,0.25,2023-11-20,6,193,1124,0.14654517843583903
TOR,37.875,44.125,0.0,0.0,0.125,0.125,0.125,2023-11-20,6,193,1124,0.14654517843583903
ATL,42.625,40.375,0.0,0.0,0.0,0.125,0.625,2023-11-20,6,193,1124,0.14654517843583903
PHO,44.625,41.375,0.0,0.0,0.0,0.125,0.5,2023-11-20,6,193,1124,0.14654517843583903
BRK,39.375,42.625,0.0,0.0,0.0,0.125,0.25,2023-11-20,6,193,1124,0.14654517843583903
GSW,43.0,40.0,0.0,0.0,0.0,0.0,0.375,2023-11-20,6,193,1124,0.14654517843583903
LAC,42.25,45.75,0.0,0.0,0.0,0.0,0.375,2023-11-20,6,193,1124,0.14654517843583903
CHI,39.75,44.25,0.0,0.0,0.0,0.0,0.25,2023-11-20,6,193,1124,0.14654517843583903
HOU,37.875,44.125,0.0,0.0,0.0,0.0,0.25,2023-11-20,6,193,1124,0.14654517843583903
UTA,34.125,47.875,0.0,0.0,0.0,0.0,0.125,2023-11-20,6,193,1124,0.14654517843583903
SAS,30.625,51.375,0.0,0.0,0.0,0.0,0.0,2023-11-20,6,193,1124,0.14654517843583903
CHO,27.5,54.5,0.0,0.0,0.0,0.0,0.0,2023-11-20,6,193,1124,0.14654517843583903
POR,27.125,54.875,0.0,0.0,0.0,0.0,0.0,2023-11-20,6,193,1124,0.14654517843583903
DET,26.0,56.0,0.0,0.0,0.0,0.0,0.0,2023-11-20,6,193,1124,0.14654517843583903
WAS,24.125,57.875,0.0,0.0,0.0,0.0,0.0,2023-11-20,6,193,1124,0.14654517843583903
DEN,53.0,41.0,0.25,0.25,0.375,0.5,0.625,2023-11-27,7,244,1073,0.1852695520121488
PHI,50.875,38.125,0.125,0.25,0.375,0.5,0.75,2023-11-27,7,244,1073,0.1852695520121488
MIL,52.75,35.25,0.125,0.25,0.25,0.5,0.875,2023-11-27,7,244,1073,0.1852695520121488
PHO,53.0,33.0,0.125,0.125,0.375,0.75,1.0,2023-11-27,7,244,1073,0.1852695520121488
SAC,47.75,36.25,0.125,0.125,0.25,0.375,0.75,2023-11-27,7,244,1073,0.1852695520121488
LAL,46.625,41.375,0.125,0.125,0.125,0.375,0.5,2023-11-27,7,244,1073,0.1852695520121488
BRK,45.25,36.75,0.125,0.125,0.125,0.125,0.75,2023-11-27,7,244,1073,0.1852695520121488
NYK,53.875,41.125,0.0,0.25,0.375,0.5,0.875,2023-11-27,7,244,1073,0.1852695520121488
DAL,53.875,49.125,0.0,0.125,0.25,0.5,0.875,2023-11-27,7,244,1073,0.1852695520121488
NOP,47.125,40.875,0.0,0.125,0.25,0.375,0.75,2023-11-27,7,244,1073,0.1852695520121488
TOR,39.875,42.125,0.0,0.125,0.25,0.25,0.25,2023-11-27,7,244,1073,0.1852695520121488
OKC,51.375,40.625,0.0,0.125,0.125,0.375,0.875,2023-11-27,7,244,1073,0.1852695520121488
CLE,54.125,39.875,0.0,0.0,0.625,0.875,1.0,2023-11-27,7,244,1073,0.1852695520121488
MIN,59.0,39.0,0.0,0.0,0.125,0.5,1.0,2023-11-27,7,244,1073,0.1852695520121488
GSW,44.375,38.625,0.0,0.0,0.125,0.25,0.625,2023-11-27,7,244,1073,0.1852695520121488
IND,50.5,48.5,0.0,0.0,0.0,0.375,0.75,2023-11-27,7,244,1073,0.1852695520121488
BOS,65.625,34.375,0.0,0.0,0.0,0.25,1.0,2023-11-27,7,244,1073,0.1852695520121488
ORL,50.625,38.375,0.0,0.0,0.0,0.25,0.875,2023-11-27,7,244,1073,0.1852695520121488
MIA,46.125,42.875,0.0,0.0,0.0,0.25,0.5,2023-11-27,7,244,1073,0.1852695520121488
ATL,43.5,39.5,0.0,0.0,0.0,0.125,0.375,2023-11-27,7,244,1073,0.1852695520121488
LAC,46.375,41.625,0.0,0.0,0.0,0.0,0.625,2023-11-27,7,244,1073,0.1852695520121488
HOU,42.25,39.75,0.0,0.0,0.0,0.0,0.375,2023-11-27,7,244,1073,0.1852695520121488
MEM,31.25,50.75,0.0,0.0,0.0,0.0,0.0,2023-11-27,7,244,1073,0.1852695520121488
POR,30.5,51.5,0.0,0.0,0.0,0.0,0.0,2023-11-27,7,244,1073,0.1852695520121488
CHI,29.75,54.25,0.0,0.0,0.0,0.0,0.0,2023-11-27,7,244,1073,0.1852695520121488
CHO,29.625,52.375,0.0,0.0,0.0,0.0,0.0,2023-11-27,7,244,1073,0.1852695520121488
UTA,29.625,52.375,0.0,0.0,0.0,0.0,0.0,2023-11-27,7,244,1073,0.1852695520121488
WAS,23.625,58.375,0.0,0.0,0.0,0.0,0.0,2023-11-27,7,244,1073,0.1852695520121488
DET,23.625,58.375,0.0,0.0,0.0,0.0,0.0,2023-11-27,7,244,1073,0.1852695520121488
SAS,21.125,60.875,0.0,0.0,0.0,0.0,0.0,2023-11-27,7,244,1073,0.1852695520121488
MIL,54.625,33.375,0.25,0.375,0.625,0.875,1.0,2023-12-04,8,291,1026,0.22095671981776766
LAL,48.625,39.375,0.25,0.25,0.375,0.75,0.75,2023-12-04,8,291,1026,0.22095671981776766
GSW,42.5,40.5,0.125,0.25,0.25,0.25,0.375,2023-12-04,8,291,1026,0.22095671981776766
NYK,54.625,40.375,0.125,0.125,0.375,0.75,1.0,2023-12-04,8,291,1026,0.22095671981776766
DEN,56.25,37.75,0.125,0.125,0.25,0.375,0.875,2023-12-04,8,291,1026,0.22095671981776766
PHI,50.5,38.5,0.125,0.125,0.125,0.125,0.875,2023-12-04,8,291,1026,0.22095671981776766
CLE,50.375,43.625,0.0,0.25,0.375,0.5,0.875,2023-12-04,8,291,1026,0.22095671981776766
DAL,49.875,53.125,0.0,0.25,0.25,0.375,0.75,2023-12-04,8,291,1026,0.22095671981776766
MIN,62.75,35.25,0.0,0.125,0.375,0.5,1.0,2023-12-04,8,291,1026,0.22095671981776766
IND,47.5,51.5,0.0,0.125,0.125,0.375,0.75,2023-12-04,8,291,1026,0.22095671981776766
BOS,67.125,32.875,0.0,0.0,0.25,0.5,1.0,2023-12-04,8,291,1026,0.22095671981776766
NOP,46.125,41.875,0.0,0.0,0.25,0.25,0.5,2023-12-04,8,291,1026,0.22095671981776766
PHO,47.875,38.125,0.0,0.0,0.125,0.375,0.75,2023-12-04,8,291,1026,0.22095671981776766
LAC,48.5,39.5,0.0,0.0,0.125,0.25,0.875,2023-12-04,8,291,1026,0.22095671981776766
ATL,41.75,41.25,0.0,0.0,0.125,0.125,0.375,2023-12-04,8,291,1026,0.22095671981776766
OKC,57.375,34.625,0.0,0.0,0.0,0.5,1.0,2023-12-04,8,291,1026,0.22095671981776766
SAC,47.0,37.0,0.0,0.0,0.0,0.375,0.75,2023-12-04,8,291,1026,0.22095671981776766
MIA,47.625,41.375,0.0,0.0,0.0,0.25,0.875,2023-12-04,8,291,1026,0.22095671981776766
TOR,38.75,43.25,0.0,0.0,0.0,0.25,0.25,2023-12-04,8,291,1026,0.22095671981776766
ORL,47.125,41.875,0.0,0.0,0.0,0.125,0.625,2023-12-04,8,291,1026,0.22095671981776766
CHI,34.5,49.5,0.0,0.0,0.0,0.125,0.125,2023-12-04,8,291,1026,0.22095671981776766
HOU,42.375,39.625,0.0,0.0,0.0,0.0,0.25,2023-12-04,8,291,1026,0.22095671981776766
BRK,40.625,41.375,0.0,0.0,0.0,0.0,0.25,2023-12-04,8,291,1026,0.22095671981776766
UTA,32.5,49.5,0.0,0.0,0.0,0.0,0.125,2023-12-04,8,291,1026,0.22095671981776766
MEM,35.25,46.75,0.0,0.0,0.0,0.0,0.0,2023-12-04,8,291,1026,0.22095671981776766
CHO,31.5,50.5,0.0,0.0,0.0,0.0,0.0,2023-12-04,8,291,1026,0.22095671981776766
POR,27.125,54.875,0.0,0.0,0.0,0.0,0.0,2023-12-04,8,291,1026,0.22095671981776766
SAS,22.875,59.125,0.0,0.0,0.0,0.0,0.0,2023-12-04,8,291,1026,0.22095671981776766
WAS,22.625,59.375,0.0,0.0,0.0,0.0,0.0,2023-12-04,8,291,1026,0.22095671981776766
DET,20.75,61.25,0.0,0.0,0.0,0.0,0.0,2023-12-04,8,291,1026,0.22095671981776766
BOS,64.75,35.25,0.25,0.375,0.375,0.625,1.0,2023-12-11,9,321,996,0.2437357630979499
GSW,44.75,38.25,0.125,0.375,0.375,0.5,0.625,2023-12-11,9,321,996,0.2437357630979499
CLE,48.5,45.5,0.125,0.25,0.5,0.625,0.75,2023-12-11,9,321,996,0.2437357630979499
DEN,53.0,41.0,0.125,0.125,0.25,0.625,1.0,2023-12-11,9,321,996,0.2437357630979499
MIL,53.875,34.125,0.125,0.125,0.25,0.375,1.0,2023-12-11,9,321,996,0.2437357630979499
LAC,48.875,39.125,0.125,0.125,0.125,0.375,0.875,2023-12-11,9,321,996,0.2437357630979499
PHO,46.0,40.0,0.125,0.125,0.125,0.375,0.5,2023-12-11,9,321,996,0.2437357630979499
NOP,45.875,42.125,0.0,0.125,0.375,0.625,0.75,2023-12-11,9,321,996,0.2437357630979499
ORL,47.5,41.5,0.0,0.125,0.25,0.375,0.75,2023-12-11,9,321,996,0.2437357630979499
MIN,63.375,34.625,0.0,0.125,0.125,0.375,1.0,2023-12-11,9,321,996,0.2437357630979499
NYK,54.625,40.375,0.0,0.125,0.125,0.125,0.875,2023-12-11,9,321,996,0.2437357630979499
OKC,53.625,38.375,0.0,0.0,0.375,0.625,0.875,2023-12-11,9,321,996,0.2437357630979499
MIA,48.25,40.75,0.0,0.0,0.25,0.5,0.75,2023-12-11,9,321,996,0.2437357630979499
LAL,46.625,41.375,0.0,0.0,0.25,0.375,0.625,2023-12-11,9,321,996,0.2437357630979499
PHI,53.375,35.625,0.0,0.0,0.125,0.5,1.0,2023-12-11,9,321,996,0.2437357630979499
ATL,39.625,43.375,0.0,0.0,0.125,0.125,0.25,2023-12-11,9,321,996,0.2437357630979499
IND,50.25,48.75,0.0,0.0,0.0,0.5,0.875,2023-12-11,9,321,996,0.2437357630979499
BRK,44.375,37.625,0.0,0.0,0.0,0.25,0.75,2023-12-11,9,321,996,0.2437357630979499
SAC,45.75,38.25,0.0,0.0,0.0,0.125,0.75,2023-12-11,9,321,996,0.2437357630979499
DAL,52.375,50.625,0.0,0.0,0.0,0.0,0.75,2023-12-11,9,321,996,0.2437357630979499
HOU,43.5,38.5,0.0,0.0,0.0,0.0,0.25,2023-12-11,9,321,996,0.2437357630979499
TOR,38.25,43.75,0.0,0.0,0.0,0.0,0.0,2023-12-11,9,321,996,0.2437357630979499
MEM,35.125,46.875,0.0,0.0,0.0,0.0,0.0,2023-12-11,9,321,996,0.2437357630979499
CHI,34.875,49.125,0.0,0.0,0.0,0.0,0.0,2023-12-11,9,321,996,0.2437357630979499
CHO,31.5,50.5,0.0,0.0,0.0,0.0,0.0,2023-12-11,9,321,996,0.2437357630979499
POR,29.625,52.375,0.0,0.0,0.0,0.0,0.0,2023-12-11,9,321,996,0.2437357630979499
WAS,28.25,53.75,0.0,0.0,0.0,0.0,0.0,2023-12-11,9,321,996,0.2437357630979499
UTA,26.875,55.125,0.0,0.0,0.0,0.0,0.0,2023-12-11,9,321,996,0.2437357630979499
SAS,23.25,58.75,0.0,0.0,0.0,0.0,0.0,2023-12-11,9,321,996,0.2437357630979499
DET,20.375,61.625,0.0,0.0,0.0,0.0,0.0,2023-12-11,9,321,996,0.2437357630979499
LAL,48.625,39.375,0.375,0.375,0.375,0.5,0.875,2023-12-18,10,378,939,0.2870159453302961
DEN,60.5,33.5,0.25,0.25,0.5,0.5,1.0,2023-12-18,10,378,939,0.2870159453302961
MIN,60.875,37.125,0.125,0.125,0.25,0.375,1.0,2023-12-18,10,378,939,0.2870159453302961
NOP,48.625,39.375,0.125,0.125,0.25,0.375,0.875,2023-12-18,10,378,939,0.2870159453302961
PHO,46.75,39.25,0.125,0.125,0.125,0.25,0.5,2023-12-18,10,378,939,0.2870159453302961
PHI,55.375,33.625,0.0,0.375,0.375,0.5,1.0,2023-12-18,10,378,939,0.2870159453302961
MIA,49.0,40.0,0.0,0.25,0.25,0.375,1.0,2023-12-18,10,378,939,0.2870159453302961
BOS,66.5,33.5,0.0,0.125,0.5,0.875,1.0,2023-12-18,10,378,939,0.2870159453302961
CLE,52.0,42.0,0.0,0.125,0.5,0.625,0.875,2023-12-18,10,378,939,0.2870159453302961
ORL,47.375,41.625,0.0,0.125,0.125,0.25,0.75,2023-12-18,10,378,939,0.2870159453302961
NYK,50.625,44.375,0.0,0.0,0.25,0.75,0.875,2023-12-18,10,378,939,0.2870159453302961
OKC,56.375,35.625,0.0,0.0,0.25,0.375,1.0,2023-12-18,10,378,939,0.2870159453302961
LAC,51.375,36.625,0.0,0.0,0.125,0.625,0.875,2023-12-18,10,378,939,0.2870159453302961
DAL,53.75,49.25,0.0,0.0,0.125,0.375,0.875,2023-12-18,10,378,939,0.2870159453302961
MIL,52.375,35.625,0.0,0.0,0.0,0.375,1.0,2023-12-18,10,378,939,0.2870159453302961
GSW,45.25,37.75,0.0,0.0,0.0,0.375,0.5,2023-12-18,10,378,939,0.2870159453302961
IND,50.75,48.25,0.0,0.0,0.0,0.25,1.0,2023-12-18,10,378,939,0.2870159453302961
SAC,46.875,37.125,0.0,0.0,0.0,0.25,0.375,2023-12-18,10,378,939,0.2870159453302961
BRK,38.875,43.125,0.0,0.0,0.0,0.0,0.25,2023-12-18,10,378,939,0.2870159453302961
HOU,42.375,39.625,0.0,0.0,0.0,0.0,0.125,2023-12-18,10,378,939,0.2870159453302961
ATL,38.125,44.875,0.0,0.0,0.0,0.0,0.125,2023-12-18,10,378,939,0.2870159453302961
CHI,36.375,47.625,0.0,0.0,0.0,0.0,0.125,2023-12-18,10,378,939,0.2870159453302961
TOR,33.5,48.5,0.0,0.0,0.0,0.0,0.0,2023-12-18,10,378,939,0.2870159453302961
MEM,33.125,48.875,0.0,0.0,0.0,0.0,0.0,2023-12-18,10,378,939,0.2870159453302961
UTA,32.5,49.5,0.0,0.0,0.0,0.0,0.0,2023-12-18,10,378,939,0.2870159453302961
POR,27.125,54.875,0.0,0.0,0.0,0.0,0.0,2023-12-18,10,378,939,0.2870159453302961
SAS,26.625,55.375,0.0,0.0,0.0,0.0,0.0,2023-12-18,10,378,939,0.2870159453302961
WAS,23.75,58.25,0.0,0.0,0.0,0.0,0.0,2023-12-18,10,378,939,0.2870159453302961
CHO,23.75,58.25,0.0,0.0,0.0,0.0,0.0,2023-12-18,10,378,939,0.2870159453302961
DET,17.875,64.125,0.0,0.0,0.0,0.0,0.0,2023-12-18,10,378,939,0.2870159453302961
PHI,56.625,32.375,0.25,0.375,0.5,0.75,0.875,2023-12-25,11,430,887,0.32649962034927865
NYK,53.875,41.125,0.125,0.25,0.25,0.625,1.0,2023-12-25,11,430,887,0.32649962034927865
DAL,55.625,47.375,0.125,0.25,0.25,0.25,1.0,2023-12-25,11,430,887,0.32649962034927865
BOS,66.125,33.875,0.125,0.125,0.375,0.5,1.0,2023-12-25,11,430,887,0.32649962034927865
DEN,57.5,36.5,0.125,0.125,0.375,0.375,1.0,2023-12-25,11,430,887,0.32649962034927865
LAL,46.625,41.375,0.125,0.125,0.25,0.375,0.625,2023-12-25,11,430,887,0.32649962034927865
GSW,41.875,41.125,0.125,0.125,0.25,0.25,0.25,2023-12-25,11,430,887,0.32649962034927865
MIN,61.25,36.75,0.0,0.125,0.375,0.5,1.0,2023-12-25,11,430,887,0.32649962034927865
CLE,51.625,42.375,0.0,0.125,0.25,0.375,1.0,2023-12-25,11,430,887,0.32649962034927865
NOP,49.25,38.75,0.0,0.125,0.125,0.5,0.75,2023-12-25,11,430,887,0.32649962034927865
BRK,39.875,42.125,0.0,0.125,0.125,0.25,0.375,2023-12-25,11,430,887,0.32649962034927865
OKC,55.25,36.75,0.0,0.125,0.125,0.125,1.0,2023-12-25,11,430,887,0.32649962034927865
MIL,56.625,31.375,0.0,0.0,0.25,0.625,1.0,2023-12-25,11,430,887,0.32649962034927865
SAC,48.875,35.125,0.0,0.0,0.25,0.5,0.625,2023-12-25,11,430,887,0.32649962034927865
ATL,35.5,47.5,0.0,0.0,0.125,0.25,0.25,2023-12-25,11,430,887,0.32649962034927865
TOR,34.375,47.625,0.0,0.0,0.125,0.125,0.125,2023-12-25,11,430,887,0.32649962034927865
LAC,48.0,40.0,0.0,0.0,0.0,0.625,0.875,2023-12-25,11,430,887,0.32649962034927865
PHO,44.25,41.75,0.0,0.0,0.0,0.25,0.5,2023-12-25,11,430,887,0.32649962034927865
HOU,44.25,37.75,0.0,0.0,0.0,0.25,0.375,2023-12-25,11,430,887,0.32649962034927865
MIA,48.5,40.5,0.0,0.0,0.0,0.125,0.875,2023-12-25,11,430,887,0.32649962034927865
ORL,45.0,44.0,0.0,0.0,0.0,0.125,0.75,2023-12-25,11,430,887,0.32649962034927865
IND,44.625,54.375,0.0,0.0,0.0,0.125,0.5,2023-12-25,11,430,887,0.32649962034927865
CHI,41.5,42.5,0.0,0.0,0.0,0.125,0.25,2023-12-25,11,430,887,0.32649962034927865
UTA,36.0,46.0,0.0,0.0,0.0,0.0,0.0,2023-12-25,11,430,887,0.32649962034927865
MEM,34.875,47.125,0.0,0.0,0.0,0.0,0.0,2023-12-25,11,430,887,0.32649962034927865
CHO,27.25,54.75,0.0,0.0,0.0,0.0,0.0,2023-12-25,11,430,887,0.32649962034927865
POR,26.125,55.875,0.0,0.0,0.0,0.0,0.0,2023-12-25,11,430,887,0.32649962034927865
SAS,24.75,57.25,0.0,0.0,0.0,0.0,0.0,2023-12-25,11,430,887,0.32649962034927865
WAS,24.125,57.875,0.0,0.0,0.0,0.0,0.0,2023-12-25,11,430,887,0.32649962034927865
DET,16.875,65.125,0.0,0.0,0.0,0.0,0.0,2023-12-25,11,430,887,0.32649962034927865
BOS,74.5,25.5,0.375,0.5,0.5,0.625,1.0,2024-01-01,12,480,837,0.36446469248291574
DEN,59.875,34.125,0.125,0.25,0.5,0.875,1.0,2024-01-01,12,480,837,0.36446469248291574
OKC,58.75,33.25,0.125,0.25,0.375,0.5,1.0,2024-01-01,12,480,837,0.36446469248291574
MIL,53.125,34.875,0.125,0.25,0.25,0.5,1.0,2024-01-01,12,480,837,0.36446469248291574
LAC,49.25,38.75,0.125,0.25,0.25,0.375,0.875,2024-01-01,12,480,837,0.36446469248291574
CLE,52.75,41.25,0.125,0.125,0.375,0.875,1.0,2024-01-01,12,480,837,0.36446469248291574
MIN,64.5,33.5,0.0,0.125,0.25,0.375,1.0,2024-01-01,12,480,837,0.36446469248291574
MIA,48.25,40.75,0.0,0.125,0.25,0.375,1.0,2024-01-01,12,480,837,0.36446469248291574
NOP,47.375,40.625,0.0,0.125,0.125,0.5,0.875,2024-01-01,12,480,837,0.36446469248291574
PHI,55.375,33.625,0.0,0.0,0.25,0.5,1.0,2024-01-01,12,480,837,0.36446469248291574
LAL,47.375,40.625,0.0,0.0,0.25,0.5,0.75,2024-01-01,12,480,837,0.36446469248291574
NYK,52.375,42.625,0.0,0.0,0.125,0.5,1.0,2024-01-01,12,480,837,0.36446469248291574
DAL,53.25,49.75,0.0,0.0,0.125,0.25,1.0,2024-01-01,12,480,837,0.36446469248291574
ORL,48.25,40.75,0.0,0.0,0.125,0.25,0.875,2024-01-01,12,480,837,0.36446469248291574
SAC,47.5,36.5,0.0,0.0,0.125,0.25,0.75,2024-01-01,12,480,837,0.36446469248291574
TOR,33.125,48.875,0.0,0.0,0.125,0.125,0.125,2024-01-01,12,480,837,0.36446469248291574
HOU,42.625,39.375,0.0,0.0,0.0,0.25,0.25,2024-01-01,12,480,837,0.36446469248291574
IND,48.875,50.125,0.0,0.0,0.0,0.125,0.875,2024-01-01,12,480,837,0.36446469248291574
GSW,42.875,40.125,0.0,0.0,0.0,0.125,0.375,2024-01-01,12,480,837,0.36446469248291574
CHI,39.0,45.0,0.0,0.0,0.0,0.125,0.125,2024-01-01,12,480,837,0.36446469248291574
PHO,41.75,44.25,0.0,0.0,0.0,0.0,0.125,2024-01-01,12,480,837,0.36446469248291574
BRK,37.875,44.125,0.0,0.0,0.0,0.0,0.0,2024-01-01,12,480,837,0.36446469248291574
UTA,36.75,45.25,0.0,0.0,0.0,0.0,0.0,2024-01-01,12,480,837,0.36446469248291574
ATL,36.75,46.25,0.0,0.0,0.0,0.0,0.0,2024-01-01,12,480,837,0.36446469248291574
MEM,31.125,50.875,0.0,0.0,0.0,0.0,0.0,2024-01-01,12,480,837,0.36446469248291574
CHO,25.625,56.375,0.0,0.0,0.0,0.0,0.0,2024-01-01,12,480,837,0.36446469248291574
WAS,24.0,58.0,0.0,0.0,0.0,0.0,0.0,2024-01-01,12,480,837,0.36446469248291574
POR,24.0,58.0,0.0,0.0,0.0,0.0,0.0,2024-01-01,12,480,837,0.36446469248291574
SAS,23.125,58.875,0.0,0.0,0.0,0.0,0.0,2024-01-01,12,480,837,0.36446469248291574
DET,17.0,65.0,0.0,0.0,0.0,0.0,0.0,2024-01-01,12,480,837,0.36446469248291574
NYK,57.625,37.375,0.25,0.25,0.5,0.75,1.0,2024-01-08,13,535,782,0.4062262718299165
MIA,48.5,40.5,0.125,0.25,0.25,0.375,1.0,2024-01-08,13,535,782,0.4062262718299165
BOS,66.5,33.5,0.125,0.125,0.375,0.75,1.0,2024-01-08,13,535,782,0.4062262718299165
MIL,55.75,32.25,0.125,0.125,0.375,0.375,1.0,2024-01-08,13,535,782,0.4062262718299165
CLE,56.375,37.625,0.125,0.125,0.25,0.625,1.0,2024-01-08,13,535,782,0.4062262718299165
LAC,53.625,34.375,0.125,0.125,0.25,0.375,1.0,2024-01-08,13,535,782,0.4062262718299165
IND,54.125,44.875,0.125,0.125,0.125,0.25,1.0,2024-01-08,13,535,782,0.4062262718299165
DEN,60.875,33.125,0.0,0.25,0.5,0.75,1.0,2024-01-08,13,535,782,0.4062262718299165
MIN,59.875,38.125,0.0,0.125,0.25,0.75,1.0,2024-01-08,13,535,782,0.4062262718299165
LAL,42.75,45.25,0.0,0.125,0.25,0.375,0.375,2024-01-08,13,535,782,0.4062262718299165
NOP,53.125,34.875,0.0,0.125,0.125,0.625,0.875,2024-01-08,13,535,782,0.4062262718299165
SAC,45.125,38.875,0.0,0.125,0.125,0.25,0.75,2024-01-08,13,535,782,0.4062262718299165
PHO,43.75,42.25,0.0,0.125,0.125,0.125,0.375,2024-01-08,13,535,782,0.4062262718299165
OKC,56.125,35.875,0.0,0.0,0.25,0.25,1.0,2024-01-08,13,535,782,0.4062262718299165
DAL,52.875,50.125,0.0,0.0,0.125,0.375,1.0,2024-01-08,13,535,782,0.4062262718299165
ORL,46.375,42.625,0.0,0.0,0.125,0.25,0.875,2024-01-08,13,535,782,0.4062262718299165
PHI,52.5,36.5,0.0,0.0,0.0,0.5,1.0,2024-01-08,13,535,782,0.4062262718299165
GSW,41.75,41.25,0.0,0.0,0.0,0.125,0.375,2024-01-08,13,535,782,0.4062262718299165
CHI,37.75,46.25,0.0,0.0,0.0,0.125,0.125,2024-01-08,13,535,782,0.4062262718299165
HOU,42.5,39.5,0.0,0.0,0.0,0.0,0.125,2024-01-08,13,535,782,0.4062262718299165
MEM,35.125,46.875,0.0,0.0,0.0,0.0,0.125,2024-01-08,13,535,782,0.4062262718299165
ATL,37.75,45.25,0.0,0.0,0.0,0.0,0.0,2024-01-08,13,535,782,0.4062262718299165
TOR,36.75,45.25,0.0,0.0,0.0,0.0,0.0,2024-01-08,13,535,782,0.4062262718299165
UTA,35.5,46.5,0.0,0.0,0.0,0.0,0.0,2024-01-08,13,535,782,0.4062262718299165
BRK,35.5,46.5,0.0,0.0,0.0,0.0,0.0,2024-01-08,13,535,782,0.4062262718299165
CHO,25.625,56.375,0.0,0.0,0.0,0.0,0.0,2024-01-08,13,535,782,0.4062262718299165
POR,24.375,57.625,0.0,0.0,0.0,0.0,0.0,2024-01-08,13,535,782,0.4062262718299165
WAS,20.875,61.125,0.0,0.0,0.0,0.0,0.0,2024-01-08,13,535,782,0.4062262718299165
SAS,20.125,61.875,0.0,0.0,0.0,0.0,0.0,2024-01-08,13,535,782,0.4062262718299165
DET,17.5,64.5,0.0,0.0,0.0,0.0,0.0,2024-01-08,13,535,782,0.4062262718299165
DEN,62.125,31.875,0.25,0.25,0.375,0.75,1.0,2024-01-15,14,584,733,0.4434320425208808
MIN,62.0,36.0,0.25,0.25,0.375,0.5,1.0,2024-01-15,14,584,733,0.4434320425208808
CLE,53.625,40.375,0.125,0.25,0.375,0.5,1.0,2024-01-15,14,584,733,0.4434320425208808
BOS,68.75,31.25,0.125,0.25,0.25,0.875,1.0,2024-01-15,14,584,733,0.4434320425208808
MIL,53.625,34.375,0.125,0.125,0.5,0.5,1.0,2024-01-15,14,584,733,0.4434320425208808
PHO,45.625,40.375,0.125,0.125,0.125,0.125,0.375,2024-01-15,14,584,733,0.4434320425208808
NOP,52.625,35.375,0.0,0.125,0.375,0.625,1.0,2024-01-15,14,584,733,0.4434320425208808
MIA,49.25,39.75,0.0,0.125,0.25,0.5,1.0,2024-01-15,14,584,733,0.4434320425208808
OKC,58.25,33.75,0.0,0.125,0.25,0.375,1.0,2024-01-15,14,584,733,0.4434320425208808
LAC,53.0,35.0,0.0,0.125,0.25,0.375,0.875,2024-01-15,14,584,733,0.4434320425208808
PHI,52.875,36.125,0.0,0.125,0.25,0.25,1.0,2024-01-15,14,584,733,0.4434320425208808
IND,52.75,46.25,0.0,0.125,0.125,0.625,1.0,2024-01-15,14,584,733,0.4434320425208808
NYK,55.625,39.375,0.0,0.0,0.25,0.625,1.0,2024-01-15,14,584,733,0.4434320425208808
DAL,54.5,48.5,0.0,0.0,0.125,0.5,1.0,2024-01-15,14,584,733,0.4434320425208808
UTA,43.5,38.5,0.0,0.0,0.125,0.125,0.5,2024-01-15,14,584,733,0.4434320425208808
LAL,46.125,41.875,0.0,0.0,0.0,0.375,0.75,2024-01-15,14,584,733,0.4434320425208808
SAC,45.75,38.25,0.0,0.0,0.0,0.25,0.5,2024-01-15,14,584,733,0.4434320425208808
CHI,39.375,44.625,0.0,0.0,0.0,0.125,0.125,2024-01-15,14,584,733,0.4434320425208808
ORL,45.625,43.375,0.0,0.0,0.0,0.0,0.75,2024-01-15,14,584,733,0.4434320425208808
BRK,35.5,46.5,0.0,0.0,0.0,0.0,0.125,2024-01-15,14,584,733,0.4434320425208808
GSW,37.75,45.25,0.0,0.0,0.0,0.0,0.0,2024-01-15,14,584,733,0.4434320425208808
ATL,37.625,45.375,0.0,0.0,0.0,0.0,0.0,2024-01-15,14,584,733,0.4434320425208808
HOU,37.5,44.5,0.0,0.0,0.0,0.0,0.0,2024-01-15,14,584,733,0.4434320425208808
MEM,36.125,45.875,0.0,0.0,0.0,0.0,0.0,2024-01-15,14,584,733,0.4434320425208808
TOR,34.5,47.5,0.0,0.0,0.0,0.0,0.0,2024-01-15,14,584,733,0.4434320425208808
CHO,24.375,57.625,0.0,0.0,0.0,0.0,0.0,2024-01-15,14,584,733,0.4434320425208808
POR,22.375,59.625,0.0,0.0,0.0,0.0,0.0,2024-01-15,14,584,733,0.4434320425208808
SAS,21.125,60.875,0.0,0.0,0.0,0.0,0.0,2024-01-15,14,584,733,0.4434320425208808
WAS,21.0,61.0,0.0,0.0,0.0,0.0,0.0,2024-01-15,14,584,733,0.4434320425208808
DET,14.125,67.875,0.0,0.0,0.0,0.0,0.0,2024-01-15,14,584,733,0.4434320425208808
CLE,57.375,36.625,0.25,0.25,0.25,0.375,1.0,2024-01-22,15,633,684,0.4806378132118451
BOS,69.5,30.5,0.125,0.25,0.375,0.875,1.0,2024-01-22,15,633,684,0.4806378132118451
PHO,47.625,38.375,0.125,0.25,0.25,0.375,0.75,2024-01-22,15,633,684,0.4806378132118451
NYK,54.375,40.625,0.125,0.125,0.5,0.625,1.0,2024-01-22,15,633,684,0.4806378132118451
PHI,53.625,35.375,0.125,0.125,0.5,0.625,1.0,2024-01-22,15,633,684,0.4806378132118451
MIN,59.5,38.5,0.125,0.125,0.375,0.625,1.0,2024-01-22,15,633,684,0.4806378132118451
SAC,45.125,38.875,0.125,0.125,0.125,0.25,0.5,2024-01-22,15,633,684,0.4806378132118451
NOP,53.5,34.5,0.0,0.25,0.375,0.625,1.0,2024-01-22,15,633,684,0.4806378132118451
DEN,58.25,35.75,0.0,0.125,0.375,0.5,1.0,2024-01-22,15,633,684,0.4806378132118451
OKC,57.75,34.25,0.0,0.125,0.25,0.625,1.0,2024-01-22,15,633,684,0.4806378132118451
ORL,47.0,42.0,0.0,0.125,0.25,0.375,0.75,2024-01-22,15,633,684,0.4806378132118451
IND,51.25,47.75,0.0,0.125,0.125,0.5,1.0,2024-01-22,15,633,684,0.4806378132118451
LAC,53.5,34.5,0.0,0.0,0.125,0.5,1.0,2024-01-22,15,633,684,0.4806378132118451
LAL,43.625,44.375,0.0,0.0,0.125,0.25,0.625,2024-01-22,15,633,684,0.4806378132118451
MIL,53.625,34.375,0.0,0.0,0.0,0.5,1.0,2024-01-22,15,633,684,0.4806378132118451
DAL,54.75,48.25,0.0,0.0,0.0,0.25,0.875,2024-01-22,15,633,684,0.4806378132118451
MIA,47.25,41.75,0.0,0.0,0.0,0.125,0.75,2024-01-22,15,633,684,0.4806378132118451
CHI,41.375,42.625,0.0,0.0,0.0,0.0,0.5,2024-01-22,15,633,684,0.4806378132118451
UTA,42.375,39.625,0.0,0.0,0.0,0.0,0.125,2024-01-22,15,633,684,0.4806378132118451
GSW,39.75,43.25,0.0,0.0,0.0,0.0,0.125,2024-01-22,15,633,684,0.4806378132118451
HOU,39.0,43.0,0.0,0.0,0.0,0.0,0.0,2024-01-22,15,633,684,0.4806378132118451
MEM,35.875,46.125,0.0,0.0,0.0,0.0,0.0,2024-01-22,15,633,684,0.4806378132118451
ATL,35.375,47.625,0.0,0.0,0.0,0.0,0.0,2024-01-22,15,633,684,0.4806378132118451
TOR,34.5,47.5,0.0,0.0,0.0,0.0,0.0,2024-01-22,15,633,684,0.4806378132118451
BRK,33.125,48.875,0.0,0.0,0.0,0.0,0.0,2024-01-22,15,633,684,0.4806378132118451
POR,27.0,55.0,0.0,0.0,0.0,0.0,0.0,2024-01-22,15,633,684,0.4806378132118451
CHO,22.875,59.125,0.0,0.0,0.0,0.0,0.0,2024-01-22,15,633,684,0.4806378132118451
SAS,22.0,60.0,0.0,0.0,0.0,0.0,0.0,2024-01-22,15,633,684,0.4806378132118451
WAS,20.0,62.0,0.0,0.0,0.0,0.0,0.0,2024-01-22,15,633,684,0.4806378132118451
DET,16.125,65.875,0.0,0.0,0.0,0.0,0.0,2024-01-22,15,633,684,0.4806378132118451
NYK,59.125,35.875,0.25,0.375,0.5,0.625,1.0,2024-01-29,16,684,633,0.5193621867881549
PHI,54.0,35.0,0.25,0.25,0.5,0.5,1.0,2024-01-29,16,684,633,0.5193621867881549
MIL,56.0,32.0,0.125,0.125,0.25,0.625,1.0,2024-01-29,16,684,633,0.5193621867881549
MIA,41.125,47.875,0.125,0.125,0.25,0.375,0.625,2024-01-29,16,684,633,0.5193621867881549
SAC,46.25,37.75,0.125,0.125,0.25,0.25,0.75,2024-01-29,16,684,633,0.5193621867881549
DAL,52.25,50.75,0.125,0.125,0.125,0.5,0.875,2024-01-29,16,684,633,0.5193621867881549
OKC,58.125,33.875,0.0,0.25,0.5,0.75,1.0,2024-01-29,16,684,633,0.5193621867881549
DEN,60.5,33.5,0.0,0.125,0.5,0.5,1.0,2024-01-29,16,684,633,0.5193621867881549
CLE,57.5,36.5,0.0,0.125,0.25,0.625,1.0,2024-01-29,16,684,633,0.5193621867881549
LAC,56.75,31.25,0.0,0.125,0.25,0.625,1.0,2024-01-29,16,684,633,0.5193621867881549
MIN,60.75,37.25,0.0,0.125,0.25,0.5,1.0,2024-01-29,16,684,633,0.5193621867881549
NOP,50.375,37.625,0.0,0.125,0.125,0.375,1.0,2024-01-29,16,684,633,0.5193621867881549
BOS,68.125,31.875,0.0,0.0,0.125,0.75,1.0,2024-01-29,16,684,633,0.5193621867881549
IND,54.0,45.0,0.0,0.0,0.125,0.375,1.0,2024-01-29,16,684,633,0.5193621867881549
UTA,42.375,39.625,0.0,0.0,0.0,0.25,0.375,2024-01-29,16,684,633,0.5193621867881549
ORL,46.375,42.625,0.0,0.0,0.0,0.125,0.875,2024-01-29,16,684,633,0.5193621867881549
PHO,48.25,37.75,0.0,0.0,0.0,0.125,0.625,2024-01-29,16,684,633,0.5193621867881549
LAL,44.125,43.875,0.0,0.0,0.0,0.125,0.375,2024-01-29,16,684,633,0.5193621867881549
CHI,40.125,43.875,0.0,0.0,0.0,0.0,0.5,2024-01-29,16,684,633,0.5193621867881549
GSW,38.0,45.0,0.0,0.0,0.0,0.0,0.0,2024-01-29,16,684,633,0.5193621867881549
HOU,37.875,44.125,0.0,0.0,0.0,0.0,0.0,2024-01-29,16,684,633,0.5193621867881549
MEM,35.75,46.25,0.0,0.0,0.0,0.0,0.0,2024-01-29,16,684,633,0.5193621867881549
ATL,35.25,47.75,0.0,0.0,0.0,0.0,0.0,2024-01-29,16,684,633,0.5193621867881549
BRK,33.125,48.875,0.0,0.0,0.0,0.0,0.0,2024-01-29,16,684,633,0.5193621867881549
TOR,32.0,50.0,0.0,0.0,0.0,0.0,0.0,2024-01-29,16,684,633,0.5193621867881549
SAS,25.5,56.5,0.0,0.0,0.0,0.0,0.0,2024-01-29,16,684,633,0.5193621867881549
POR,24.75,57.25,0.0,0.0,0.0,0.0,0.0,2024-01-29,16,684,633,0.5193621867881549
CHO,22.0,60.0,0.0,0.0,0.0,0.0,0.0,2024-01-29,16,684,633,0.5193621867881549
WAS,20.0,62.0,0.0,0.0,0.0,0.0,0.0,2024-01-29,16,684,633,0.5193621867881549
DET,16.625,65.375,0.0,0.0,0.0,0.0,0.0,2024-01-29,16,684,633,0.5193621867881549
LAC,58.375,29.625,0.125,0.25,0.375,0.75,1.0,2024-02-05,17,740,577,0.5618830675778284
MIN,61.5,36.5,0.125,0.25,0.375,0.625,1.0,2024-02-05,17,740,577,0.5618830675778284
MIL,55.625,32.375,0.125,0.25,0.25,0.625,1.0,2024-02-05,17,740,577,0.5618830675778284
NYK,60.125,34.875,0.125,0.125,0.625,0.75,1.0,2024-02-05,17,740,577,0.5618830675778284
BOS,70.5,29.5,0.125,0.125,0.25,0.625,1.0,2024-02-05,17,740,577,0.5618830675778284
ORL,49.125,39.875,0.125,0.125,0.125,0.25,1.0,2024-02-05,17,740,577,0.5618830675778284
SAC,47.625,36.375,0.125,0.125,0.125,0.25,0.75,2024-02-05,17,740,577,0.5618830675778284
LAL,45.25,42.75,0.125,0.125,0.125,0.125,0.375,2024-02-05,17,740,577,0.5618830675778284
CLE,55.5,38.5,0.0,0.25,0.5,0.625,1.0,2024-02-05,17,740,577,0.5618830675778284
DEN,59.0,35.0,0.0,0.25,0.375,0.625,1.0,2024-02-05,17,740,577,0.5618830675778284
PHI,51.125,37.875,0.0,0.125,0.125,0.375,1.0,2024-02-05,17,740,577,0.5618830675778284
OKC,57.125,34.875,0.0,0.0,0.5,0.75,1.0,2024-02-05,17,740,577,0.5618830675778284
DAL,50.625,52.375,0.0,0.0,0.125,0.5,1.0,2024-02-05,17,740,577,0.5618830675778284
IND,49.0,50.0,0.0,0.0,0.125,0.25,0.875,2024-02-05,17,740,577,0.5618830675778284
MIA,43.625,45.375,0.0,0.0,0.0,0.375,0.875,2024-02-05,17,740,577,0.5618830675778284
NOP,52.25,35.75,0.0,0.0,0.0,0.25,0.875,2024-02-05,17,740,577,0.5618830675778284
PHO,50.125,35.875,0.0,0.0,0.0,0.125,0.875,2024-02-05,17,740,577,0.5618830675778284
CHI,40.0,44.0,0.0,0.0,0.0,0.125,0.125,2024-02-05,17,740,577,0.5618830675778284
GSW,40.375,42.625,0.0,0.0,0.0,0.0,0.125,2024-02-05,17,740,577,0.5618830675778284
BRK,37.75,44.25,0.0,0.0,0.0,0.0,0.125,2024-02-05,17,740,577,0.5618830675778284
UTA,41.875,40.125,0.0,0.0,0.0,0.0,0.0,2024-02-05,17,740,577,0.5618830675778284
HOU,38.25,43.75,0.0,0.0,0.0,0.0,0.0,2024-02-05,17,740,577,0.5618830675778284
ATL,36.125,46.875,0.0,0.0,0.0,0.0,0.0,2024-02-05,17,740,577,0.5618830675778284
MEM,34.75,47.25,0.0,0.0,0.0,0.0,0.0,2024-02-05,17,740,577,0.5618830675778284
TOR,31.375,50.625,0.0,0.0,0.0,0.0,0.0,2024-02-05,17,740,577,0.5618830675778284
POR,25.0,57.0,0.0,0.0,0.0,0.0,0.0,2024-02-05,17,740,577,0.5618830675778284
CHO,20.5,61.5,0.0,0.0,0.0,0.0,0.0,2024-02-05,17,740,577,0.5618830675778284
SAS,19.875,62.125,0.0,0.0,0.0,0.0,0.0,2024-02-05,17,740,577,0.5618830675778284
WAS,17.625,64.375,0.0,0.0,0.0,0.0,0.0,2024-02-05,17,740,577,0.5618830675778284
DET,17.0,65.0,0.0,0.0,0.0,0.0,0.0,2024-02-05,17,740,577,0.5618830675778284
LAC,56.125,31.875,0.375,0.375,0.5,0.75,1.0,2024-02-12,18,788,529,0.59832953682612
BOS,71.375,28.625,0.25,0.5,0.625,0.875,1.0,2024-02-12,18,788,529,0.59832953682612
PHO,49.75,36.25,0.25,0.25,0.5,0.875,1.0,2024-02-12,18,788,529,0.59832953682612
OKC,58.5,33.5,0.125,0.125,0.375,0.5,1.0,2024-02-12,18,788,529,0.59832953682612
CLE,60.75,33.25,0.0,0.25,0.375,0.75,1.0,2024-02-12,18,788,529,0.59832953682612
DEN,63.75,30.25,0.0,0.125,0.25,0.625,1.0,2024-02-12,18,788,529,0.59832953682612
NYK,57.125,37.875,0.0,0.125,0.25,0.625,1.0,2024-02-12,18,788,529,0.59832953682612
LAL,45.125,42.875,0.0,0.125,0.125,0.25,0.5,2024-02-12,18,788,529,0.59832953682612
MIA,45.0,44.0,0.0,0.125,0.125,0.125,0.875,2024-02-12,18,788,529,0.59832953682612
MIL,52.375,35.625,0.0,0.0,0.375,0.5,1.0,2024-02-12,18,788,529,0.59832953682612
PHI,48.875,40.125,0.0,0.0,0.125,0.5,1.0,2024-02-12,18,788,529,0.59832953682612
NOP,52.25,35.75,0.0,0.0,0.125,0.5,0.875,2024-02-12,18,788,529,0.59832953682612
DAL,55.5,47.5,0.0,0.0,0.125,0.25,1.0,2024-02-12,18,788,529,0.59832953682612
IND,51.75,47.25,0.0,0.0,0.125,0.125,1.0,2024-02-12,18,788,529,0.59832953682612
ORL,45.5,43.5,0.0,0.0,0.0,0.5,0.75,2024-02-12,18,788,529,0.59832953682612
MIN,60.25,37.75,0.0,0.0,0.0,0.125,1.0,2024-02-12,18,788,529,0.59832953682612
SAC,44.875,39.125,0.0,0.0,0.0,0.125,0.5,2024-02-12,18,788,529,0.59832953682612
CHI,42.25,41.75,0.0,0.0,0.0,0.0,0.25,2024-02-12,18,788,529,0.59832953682612
GSW,42.0,41.0,0.0,0.0,0.0,0.0,0.125,2024-02-12,18,788,529,0.59832953682612
ATL,37.625,45.375,0.0,0.0,0.0,0.0,0.125,2024-02-12,18,788,529,0.59832953682612
UTA,39.375,42.625,0.0,0.0,0.0,0.0,0.0,2024-02-12,18,788,529,0.59832953682612
HOU,36.375,45.625,0.0,0.0,0.0,0.0,0.0,2024-02-12,18,788,529,0.59832953682612
BRK,34.25,47.75,0.0,0.0,0.0,0.0,0.0,2024-02-12,18,788,529,0.59832953682612
TOR,33.25,48.75,0.0,0.0,0.0,0.0,0.0,2024-02-12,18,788,529,0.59832953682612
MEM,33.0,49.0,0.0,0.0,0.0,0.0,0.0,2024-02-12,18,788,529,0.59832953682612
POR,25.25,56.75,0.0,0.0,0.0,0.0,0.0,2024-02-12,18,788,529,0.59832953682612
CHO,20.625,61.375,0.0,0.0,0.0,0.0,0.0,2024-02-12,18,788,529,0.59832953682612
SAS,19.5,62.5,0.0,0.0,0.0,0.0,0.0,2024-02-12,18,788,529,0.59832953682612
WAS,18.625,63.375,0.0,0.0,0.0,0.0,0.0,2024-02-12,18,788,529,0.59832953682612
DET,16.0,66.0,0.0,0.0,0.0,0.0,0.0,2024-02-12,18,788,529,0.59832953682612
MIL,53.125,34.875,0.25,0.375,0.5,0.875,1.0,2024-02-19,19,820,497,0.6226271829916477
BOS,70.875,29.125,0.25,0.375,0.5,0.75,1.0,2024-02-19,19,820,497,0.6226271829916477
LAC,55.5,32.5,0.125,0.25,0.375,0.625,1.0,2024-02-19,19,820,497,0.6226271829916477
MIN,63.75,34.25,0.125,0.125,0.25,0.5,1.0,2024-02-19,19,820,497,0.6226271829916477
DEN,59.375,34.625,0.125,0.125,0.125,0.625,1.0,2024-02-19,19,820,497,0.6226271829916477
NOP,52.125,35.875,0.125,0.125,0.125,0.375,0.875,2024-02-19,19,820,497,0.6226271829916477
OKC,59.625,32.375,0.0,0.25,0.375,0.625,1.0,2024-02-19,19,820,497,0.6226271829916477
ORL,47.5,41.5,0.0,0.25,0.375,0.375,1.0,2024-02-19,19,820,497,0.6226271829916477
LAL,44.625,43.375,0.0,0.125,0.125,0.25,0.375,2024-02-19,19,820,497,0.6226271829916477
NYK,55.75,39.25,0.0,0.0,0.5,0.75,1.0,2024-02-19,19,820,497,0.6226271829916477
PHO,52.0,34.0,0.0,0.0,0.375,0.5,1.0,2024-02-19,19,820,497,0.6226271829916477
CLE,59.625,34.375,0.0,0.0,0.125,0.75,1.0,2024-02-19,19,820,497,0.6226271829916477
DAL,55.375,47.625,0.0,0.0,0.125,0.25,1.0,2024-02-19,19,820,497,0.6226271829916477
SAC,45.375,38.625,0.0,0.0,0.125,0.125,0.5,2024-02-19,19,820,497,0.6226271829916477
MIA,47.0,42.0,0.0,0.0,0.0,0.375,1.0,2024-02-19,19,820,497,0.6226271829916477
IND,52.0,47.0,0.0,0.0,0.0,0.125,1.0,2024-02-19,19,820,497,0.6226271829916477
GSW,45.625,37.375,0.0,0.0,0.0,0.125,0.25,2024-02-19,19,820,497,0.6226271829916477
PHI,50.25,38.75,0.0,0.0,0.0,0.0,1.0,2024-02-19,19,820,497,0.6226271829916477
CHI,39.75,44.25,0.0,0.0,0.0,0.0,0.0,2024-02-19,19,820,497,0.6226271829916477
UTA,38.75,43.25,0.0,0.0,0.0,0.0,0.0,2024-02-19,19,820,497,0.6226271829916477
HOU,36.0,46.0,0.0,0.0,0.0,0.0,0.0,2024-02-19,19,820,497,0.6226271829916477
ATL,35.0,48.0,0.0,0.0,0.0,0.0,0.0,2024-02-19,19,820,497,0.6226271829916477
BRK,34.375,47.625,0.0,0.0,0.0,0.0,0.0,2024-02-19,19,820,497,0.6226271829916477
MEM,31.875,50.125,0.0,0.0,0.0,0.0,0.0,2024-02-19,19,820,497,0.6226271829916477
TOR,31.125,50.875,0.0,0.0,0.0,0.0,0.0,2024-02-19,19,820,497,0.6226271829916477
POR,25.25,56.75,0.0,0.0,0.0,0.0,0.0,2024-02-19,19,820,497,0.6226271829916477
CHO,23.0,59.0,0.0,0.0,0.0,0.0,0.0,2024-02-19,19,820,497,0.6226271829916477
WAS,18.5,63.5,0.0,0.0,0.0,0.0,0.0,2024-02-19,19,820,497,0.6226271829916477
SAS,17.25,64.75,0.0,0.0,0.0,0.0,0.0,2024-02-19,19,820,497,0.6226271829916477
DET,16.625,65.375,0.0,0.0,0.0,0.0,0.0,2024-02-19,19,820,497,0.6226271829916477
NOP,52.375,35.625,0.25,0.25,0.375,0.5,1.0,2024-02-26,20,856,461,0.6499620349278664
PHO,50.125,35.875,0.25,0.25,0.25,0.375,0.875,2024-02-26,20,856,461,0.6499620349278664
NYK,54.875,40.125,0.125,0.375,0.5,0.625,1.0,2024-02-26,20,856,461,0.6499620349278664
DEN,59.875,34.125,0.125,0.125,0.375,0.5,1.0,2024-02-26,20,856,461,0.6499620349278664
LAC,56.5,31.5,0.125,0.125,0.125,0.75,1.0,2024-02-26,20,856,461,0.6499620349278664
SAC,46.375,37.625,0.125,0.125,0.125,0.125,0.5,2024-02-26,20,856,461,0.6499620349278664
CLE,60.125,33.875,0.0,0.25,0.25,0.625,1.0,2024-02-26,20,856,461,0.6499620349278664
IND,51.75,47.25,0.0,0.125,0.5,0.625,1.0,2024-02-26,20,856,461,0.6499620349278664
MIL,54.0,34.0,0.0,0.125,0.375,0.75,1.0,2024-02-26,20,856,461,0.6499620349278664
OKC,57.875,34.125,0.0,0.125,0.375,0.5,1.0,2024-02-26,20,856,461,0.6499620349278664
BOS,72.75,27.25,0.0,0.125,0.25,0.875,1.0,2024-02-26,20,856,461,0.6499620349278664
LAL,45.375,42.625,0.0,0.0,0.25,0.375,0.625,2024-02-26,20,856,461,0.6499620349278664
MIN,62.375,35.625,0.0,0.0,0.125,0.375,1.0,2024-02-26,20,856,461,0.6499620349278664
PHI,49.375,39.625,0.0,0.0,0.125,0.125,1.0,2024-02-26,20,856,461,0.6499620349278664
DAL,52.625,50.375,0.0,0.0,0.0,0.5,1.0,2024-02-26,20,856,461,0.6499620349278664
MIA,46.625,42.375,0.0,0.0,0.0,0.25,0.75,2024-02-26,20,856,461,0.6499620349278664
ORL,48.375,40.625,0.0,0.0,0.0,0.125,1.0,2024-02-26,20,856,461,0.6499620349278664
CHI,43.0,41.0,0.0,0.0,0.0,0.0,0.25,2024-02-26,20,856,461,0.6499620349278664
GSW,43.875,39.125,0.0,0.0,0.0,0.0,0.0,2024-02-26,20,856,461,0.6499620349278664
ATL,37.25,45.75,0.0,0.0,0.0,0.0,0.0,2024-02-26,20,856,461,0.6499620349278664
UTA,36.75,45.25,0.0,0.0,0.0,0.0,0.0,2024-02-26,20,856,461,0.6499620349278664
HOU,36.625,45.375,0.0,0.0,0.0,0.0,0.0,2024-02-26,20,856,461,0.6499620349278664
MEM,32.875,49.125,0.0,0.0,0.0,0.0,0.0,2024-02-26,20,856,461,0.6499620349278664
BRK,32.375,49.625,0.0,0.0,0.0,0.0,0.0,2024-02-26,20,856,461,0.6499620349278664
TOR,31.75,50.25,0.0,0.0,0.0,0.0,0.0,2024-02-26,20,856,461,0.6499620349278664
CHO,24.5,57.5,0.0,0.0,0.0,0.0,0.0,2024-02-26,20,856,461,0.6499620349278664
POR,23.875,58.125,0.0,0.0,0.0,0.0,0.0,2024-02-26,20,856,461,0.6499620349278664
SAS,20.125,61.875,0.0,0.0,0.0,0.0,0.0,2024-02-26,20,856,461,0.6499620349278664
DET,16.75,65.25,0.0,0.0,0.0,0.0,0.0,2024-02-26,20,856,461,0.6499620349278664
WAS,15.875,66.125,0.0,0.0,0.0,0.0,0.0,2024-02-26,20,856,461,0.6499620349278664
MIL,54.375,33.625,0.375,0.5,0.5,0.625,1.0,2024-03-04,21,907,410,0.6886864085041762
DAL,52.875,50.125,0.25,0.25,0.375,0.375,1.0,2024-03-04,21,907,410,0.6886864085041762
DEN,62.75,31.25,0.125,0.25,0.75,0.875,1.0,2024-03-04,21,907,410,0.6886864085041762
LAL,44.75,43.25,0.125,0.125,0.125,0.125,0.125,2024-03-04,21,907,410,0.6886864085041762
CHI,41.625,42.375,0.125,0.125,0.125,0.125,0.125,2024-03-04,21,907,410,0.6886864085041762
MIN,62.5,35.5,0.0,0.25,0.25,0.5,1.0,2024-03-04,21,907,410,0.6886864085041762
BOS,74.625,25.375,0.0,0.125,0.25,0.75,1.0,2024-03-04,21,907,410,0.6886864085041762
IND,50.875,48.125,0.0,0.125,0.125,0.375,1.0,2024-03-04,21,907,410,0.6886864085041762
NOP,52.375,35.625,0.0,0.125,0.125,0.25,1.0,2024-03-04,21,907,410,0.6886864085041762
PHI,48.125,40.875,0.0,0.125,0.125,0.25,0.875,2024-03-04,21,907,410,0.6886864085041762
CLE,58.625,35.375,0.0,0.0,0.625,0.875,1.0,2024-03-04,21,907,410,0.6886864085041762
OKC,61.875,30.125,0.0,0.0,0.25,0.75,1.0,2024-03-04,21,907,410,0.6886864085041762
LAC,56.0,32.0,0.0,0.0,0.125,0.625,1.0,2024-03-04,21,907,410,0.6886864085041762
NYK,53.5,41.5,0.0,0.0,0.125,0.375,1.0,2024-03-04,21,907,410,0.6886864085041762
ORL,50.875,38.125,0.0,0.0,0.125,0.25,1.0,2024-03-04,21,907,410,0.6886864085041762
MIA,49.875,39.125,0.0,0.0,0.0,0.375,1.0,2024-03-04,21,907,410,0.6886864085041762
SAC,48.0,36.0,0.0,0.0,0.0,0.375,1.0,2024-03-04,21,907,410,0.6886864085041762
PHO,46.375,39.625,0.0,0.0,0.0,0.125,0.5,2024-03-04,21,907,410,0.6886864085041762
GSW,44.375,38.625,0.0,0.0,0.0,0.0,0.375,2024-03-04,21,907,410,0.6886864085041762
UTA,37.625,44.375,0.0,0.0,0.0,0.0,0.0,2024-03-04,21,907,410,0.6886864085041762
HOU,37.125,44.875,0.0,0.0,0.0,0.0,0.0,2024-03-04,21,907,410,0.6886864085041762
ATL,34.875,48.125,0.0,0.0,0.0,0.0,0.0,2024-03-04,21,907,410,0.6886864085041762
BRK,32.625,49.375,0.0,0.0,0.0,0.0,0.0,2024-03-04,21,907,410,0.6886864085041762
TOR,32.5,49.5,0.0,0.0,0.0,0.0,0.0,2024-03-04,21,907,410,0.6886864085041762
MEM,30.5,51.5,0.0,0.0,0.0,0.0,0.0,2024-03-04,21,907,410,0.6886864085041762
POR,24.875,57.125,0.0,0.0,0.0,0.0,0.0,2024-03-04,21,907,410,0.6886864085041762
CHO,21.75,60.25,0.0,0.0,0.0,0.0,0.0,2024-03-04,21,907,410,0.6886864085041762
SAS,19.75,62.25,0.0,0.0,0.0,0.0,0.0,2024-03-04,21,907,410,0.6886864085041762
DET,15.625,66.375,0.0,0.0,0.0,0.0,0.0,2024-03-04,21,907,410,0.6886864085041762
WAS,15.375,66.625,0.0,0.0,0.0,0.0,0.0,2024-03-04,21,907,410,0.6886864085041762
BOS,72.125,27.875,0.25,0.375,0.375,1.0,1.0,2024-03-11,22,961,356,0.7296886864085042
NOP,55.25,32.75,0.25,0.25,0.25,0.375,1.0,2024-03-11,22,961,356,0.7296886864085042
NYK,56.375,38.625,0.125,0.125,0.5,0.5,1.0,2024-03-11,22,961,356,0.7296886864085042
CLE,56.5,37.5,0.125,0.125,0.25,0.375,1.0,2024-03-11,22,961,356,0.7296886864085042
LAC,56.875,31.125,0.125,0.125,0.125,0.625,1.0,2024-03-11,22,961,356,0.7296886864085042
SAC,48.0,36.0,0.125,0.125,0.125,0.25,0.75,2024-03-11,22,961,356,0.7296886864085042
PHO,47.25,38.75,0.0,0.25,0.375,0.375,0.625,2024-03-11,22,961,356,0.7296886864085042
MIL,55.0,33.0,0.0,0.25,0.25,0.625,1.0,2024-03-11,22,961,356,0.7296886864085042
DEN,62.875,31.125,0.0,0.125,0.5,0.75,1.0,2024-03-11,22,961,356,0.7296886864085042
MIA,48.5,40.5,0.0,0.125,0.5,0.625,1.0,2024-03-11,22,961,356,0.7296886864085042
MIN,61.75,36.25,0.0,0.125,0.375,0.5,1.0,2024-03-11,22,961,356,0.7296886864085042
IND,51.625,47.375,0.0,0.0,0.125,0.625,1.0,2024-03-11,22,961,356,0.7296886864085042
LAL,46.375,41.625,0.0,0.0,0.125,0.125,0.5,2024-03-11,22,961,356,0.7296886864085042
GSW,44.125,38.875,0.0,0.0,0.125,0.125,0.125,2024-03-11,22,961,356,0.7296886864085042
OKC,58.125,33.875,0.0,0.0,0.0,0.75,1.0,2024-03-11,22,961,356,0.7296886864085042
PHI,47.75,41.25,0.0,0.0,0.0,0.25,1.0,2024-03-11,22,961,356,0.7296886864085042
DAL,53.875,49.125,0.0,0.0,0.0,0.125,1.0,2024-03-11,22,961,356,0.7296886864085042
ORL,48.0,41.0,0.0,0.0,0.0,0.0,1.0,2024-03-11,22,961,356,0.7296886864085042
CHI,41.375,42.625,0.0,0.0,0.0,0.0,0.0,2024-03-11,22,961,356,0.7296886864085042
UTA,38.125,43.875,0.0,0.0,0.0,0.0,0.0,2024-03-11,22,961,356,0.7296886864085042
HOU,38.0,44.0,0.0,0.0,0.0,0.0,0.0,2024-03-11,22,961,356,0.7296886864085042
ATL,36.75,46.25,0.0,0.0,0.0,0.0,0.0,2024-03-11,22,961,356,0.7296886864085042
BRK,32.875,49.125,0.0,0.0,0.0,0.0,0.0,2024-03-11,22,961,356,0.7296886864085042
TOR,30.75,51.25,0.0,0.0,0.0,0.0,0.0,2024-03-11,22,961,356,0.7296886864085042
MEM,29.875,52.125,0.0,0.0,0.0,0.0,0.0,2024-03-11,22,961,356,0.7296886864085042
POR,24.125,57.875,0.0,0.0,0.0,0.0,0.0,2024-03-11,22,961,356,0.7296886864085042
CHO,21.875,60.125,0.0,0.0,0.0,0.0,0.0,2024-03-11,22,961,356,0.7296886864085042
SAS,19.875,62.125,0.0,0.0,0.0,0.0,0.0,2024-03-11,22,961,356,0.7296886864085042
DET,16.625,65.375,0.0,0.0,0.0,0.0,0.0,2024-03-11,22,961,356,0.7296886864085042
WAS,16.375,65.625,0.0,0.0,0.0,0.0,0.0,2024-03-11,22,961,356,0.7296886864085042
PHO,48.375,37.625,0.25,0.375,0.5,0.75,0.875,2024-03-18,23,1011,306,0.7676537585421412
MIN,63.625,34.375,0.25,0.25,0.375,0.375,1.0,2024-03-18,23,1011,306,0.7676537585421412
NYK,57.125,37.875,0.125,0.375,0.5,0.875,1.0,2024-03-18,23,1011,306,0.7676537585421412
BOS,75.25,24.75,0.125,0.25,0.625,0.875,1.0,2024-03-18,23,1011,306,0.7676537585421412
DEN,62.625,31.375,0.125,0.25,0.625,0.75,1.0,2024-03-18,23,1011,306,0.7676537585421412
MIL,55.75,32.25,0.125,0.125,0.375,0.625,1.0,2024-03-18,23,1011,306,0.7676537585421412
NOP,52.875,35.125,0.0,0.125,0.25,0.5,1.0,2024-03-18,23,1011,306,0.7676537585421412
IND,52.875,46.125,0.0,0.125,0.25,0.375,1.0,2024-03-18,23,1011,306,0.7676537585421412
CLE,56.875,37.125,0.0,0.125,0.125,0.625,1.0,2024-03-18,23,1011,306,0.7676537585421412
OKC,60.5,31.5,0.0,0.0,0.125,0.625,1.0,2024-03-18,23,1011,306,0.7676537585421412
LAC,54.125,33.875,0.0,0.0,0.125,0.375,1.0,2024-03-18,23,1011,306,0.7676537585421412
PHI,46.25,42.75,0.0,0.0,0.125,0.375,0.875,2024-03-18,23,1011,306,0.7676537585421412
DAL,55.25,47.75,0.0,0.0,0.0,0.375,1.0,2024-03-18,23,1011,306,0.7676537585421412
SAC,46.875,37.125,0.0,0.0,0.0,0.25,0.875,2024-03-18,23,1011,306,0.7676537585421412
ORL,49.125,39.875,0.0,0.0,0.0,0.125,1.0,2024-03-18,23,1011,306,0.7676537585421412
MIA,47.875,41.125,0.0,0.0,0.0,0.125,1.0,2024-03-18,23,1011,306,0.7676537585421412
GSW,43.625,39.375,0.0,0.0,0.0,0.0,0.25,2024-03-18,23,1011,306,0.7676537585421412
CHI,42.25,41.75,0.0,0.0,0.0,0.0,0.125,2024-03-18,23,1011,306,0.7676537585421412
LAL,45.125,42.875,0.0,0.0,0.0,0.0,0.0,2024-03-18,23,1011,306,0.7676537585421412
HOU,39.5,42.5,0.0,0.0,0.0,0.0,0.0,2024-03-18,23,1011,306,0.7676537585421412
ATL,38.0,45.0,0.0,0.0,0.0,0.0,0.0,2024-03-18,23,1011,306,0.7676537585421412
UTA,36.0,46.0,0.0,0.0,0.0,0.0,0.0,2024-03-18,23,1011,306,0.7676537585421412
BRK,32.625,49.375,0.0,0.0,0.0,0.0,0.0,2024-03-18,23,1011,306,0.7676537585421412
MEM,28.625,53.375,0.0,0.0,0.0,0.0,0.0,2024-03-18,23,1011,306,0.7676537585421412
TOR,27.25,54.75,0.0,0.0,0.0,0.0,0.0,2024-03-18,23,1011,306,0.7676537585421412
POR,24.5,57.5,0.0,0.0,0.0,0.0,0.0,2024-03-18,23,1011,306,0.7676537585421412
CHO,21.0,61.0,0.0,0.0,0.0,0.0,0.0,2024-03-18,23,1011,306,0.7676537585421412
SAS,19.5,62.5,0.0,0.0,0.0,0.0,0.0,2024-03-18,23,1011,306,0.7676537585421412
WAS,16.875,65.125,0.0,0.0,0.0,0.0,0.0,2024-03-18,23,1011,306,0.7676537585421412
DET,16.75,65.25,0.0,0.0,0.0,0.0,0.0,2024-03-18,23,1011,306,0.7676537585421412
MIL,56.875,31.125,0.375,0.375,0.375,0.5,1.0,2024-03-25,24,1061,256,0.8056188306757783
PHI,47.75,41.25,0.25,0.25,0.375,0.5,1.0,2024-03-25,24,1061,256,0.8056188306757783
CLE,55.625,38.375,0.125,0.25,0.625,0.625,1.0,2024-03-25,24,1061,256,0.8056188306757783
DEN,63.375,30.625,0.125,0.125,0.375,0.75,1.0,2024-03-25,24,1061,256,0.8056188306757783
LAL,47.25,40.75,0.125,0.125,0.125,0.125,0.375,2024-03-25,24,1061,256,0.8056188306757783
NOP,52.5,35.5,0.0,0.25,0.5,0.625,1.0,2024-03-25,24,1061,256,0.8056188306757783
DAL,58.0,45.0,0.0,0.25,0.375,0.5,1.0,2024-03-25,24,1061,256,0.8056188306757783
MIN,62.25,35.75,0.0,0.125,0.25,0.5,1.0,2024-03-25,24,1061,256,0.8056188306757783
PHO,49.75,36.25,0.0,0.125,0.25,0.5,0.75,2024-03-25,24,1061,256,0.8056188306757783
NYK,57.125,37.875,0.0,0.125,0.125,0.375,1.0,2024-03-25,24,1061,256,0.8056188306757783
MIA,47.0,42.0,0.0,0.0,0.25,0.25,1.0,2024-03-25,24,1061,256,0.8056188306757783
IND,51.75,47.25,0.0,0.0,0.125,0.75,1.0,2024-03-25,24,1061,256,0.8056188306757783
BOS,76.875,23.125,0.0,0.0,0.125,0.625,1.0,2024-03-25,24,1061,256,0.8056188306757783
LAC,53.5,34.5,0.0,0.0,0.125,0.375,1.0,2024-03-25,24,1061,256,0.8056188306757783
OKC,61.0,31.0,0.0,0.0,0.0,0.5,1.0,2024-03-25,24,1061,256,0.8056188306757783
ORL,50.25,38.75,0.0,0.0,0.0,0.375,1.0,2024-03-25,24,1061,256,0.8056188306757783
SAC,48.5,35.5,0.0,0.0,0.0,0.125,0.875,2024-03-25,24,1061,256,0.8056188306757783
GSW,43.375,39.625,0.0,0.0,0.0,0.0,0.0,2024-03-25,24,1061,256,0.8056188306757783
HOU,41.25,40.75,0.0,0.0,0.0,0.0,0.0,2024-03-25,24,1061,256,0.8056188306757783
CHI,40.375,43.625,0.0,0.0,0.0,0.0,0.0,2024-03-25,24,1061,256,0.8056188306757783
ATL,36.875,46.125,0.0,0.0,0.0,0.0,0.0,2024-03-25,24,1061,256,0.8056188306757783
UTA,33.375,48.625,0.0,0.0,0.0,0.0,0.0,2024-03-25,24,1061,256,0.8056188306757783
BRK,30.5,51.5,0.0,0.0,0.0,0.0,0.0,2024-03-25,24,1061,256,0.8056188306757783
MEM,29.5,52.5,0.0,0.0,0.0,0.0,0.0,2024-03-25,24,1061,256,0.8056188306757783
TOR,28.125,53.875,0.0,0.0,0.0,0.0,0.0,2024-03-25,24,1061,256,0.8056188306757783
POR,23.625,58.375,0.0,0.0,0.0,0.0,0.0,2024-03-25,24,1061,256,0.8056188306757783
CHO,20.125,61.875,0.0,0.0,0.0,0.0,0.0,2024-03-25,24,1061,256,0.8056188306757783
SAS,19.0,63.0,0.0,0.0,0.0,0.0,0.0,2024-03-25,24,1061,256,0.8056188306757783
WAS,16.5,65.5,0.0,0.0,0.0,0.0,0.0,2024-03-25,24,1061,256,0.8056188306757783
DET,15.0,67.0,0.0,0.0,0.0,0.0,0.0,2024-03-25,24,1061,256,0.8056188306757783
MIA,47.875,41.125,0.25,0.25,0.375,0.5,1.0,2024-04-01,25,1115,202,0.8466211085801063
BOS,76.625,23.375,0.125,0.25,0.375,0.625,1.0,2024-04-01,25,1115,202,0.8466211085801063
DEN,61.625,32.375,0.125,0.25,0.375,0.625,1.0,2024-04-01,25,1115,202,0.8466211085801063
OKC,62.125,29.875,0.125,0.25,0.25,0.625,1.0,2024-04-01,25,1115,202,0.8466211085801063
NYK,55.625,39.375,0.125,0.125,0.5,0.625,1.0,2024-04-01,25,1115,202,0.8466211085801063
MIL,55.375,32.625,0.125,0.125,0.375,0.625,1.0,2024-04-01,25,1115,202,0.8466211085801063
PHO,50.625,35.375,0.125,0.125,0.25,0.625,1.0,2024-04-01,25,1115,202,0.8466211085801063
MIN,62.5,35.5,0.0,0.25,0.25,0.375,1.0,2024-04-01,25,1115,202,0.8466211085801063
DAL,59.0,44.0,0.0,0.125,0.5,0.75,1.0,2024-04-01,25,1115,202,0.8466211085801063
CLE,52.625,41.375,0.0,0.125,0.125,0.75,1.0,2024-04-01,25,1115,202,0.8466211085801063
ORL,50.25,38.75,0.0,0.125,0.125,0.375,1.0,2024-04-01,25,1115,202,0.8466211085801063
LAL,49.125,38.875,0.0,0.0,0.25,0.5,0.875,2024-04-01,25,1115,202,0.8466211085801063
LAC,54.5,33.5,0.0,0.0,0.125,0.375,1.0,2024-04-01,25,1115,202,0.8466211085801063
IND,52.625,46.375,0.0,0.0,0.125,0.25,1.0,2024-04-01,25,1115,202,0.8466211085801063
PHI,46.875,42.125,0.0,0.0,0.0,0.25,1.0,2024-04-01,25,1115,202,0.8466211085801063
NOP,53.5,34.5,0.0,0.0,0.0,0.125,1.0,2024-04-01,25,1115,202,0.8466211085801063
GSW,45.25,37.75,0.0,0.0,0.0,0.0,0.125,2024-04-01,25,1115,202,0.8466211085801063
SAC,47.0,37.0,0.0,0.0,0.0,0.0,0.0,2024-04-01,25,1115,202,0.8466211085801063
HOU,41.5,40.5,0.0,0.0,0.0,0.0,0.0,2024-04-01,25,1115,202,0.8466211085801063
CHI,40.875,43.125,0.0,0.0,0.0,0.0,0.0,2024-04-01,25,1115,202,0.8466211085801063
ATL,39.25,43.75,0.0,0.0,0.0,0.0,0.0,2024-04-01,25,1115,202,0.8466211085801063
BRK,31.875,50.125,0.0,0.0,0.0,0.0,0.0,2024-04-01,25,1115,202,0.8466211085801063
UTA,31.75,50.25,0.0,0.0,0.0,0.0,0.0,2024-04-01,25,1115,202,0.8466211085801063
MEM,28.25,53.75,0.0,0.0,0.0,0.0,0.0,2024-04-01,25,1115,202,0.8466211085801063
TOR,26.125,55.875,0.0,0.0,0.0,0.0,0.0,2024-04-01,25,1115,202,0.8466211085801063
POR,22.625,59.375,0.0,0.0,0.0,0.0,0.0,2024-04-01,25,1115,202,0.8466211085801063
SAS,21.125,60.875,0.0,0.0,0.0,0.0,0.0,2024-04-01,25,1115,202,0.8466211085801063
CHO,19.75,62.25,0.0,0.0,0.0,0.0,0.0,2024-04-01,25,1115,202,0.8466211085801063
WAS,16.125,65.875,0.0,0.0,0.0,0.0,0.0,2024-04-01,25,1115,202,0.8466211085801063
DET,14.625,67.375,0.0,0.0,0.0,0.0,0.0,2024-04-01,25,1115,202,0.8466211085801063
PHO,49.0,37.0,0.25,0.25,0.375,0.625,0.875,2024-04-08,26,1173,144,0.8906605922551253
MIN,65.0,33.0,0.25,0.25,0.375,0.375,1.0,2024-04-08,26,1173,144,0.8906605922551253
BOS,77.25,22.75,0.125,0.375,0.75,0.875,1.0,2024-04-08,26,1173,144,0.8906605922551253
PHI,49.875,39.125,0.125,0.25,0.25,0.375,1.0,2024-04-08,26,1173,144,0.8906605922551253
OKC,61.25,30.75,0.125,0.125,0.25,0.375,1.0,2024-04-08,26,1173,144,0.8906605922551253
NOP,51.375,36.625,0.125,0.125,0.125,0.25,1.0,2024-04-08,26,1173,144,0.8906605922551253
NYK,54.375,40.625,0.0,0.25,0.25,0.625,1.0,2024-04-08,26,1173,144,0.8906605922551253
DEN,64.375,29.625,0.0,0.125,0.625,0.75,1.0,2024-04-08,26,1173,144,0.8906605922551253
ORL,50.5,38.5,0.0,0.125,0.25,0.5,1.0,2024-04-08,26,1173,144,0.8906605922551253
LAC,54.875,33.125,0.0,0.125,0.125,0.5,1.0,2024-04-08,26,1173,144,0.8906605922551253
MIL,52.5,35.5,0.0,0.0,0.125,0.625,1.0,2024-04-08,26,1173,144,0.8906605922551253
IND,54.5,44.5,0.0,0.0,0.125,0.375,1.0,2024-04-08,26,1173,144,0.8906605922551253
CLE,53.75,40.25,0.0,0.0,0.125,0.375,1.0,2024-04-08,26,1173,144,0.8906605922551253
MIA,48.5,40.5,0.0,0.0,0.125,0.25,1.0,2024-04-08,26,1173,144,0.8906605922551253
LAL,48.25,39.75,0.0,0.0,0.125,0.25,0.5,2024-04-08,26,1173,144,0.8906605922551253
DAL,61.375,41.625,0.0,0.0,0.0,0.625,1.0,2024-04-08,26,1173,144,0.8906605922551253
SAC,48.375,35.625,0.0,0.0,0.0,0.25,0.5,2024-04-08,26,1173,144,0.8906605922551253
GSW,46.5,36.5,0.0,0.0,0.0,0.0,0.125,2024-04-08,26,1173,144,0.8906605922551253
HOU,39.875,42.125,0.0,0.0,0.0,0.0,0.0,2024-04-08,26,1173,144,0.8906605922551253
CHI,39.75,44.25,0.0,0.0,0.0,0.0,0.0,2024-04-08,26,1173,144,0.8906605922551253
ATL,37.75,45.25,0.0,0.0,0.0,0.0,0.0,2024-04-08,26,1173,144,0.8906605922551253
BRK,32.125,49.875,0.0,0.0,0.0,0.0,0.0,2024-04-08,26,1173,144,0.8906605922551253
UTA,30.25,51.75,0.0,0.0,0.0,0.0,0.0,2024-04-08,26,1173,144,0.8906605922551253
MEM,28.25,53.75,0.0,0.0,0.0,0.0,0.0,2024-04-08,26,1173,144,0.8906605922551253
TOR,26.125,55.875,0.0,0.0,0.0,0.0,0.0,2024-04-08,26,1173,144,0.8906605922551253
POR,21.25,60.75,0.0,0.0,0.0,0.0,0.0,2024-04-08,26,1173,144,0.8906605922551253
SAS,20.5,61.5,0.0,0.0,0.0,0.0,0.0,2024-04-08,26,1173,144,0.8906605922551253
CHO,19.625,62.375,0.0,0.0,0.0,0.0,0.0,2024-04-08,26,1173,144,0.8906605922551253
WAS,15.875,66.125,0.0,0.0,0.0,0.0,0.0,2024-04-08,26,1173,144,0.8906605922551253
DET,14.0,68.0,0.0,0.0,0.0,0.0,0.0,2024-04-08,26,1173,144,0.8906605922551253
