simulation_id,date,team,opponent,margin,team_rating,opponent_rating,expected_margin
0,2026-04-05,DAL,LAL,-14.75,-5.65,1.49,-9.67
0,2026-04-06,DEN,POR,7.11,4.44,-0.53,4.4
0,2026-04-06,ATL,NYK,-5.37,2.46,6.2,0.94
0,2026-04-06,ORL,DET,-26.53,0.08,7.49,-12.06
0,2026-04-06,MEM,CLE,-17.49,-4.88,3.94,-13.75
0,2026-04-06,SAS,PHI,17.14,8.29,-0.39,15.69
0,2026-04-07,GSW,SAC,12.09,0.1,-9.82,10.66
0,2026-04-07,PHX,HOU,-3.43,1.75,4.5,-1.74
0,2026-04-07,LAC,DAL,8.28,1.21,-5.72,9.37
0,2026-04-07,LAL,OKC,-36.51,1.55,11.35,-11.52
0,2026-04-07,NOP,UTA,5.18,-4.31,-8.31,9.43
0,2026-04-07,BOS,CHO,14.98,7.24,4.54,6.06
0,2026-04-07,TOR,MIA,-1.42,2.2,2.35,1.88
0,2026-04-07,IND,MIN,-1.88,-7.81,3.05,-14.55
0,2026-04-07,BRK,MIL,-14.48,-9.04,-5.89,-3.62
0,2026-04-07,WAS,CHI,-14.3,-11.14,-5.0,-1.05
0,2026-04-08,CLE,ATL,20.55,4.01,2.44,2.08
0,2026-04-08,ORL,MIN,5.14,-0.04,3.01,-1.39
0,2026-04-08,DET,MIL,50.24,7.62,-5.81,14.41
0,2026-04-08,SAS,POR,15.49,8.33,-0.53,11.14
0,2026-04-08,DEN,MEM,3.98,4.44,-4.94,11.57
0,2026-04-08,LAC,OKC,-12.31,1.21,11.52,-11.44
0,2026-04-08,PHX,DAL,-17.75,1.74,-5.71,9.8
0,2026-04-09,HOU,PHI,9.06,4.51,-0.43,9.56
0,2026-04-09,GSW,LAL,-2.76,0.1,1.37,-0.98
0,2026-04-09,NYK,BOS,8.15,6.22,7.31,0.76
0,2026-04-09,WAS,CHI,-1.67,-11.2,-4.94,-2.2
0,2026-04-09,BRK,IND,-17.6,-9.11,-7.76,-4.01
0,2026-04-09,TOR,MIA,12.94,2.18,2.37,1.8
0,2026-04-10,NYK,TOR,21.65,6.26,2.25,8.74
0,2026-04-10,DEN,OKC,-9.56,4.4,11.54,-8.75
0,2026-04-10,CHO,DET,-6.39,4.48,7.82,-2.03
0,2026-04-10,WAS,MIA,-7.8,-11.18,2.3,-5.69
0,2026-04-10,LAL,PHX,11.28,1.39,1.57,2.44
0,2026-04-10,POR,LAC,21.01,-0.57,1.18,2.34
0,2026-04-10,MIL,BRK,26.75,-6.02,-9.22,2.75
0,2026-04-10,CHI,ORL,-2.29,-4.95,-0.0,-4.96
0,2026-04-10,ATL,CLE,-3.51,2.33,4.11,0.34
0,2026-04-10,HOU,MIN,-23.13,4.53,2.97,2.23
0,2026-04-10,SAC,GSW,-18.13,-9.83,0.08,-5.22
0,2026-04-10,SAS,DAL,17.52,8.36,-5.56,14.97
0,2026-04-10,IND,PHI,-2.25,-7.65,-0.44,-6.45
0,2026-04-10,BOS,NOP,11.05,7.26,-4.31,12.95
0,2026-04-10,UTA,MEM,-11.62,-8.31,-4.9,-5.2
0,2026-04-12,LAL,UTA,43.4,1.45,-8.36,16.37
0,2026-04-12,HOU,MEM,12.19,4.37,-4.85,14.8
0,2026-04-12,SAS,DEN,23.24,8.37,4.38,9.46
0,2026-04-12,OKC,PHX,5.38,11.56,1.51,14.52
0,2026-04-12,MIN,NOP,3.53,3.13,-4.3,12.59
0,2026-04-12,DAL,CHI,25.48,-5.57,-4.95,4.07
0,2026-04-12,LAC,GSW,-6.66,1.06,0.15,3.83
0,2026-04-12,PHI,MIL,4.38,-0.46,-5.89,5.49
0,2026-04-12,CLE,WAS,27.44,4.13,-11.16,18.33
0,2026-04-12,BOS,ORL,19.39,7.25,-0.01,13.19
0,2026-04-12,NYK,CHO,24.68,6.35,4.46,7.03
0,2026-04-12,MIA,ATL,9.27,2.28,2.31,-1.12
0,2026-04-12,IND,DET,-13.99,-7.63,7.84,-18.45
0,2026-04-12,TOR,BRK,6.06,2.16,-9.35,14.8
0,2026-04-12,POR,SAC,24.14,-0.44,-9.89,11.61
0,2026-04-15,PHI,ORL,17.68,-0.48,-0.07,5.68
0,2026-04-15,MIA,CHO,5.9,2.32,4.33,4.38
0,2026-04-15,PHX,POR,24.24,1.56,-0.37,3.59
0,2026-04-15,LAC,GSW,-14.16,1.01,0.2,4.67
0,2026-04-18,ORL,MIA,14.97,-0.17,2.35,3.33
0,2026-04-18,POR,GSW,-9.87,-0.49,0.29,5.35
0,2026-04-21,DET,ORL,21.89,7.84,-0.08,9.67
0,2026-04-21,CLE,ATL,26.76,4.18,2.26,8.15
0,2026-04-21,BOS,PHI,42.56,7.31,-0.39,9.55
0,2026-04-21,NYK,TOR,4.79,6.47,2.11,8.49
0,2026-04-21,OKC,GSW,19.14,11.53,0.35,14.36
0,2026-04-21,DEN,HOU,15.65,4.28,4.37,6.44
0,2026-04-21,SAS,PHX,14.02,8.48,1.68,11.66
0,2026-04-21,LAL,MIN,11.13,1.64,3.09,3.35
0,2026-04-24,DET,ORL,-9.59,7.89,-0.16,9.18
0,2026-04-24,CLE,ATL,-1.22,4.29,2.12,9.74
0,2026-04-24,BOS,PHI,12.45,7.48,-0.59,10.75
0,2026-04-24,NYK,TOR,-9.22,6.45,2.11,8.71
0,2026-04-24,OKC,GSW,42.62,11.55,0.31,12.68
0,2026-04-24,DEN,HOU,1.26,4.34,4.28,5.17
0,2026-04-24,SAS,PHX,25.75,8.5,1.64,11.22
0,2026-04-24,LAL,MIN,1.19,1.69,3.02,3.18
0,2026-04-27,ORL,DET,-5.61,-0.06,7.77,1.67
0,2026-04-27,ATL,CLE,6.42,2.14,4.24,-0.43
0,2026-04-27,PHI,BOS,-4.55,-0.61,7.48,2.83
0,2026-04-27,TOR,NYK,-15.57,2.18,6.35,0.45
0,2026-04-27,GSW,OKC,10.39,0.13,11.7,-2.57
0,2026-04-27,HOU,DEN,-13.33,4.27,4.33,5.33
0,2026-04-27,PHX,SAS,11.11,1.53,8.58,2.22
0,2026-04-27,MIN,LAL,28.54,3.0,1.68,6.04
0,2026-04-30,ORL,DET,-4.51,-0.07,7.75,2.19
0,2026-04-30,ATL,CLE,14.9,2.17,4.19,-0.1
0,2026-04-30,PHI,BOS,8.81,-0.61,7.45,2.49
0,2026-04-30,TOR,NYK,-3.78,2.1,6.41,3.27
0,2026-04-30,GSW,OKC,-8.12,0.23,11.58,-7.74
0,2026-04-30,HOU,DEN,0.19,4.18,4.39,5.49
0,2026-04-30,PHX,SAS,-4.69,1.6,8.48,-0.78
0,2026-04-30,MIN,LAL,7.78,3.13,1.53,6.4
0,2026-05-03,DET,ORL,1.86,7.73,-0.07,8.15
0,2026-05-03,CLE,ATL,7.89,4.1,2.24,7.58
0,2026-05-03,BOS,PHI,-2.18,7.36,-0.54,12.09
0,2026-05-03,NYK,TOR,2.5,6.4,2.08,7.69
0,2026-05-03,OKC,GSW,2.14,11.56,0.22,13.99
0,2026-05-03,DEN,HOU,-23.42,4.39,4.16,6.14
0,2026-05-03,SAS,PHX,28.31,8.46,1.59,11.36
0,2026-05-03,LAL,MIN,2.61,1.49,3.14,4.7
0,2026-05-06,CLE,ATL,13.61,4.1,2.2,7.17
0,2026-05-06,BOS,PHI,22.24,7.28,-0.49,11.4
0,2026-05-06,DEN,HOU,-3.84,4.24,4.28,6.64
0,2026-05-06,LAL,MIN,11.39,1.49,3.11,3.0
0,2026-05-09,CLE,ATL,16.96,4.15,2.15,6.89
0,2026-05-09,DEN,HOU,10.51,4.21,4.31,5.06
0,2026-05-12,DET,CLE,-1.21,7.67,4.21,5.77
0,2026-05-12,BOS,NYK,5.71,7.34,6.36,0.87
0,2026-05-12,OKC,DEN,11.79,11.53,4.25,11.88
0,2026-05-12,SAS,LAL,15.49,8.54,1.62,9.14
0,2026-05-15,DET,CLE,15.01,7.68,4.28,4.83
0,2026-05-15,BOS,NYK,12.21,7.44,6.24,5.42
0,2026-05-15,OKC,DEN,-4.0,11.6,4.27,11.2
0,2026-05-15,SAS,LAL,-3.45,8.51,1.48,7.84
0,2026-05-18,CLE,DET,-14.54,4.13,7.87,5.26
0,2026-05-18,NYK,BOS,8.61,6.26,7.38,6.14
0,2026-05-18,DEN,OKC,-9.76,4.15,11.5,-0.93
0,2026-05-18,LAL,SAS,-16.69,1.67,8.44,1.87
0,2026-05-21,CLE,DET,14.6,4.13,7.87,4.33
0,2026-05-21,NYK,BOS,25.97,6.41,7.24,4.76
0,2026-05-21,DEN,OKC,-17.32,3.97,11.65,-1.53
0,2026-05-21,LAL,SAS,0.13,1.58,8.51,2.69
0,2026-05-24,DET,CLE,7.22,7.79,4.27,5.51
0,2026-05-24,BOS,NYK,21.52,7.31,6.67,4.17
0,2026-05-24,OKC,DEN,34.87,11.62,3.91,10.23
0,2026-05-24,SAS,LAL,12.02,8.55,1.54,10.27
0,2026-05-27,DET,CLE,13.85,7.86,4.23,4.9
0,2026-05-27,BOS,NYK,18.73,7.48,6.47,2.15
0,2026-05-27,SAS,LAL,15.89,8.59,1.43,8.06
0,2026-05-30,DET,BOS,21.09,7.87,7.65,6.13
0,2026-05-30,OKC,SAS,12.54,11.68,8.64,8.58
0,2026-06-02,DET,BOS,26.99,8.12,7.6,6.16
0,2026-06-02,OKC,SAS,19.73,11.63,8.61,8.29
0,2026-06-05,BOS,DET,-19.37,7.34,8.3,6.6
0,2026-06-05,SAS,OKC,-24.07,8.67,11.59,4.25
0,2026-06-08,BOS,DET,31.24,7.25,8.43,6.64
0,2026-06-08,SAS,OKC,4.38,8.57,11.63,4.1
0,2026-06-11,DET,BOS,-1.3,8.22,7.42,9.7
0,2026-06-11,OKC,SAS,27.07,11.66,8.63,9.88
0,2026-06-14,DET,BOS,11.8,8.18,7.62,8.02
0,2026-06-17,OKC,DET,-3.68,11.64,8.27,8.48
0,2026-06-20,OKC,DET,16.99,11.62,8.44,11.02
0,2026-06-23,DET,OKC,6.41,8.41,11.72,4.15
0,2026-06-26,DET,OKC,-11.66,8.6,11.67,-1.87
0,2026-06-29,OKC,DET,11.61,11.64,8.57,8.19
0,2026-07-02,OKC,DET,0.66,11.44,8.52,8.52
1,2026-04-05,DAL,LAL,-13.83,-5.65,1.49,-12.49
1,2026-04-06,DEN,POR,18.76,4.44,-0.53,7.56
1,2026-04-06,ATL,NYK,9.69,2.46,6.2,1.88
1,2026-04-06,ORL,DET,-11.99,0.08,7.49,-6.88
1,2026-04-06,MEM,CLE,-8.43,-4.88,3.94,-15.5
1,2026-04-06,SAS,PHI,22.95,8.29,-0.39,16.25
1,2026-04-07,GSW,SAC,21.94,0.1,-9.82,11.05
1,2026-04-07,PHX,HOU,-1.44,1.75,4.5,-0.91
1,2026-04-07,LAC,DAL,-18.56,1.21,-5.71,12.75
1,2026-04-07,LAL,OKC,-18.17,1.54,11.35,-9.6
1,2026-04-07,NOP,UTA,21.57,-4.31,-8.31,8.84
1,2026-04-07,BOS,CHO,8.24,7.24,4.54,3.78
1,2026-04-07,TOR,MIA,-18.64,2.2,2.35,2.24
1,2026-04-07,IND,MIN,-3.22,-7.81,3.05,-12.39
1,2026-04-07,BRK,MIL,3.1,-9.04,-5.9,-3.7
1,2026-04-07,WAS,CHI,-20.5,-11.14,-5.0,-3.01
1,2026-04-08,CLE,ATL,-9.38,3.95,2.53,3.89
1,2026-04-08,ORL,MIN,7.48,0.05,3.02,3.94
1,2026-04-08,DET,MIL,9.1,7.53,-5.92,13.71
1,2026-04-08,SAS,POR,15.19,8.37,-0.6,11.79
1,2026-04-08,DEN,MEM,24.22,4.52,-4.89,14.7
1,2026-04-08,LAC,OKC,10.05,1.05,11.42,-9.08
1,2026-04-08,PHX,DAL,14.95,1.75,-5.54,11.39
1,2026-04-09,HOU,PHI,26.53,4.5,-0.47,8.12
1,2026-04-09,GSW,LAL,18.97,0.16,1.48,-0.89
1,2026-04-09,NYK,BOS,-21.51,6.13,7.26,1.16
1,2026-04-09,WAS,CHI,33.18,-11.24,-4.9,-5.67
1,2026-04-09,BRK,IND,1.7,-9.01,-7.78,-5.43
1,2026-04-09,TOR,MIA,0.35,2.08,2.47,2.03
1,2026-04-10,NYK,TOR,3.87,6.0,2.07,9.59
1,2026-04-10,DEN,OKC,-15.98,4.59,11.3,-4.81
1,2026-04-10,CHO,DET,7.32,4.52,7.48,5.11
1,2026-04-10,WAS,MIA,-12.07,-11.01,2.48,-1.9
1,2026-04-10,LAL,PHX,7.77,1.37,1.78,2.9
1,2026-04-10,POR,LAC,11.86,-0.63,1.16,0.2
1,2026-04-10,MIL,BRK,-6.14,-5.89,-9.01,3.37
1,2026-04-10,CHI,ORL,3.74,-5.13,0.09,-5.63
1,2026-04-10,ATL,CLE,-20.08,2.6,3.86,2.02
1,2026-04-10,HOU,MIN,14.13,4.63,2.96,3.31
1,2026-04-10,SAC,GSW,4.09,-9.88,0.28,-4.54
1,2026-04-10,SAS,DAL,4.72,8.39,-5.58,16.65
1,2026-04-10,IND,PHI,-18.84,-7.78,-0.59,-6.91
1,2026-04-10,BOS,NOP,3.48,7.39,-4.21,8.32
1,2026-04-10,UTA,MEM,-23.78,-8.4,-4.97,-3.54
1,2026-04-12,LAL,UTA,14.41,1.41,-8.53,14.07
1,2026-04-12,HOU,MEM,24.58,4.69,-4.84,13.13
1,2026-04-12,SAS,DEN,9.09,8.33,4.53,6.9
1,2026-04-12,OKC,PHX,25.0,11.36,1.75,11.71
1,2026-04-12,MIN,NOP,-7.44,2.9,-4.15,7.48
1,2026-04-12,DAL,CHI,33.5,-5.51,-5.09,-0.16
1,2026-04-12,LAC,GSW,14.15,1.1,0.2,4.31
1,2026-04-12,PHI,MIL,21.47,-0.51,-5.95,5.68
1,2026-04-12,CLE,WAS,12.8,3.98,-11.01,19.28
1,2026-04-12,BOS,ORL,24.01,7.33,0.05,9.32
1,2026-04-12,NYK,CHO,21.41,5.98,4.57,3.84
1,2026-04-12,MIA,ATL,17.99,2.48,2.48,-1.51
1,2026-04-12,IND,DET,-19.81,-7.87,7.43,-14.41
1,2026-04-12,TOR,BRK,10.89,2.08,-8.94,12.69
1,2026-04-12,POR,SAC,2.59,-0.56,-9.8,10.73
1,2026-04-15,PHI,MIA,-6.86,-0.43,2.56,5.03
1,2026-04-15,CHO,ORL,-6.05,4.46,-0.04,7.69
1,2026-04-15,PHX,POR,27.51,1.68,-0.6,5.31
1,2026-04-15,LAC,GSW,5.05,1.17,0.14,5.98
1,2026-04-18,PHI,ORL,11.49,-0.46,0.03,7.01
1,2026-04-18,POR,LAC,3.08,-0.74,1.18,2.75
1,2026-04-21,DET,PHI,6.28,7.46,-0.4,8.67
1,2026-04-21,CLE,ATL,7.62,3.95,2.38,6.4
1,2026-04-21,BOS,MIA,11.94,7.41,2.59,7.56
1,2026-04-21,NYK,TOR,8.4,6.09,2.07,7.78
1,2026-04-21,OKC,POR,17.33,11.44,-0.72,11.65
1,2026-04-21,HOU,DEN,15.18,4.77,4.51,6.39
1,2026-04-21,SAS,PHX,19.82,8.36,1.81,10.66
1,2026-04-21,LAL,MIN,11.72,1.44,2.81,4.25
1,2026-04-24,DET,PHI,27.63,7.43,-0.4,8.58
1,2026-04-24,CLE,ATL,12.89,3.96,2.34,6.54
1,2026-04-24,BOS,MIA,12.59,7.43,2.55,5.84
1,2026-04-24,NYK,TOR,-14.95,6.09,2.04,7.92
1,2026-04-24,OKC,POR,9.29,11.44,-0.75,11.59
1,2026-04-24,HOU,DEN,-17.35,4.83,4.43,6.46
1,2026-04-24,SAS,PHX,15.46,8.42,1.73,10.51
1,2026-04-24,LAL,MIN,0.34,1.49,2.73,3.72
1,2026-04-27,PHI,DET,-10.98,-0.51,7.52,2.0
1,2026-04-27,ATL,CLE,-15.47,2.28,4.0,3.62
1,2026-04-27,MIA,BOS,-1.55,2.5,7.45,4.95
1,2026-04-27,TOR,NYK,2.03,2.14,5.96,1.74
1,2026-04-27,POR,OKC,29.11,-0.74,11.4,-6.17
1,2026-04-27,DEN,HOU,-5.7,4.52,4.71,3.57
1,2026-04-27,PHX,SAS,-36.65,1.68,8.44,1.18
1,2026-04-27,MIN,LAL,-9.81,2.73,1.47,5.66
1,2026-04-30,PHI,DET,-5.76,-0.55,7.53,1.85
1,2026-04-30,ATL,CLE,-15.16,2.18,4.07,1.56
1,2026-04-30,MIA,BOS,4.54,2.5,7.43,3.26
1,2026-04-30,TOR,NYK,9.75,2.14,5.93,5.09
1,2026-04-30,POR,OKC,5.73,-0.54,11.17,-7.1
1,2026-04-30,DEN,HOU,1.78,4.47,4.74,5.12
1,2026-04-30,PHX,SAS,6.36,1.5,8.59,2.25
1,2026-04-30,MIN,LAL,6.07,2.64,1.52,4.97
1,2026-05-03,BOS,MIA,2.97,7.37,2.53,8.24
1,2026-05-03,NYK,TOR,16.06,5.86,2.19,8.61
1,2026-05-03,OKC,POR,-12.6,11.08,-0.47,11.38
1,2026-05-03,HOU,DEN,19.07,4.72,4.46,5.62
1,2026-05-03,SAS,PHX,22.25,8.51,1.55,12.39
1,2026-05-03,LAL,MIN,13.28,1.49,2.65,5.97
1,2026-05-06,NYK,TOR,-0.31,5.9,2.13,7.36
1,2026-05-06,OKC,POR,9.39,10.93,-0.36,11.72
1,2026-05-06,HOU,DEN,20.77,4.8,4.36,5.51
1,2026-05-09,OKC,POR,9.03,10.91,-0.35,11.14
1,2026-05-12,DET,CLE,3.71,7.5,4.12,6.19
1,2026-05-12,BOS,TOR,5.42,7.34,2.15,7.89
1,2026-05-12,OKC,HOU,42.63,10.93,4.86,8.95
1,2026-05-12,SAS,LAL,1.62,8.56,1.61,9.63
1,2026-05-15,DET,CLE,-26.34,7.53,4.16,3.5
1,2026-05-15,BOS,TOR,-26.45,7.42,2.1,7.35
1,2026-05-15,OKC,HOU,25.67,11.17,4.68,8.89
1,2026-05-15,SAS,LAL,23.74,8.45,1.56,9.65
1,2026-05-18,CLE,DET,11.23,4.24,7.48,7.11
1,2026-05-18,TOR,BOS,-34.62,2.42,7.13,6.11
1,2026-05-18,HOU,OKC,-8.16,4.49,11.24,0.68
1,2026-05-18,LAL,SAS,2.76,1.6,8.53,2.83
1,2026-05-21,CLE,DET,16.16,4.38,7.34,6.62
1,2026-05-21,TOR,BOS,11.83,2.34,7.19,6.77
1,2026-05-21,HOU,OKC,11.66,4.35,11.37,-1.12
1,2026-05-21,LAL,SAS,18.84,1.62,8.49,2.34
1,2026-05-24,DET,CLE,14.38,7.26,4.53,5.47
1,2026-05-24,BOS,TOR,20.61,7.31,2.34,5.89
1,2026-05-24,OKC,HOU,0.68,11.17,4.24,9.42
1,2026-05-24,SAS,LAL,7.58,8.43,1.68,12.38
1,2026-05-27,DET,CLE,-5.33,7.37,4.45,1.16
1,2026-05-27,BOS,TOR,-7.21,7.45,2.15,7.57
1,2026-05-27,SAS,LAL,14.98,8.44,1.58,8.92
1,2026-05-30,BOS,TOR,-1.77,7.46,2.22,5.92
1,2026-06-02,CLE,TOR,0.42,4.45,2.26,10.12
1,2026-06-02,OKC,SAS,44.17,10.93,8.5,8.55
1,2026-06-05,CLE,TOR,-4.77,4.45,2.19,8.17
1,2026-06-05,OKC,SAS,21.41,11.04,8.42,8.01
1,2026-06-08,TOR,CLE,15.49,2.16,4.43,-0.09
1,2026-06-08,SAS,OKC,-6.74,8.35,11.04,2.15
1,2026-06-11,TOR,CLE,7.13,2.21,4.39,-2.26
1,2026-06-11,SAS,OKC,6.84,8.34,11.13,0.65
1,2026-06-14,CLE,TOR,-4.23,4.28,2.2,7.72
1,2026-06-14,OKC,SAS,28.6,10.92,8.45,11.1
1,2026-06-17,OKC,TOR,36.99,11.06,2.21,12.87
1,2026-06-20,OKC,TOR,-3.36,11.26,2.06,12.48
1,2026-06-23,TOR,OKC,-8.26,2.23,11.17,-4.52
1,2026-06-26,TOR,OKC,-4.54,2.36,11.15,-3.52
1,2026-06-29,OKC,TOR,15.28,11.08,2.4,13.82
2,2026-04-05,DAL,LAL,-2.05,-5.65,1.49,-12.02
2,2026-04-06,DEN,POR,9.62,4.44,-0.53,7.32
2,2026-04-06,ATL,NYK,-14.99,2.46,6.2,3.25
2,2026-04-06,ORL,DET,-6.47,0.08,7.49,-7.82
2,2026-04-06,MEM,CLE,-10.27,-4.88,3.94,-13.81
2,2026-04-06,SAS,PHI,4.02,8.29,-0.39,15.35
2,2026-04-07,GSW,SAC,25.42,0.1,-9.82,9.58
2,2026-04-07,PHX,HOU,-5.11,1.74,4.5,0.57
2,2026-04-07,LAC,DAL,-0.64,1.21,-5.64,10.93
2,2026-04-07,LAL,OKC,-8.11,1.47,11.34,-8.14
2,2026-04-07,NOP,UTA,-1.35,-4.31,-8.31,7.46
2,2026-04-07,BOS,CHO,16.74,7.24,4.55,2.57
2,2026-04-07,TOR,MIA,-29.61,2.2,2.35,4.5
2,2026-04-07,IND,MIN,-34.82,-7.81,3.05,-13.66
2,2026-04-07,BRK,MIL,-15.29,-9.04,-5.89,-3.82
2,2026-04-07,WAS,CHI,-26.72,-11.14,-5.0,-0.47
2,2026-04-08,CLE,ATL,-9.05,3.96,2.37,2.26
2,2026-04-08,ORL,MIN,15.52,0.08,3.22,0.13
2,2026-04-08,DET,MIL,16.74,7.49,-5.81,13.29
2,2026-04-08,SAS,POR,7.53,8.25,-0.54,13.46
2,2026-04-08,DEN,MEM,4.88,4.47,-4.9,13.83
2,2026-04-08,LAC,OKC,10.29,1.16,11.36,-7.33
2,2026-04-08,PHX,DAL,-1.15,1.73,-5.57,8.74
2,2026-04-09,HOU,PHI,15.71,4.52,-0.36,6.37
2,2026-04-09,GSW,LAL,-4.77,0.18,1.47,-4.64
2,2026-04-09,NYK,BOS,-12.05,6.27,7.31,-0.06
2,2026-04-09,WAS,CHI,6.55,-11.28,-4.86,-3.77
2,2026-04-09,BRK,IND,10.2,-9.12,-7.97,-3.8
2,2026-04-09,TOR,MIA,18.17,2.01,2.55,4.06
2,2026-04-10,NYK,TOR,6.94,6.2,2.11,7.49
2,2026-04-10,DEN,OKC,6.47,4.43,11.24,-5.48
2,2026-04-10,CHO,DET,-31.44,4.47,7.5,1.3
2,2026-04-10,WAS,MIA,-14.58,-11.21,2.44,-1.46
2,2026-04-10,LAL,PHX,-13.28,1.5,1.66,3.81
2,2026-04-10,POR,LAC,-12.88,-0.53,1.27,-1.4
2,2026-04-10,MIL,BRK,33.71,-5.82,-9.06,4.41
2,2026-04-10,CHI,ORL,-7.96,-4.94,0.18,-7.0
2,2026-04-10,ATL,CLE,-16.71,2.45,3.88,2.29
2,2026-04-10,HOU,MIN,12.98,4.58,3.11,-1.08
2,2026-04-10,SAC,GSW,-4.05,-9.9,0.16,-4.29
2,2026-04-10,SAS,DAL,32.73,8.23,-5.52,15.63
2,2026-04-10,IND,PHI,4.61,-8.02,-0.41,-7.65
2,2026-04-10,BOS,NOP,-16.11,7.39,-4.34,10.56
2,2026-04-10,UTA,MEM,-8.66,-8.27,-4.86,-2.16
2,2026-04-12,LAL,UTA,15.73,1.42,-8.3,13.95
2,2026-04-12,HOU,MEM,-1.23,4.64,-4.82,11.51
2,2026-04-12,SAS,DEN,10.64,8.34,4.5,7.51
2,2026-04-12,OKC,PHX,30.94,11.17,1.75,10.85
2,2026-04-12,MIN,NOP,23.28,3.05,-4.16,10.45
2,2026-04-12,DAL,CHI,-1.12,-5.62,-4.96,3.93
2,2026-04-12,LAC,GSW,8.31,1.35,0.13,7.66
2,2026-04-12,PHI,MIL,-12.29,-0.48,-5.66,5.47
2,2026-04-12,CLE,WAS,25.71,3.98,-11.23,18.29
2,2026-04-12,BOS,ORL,23.55,7.21,0.2,9.16
2,2026-04-12,NYK,CHO,8.91,6.2,4.29,4.79
2,2026-04-12,MIA,ATL,-2.05,2.45,2.34,-4.51
2,2026-04-12,IND,DET,-14.11,-7.97,7.67,-15.94
2,2026-04-12,TOR,BRK,19.68,2.1,-9.23,12.19
2,2026-04-12,POR,SAC,37.68,-0.6,-9.87,11.32
2,2026-04-15,ORL,MIA,40.47,0.11,2.43,5.65
2,2026-04-15,PHI,CHO,-10.96,-0.59,4.26,4.92
2,2026-04-15,PHX,LAC,-24.32,1.64,1.38,3.65
2,2026-04-15,POR,GSW,-5.0,-0.45,0.1,2.86
2,2026-04-18,MIA,CHO,-4.7,2.19,4.31,5.93
2,2026-04-18,PHX,GSW,12.72,1.49,0.13,6.2
2,2026-04-21,DET,CHO,20.19,7.67,4.33,9.6
2,2026-04-21,CLE,ATL,10.94,4.03,2.36,6.62
2,2026-04-21,BOS,ORL,11.12,7.29,0.34,8.74
2,2026-04-21,NYK,TOR,31.58,6.22,2.13,7.94
2,2026-04-21,OKC,PHX,-5.26,11.28,1.54,10.42
2,2026-04-21,DEN,HOU,23.23,4.46,4.57,5.08
2,2026-04-21,SAS,LAC,17.81,8.36,1.53,7.54
2,2026-04-21,LAL,MIN,9.9,1.44,3.13,3.67
2,2026-04-24,DET,CHO,14.6,7.74,4.23,9.66
2,2026-04-24,CLE,ATL,19.26,4.05,2.3,7.13
2,2026-04-24,BOS,ORL,11.55,7.3,0.31,4.24
2,2026-04-24,NYK,TOR,9.88,6.35,1.97,8.17
2,2026-04-24,OKC,PHX,20.86,11.18,1.62,11.87
2,2026-04-24,DEN,HOU,29.01,4.57,4.43,5.87
2,2026-04-24,SAS,LAC,19.65,8.4,1.46,6.03
2,2026-04-24,LAL,MIN,13.4,1.48,3.06,3.38
2,2026-04-27,CHO,DET,18.72,4.17,7.78,4.99
2,2026-04-27,ATL,CLE,11.09,2.2,4.12,1.8
2,2026-04-27,ORL,BOS,6.09,0.28,7.3,4.06
2,2026-04-27,TOR,NYK,-13.56,1.94,6.36,3.37
2,2026-04-27,PHX,OKC,-0.21,1.55,11.22,-3.25
2,2026-04-27,HOU,DEN,33.74,4.27,4.71,5.54
2,2026-04-27,LAC,SAS,-10.54,1.38,8.45,3.42
2,2026-04-27,MIN,LAL,7.28,2.98,1.54,6.12
2,2026-04-30,CHO,DET,0.09,4.27,7.65,0.9
2,2026-04-30,ATL,CLE,-1.38,2.25,4.05,-0.35
2,2026-04-30,ORL,BOS,3.88,0.33,7.22,4.82
2,2026-04-30,TOR,NYK,-4.65,1.87,6.4,4.56
2,2026-04-30,PHX,OKC,-24.68,1.58,11.16,-5.11
2,2026-04-30,HOU,DEN,19.96,4.43,4.51,4.09
2,2026-04-30,LAC,SAS,11.32,1.34,8.47,3.82
2,2026-04-30,MIN,LAL,0.81,2.98,1.5,5.48
2,2026-05-03,DET,CHO,4.22,7.62,4.27,8.98
2,2026-05-03,CLE,ATL,8.47,4.04,2.23,6.83
2,2026-05-03,BOS,ORL,-1.2,7.16,0.36,7.1
2,2026-05-03,OKC,PHX,21.19,11.23,1.48,11.99
2,2026-05-03,DEN,HOU,-11.0,4.4,4.51,6.66
2,2026-05-03,SAS,LAC,0.37,8.37,1.42,10.69
2,2026-05-03,LAL,MIN,14.61,1.5,2.96,4.52
2,2026-05-06,DET,CHO,-2.03,7.6,4.27,9.06
2,2026-05-06,BOS,ORL,-29.14,7.1,0.39,5.67
2,2026-05-06,DEN,HOU,-1.16,4.32,4.57,4.77
2,2026-05-06,LAL,MIN,0.5,1.56,2.87,5.17
2,2026-05-09,DET,CHO,-11.22,7.56,4.3,9.94
2,2026-05-12,CLE,CHO,-2.4,4.05,4.38,8.15
2,2026-05-12,NYK,ORL,3.01,6.38,0.58,7.76
2,2026-05-12,OKC,HOU,24.74,11.3,4.53,9.86
2,2026-05-12,SAS,LAL,11.96,8.31,1.63,8.15
2,2026-05-15,CLE,CHO,14.63,4.06,4.36,6.9
2,2026-05-15,NYK,ORL,10.3,6.26,0.59,6.84
2,2026-05-15,OKC,HOU,-11.72,11.47,4.46,9.24
2,2026-05-15,SAS,LAL,20.39,8.25,1.52,7.08
2,2026-05-18,CHO,CLE,27.27,4.28,4.02,3.6
2,2026-05-18,ORL,NYK,4.85,0.75,6.35,3.36
2,2026-05-18,HOU,OKC,3.69,4.48,11.34,-3.65
2,2026-05-18,LAL,SAS,31.4,1.58,8.3,2.69
2,2026-05-21,CHO,CLE,6.24,4.66,3.96,-0.62
2,2026-05-21,ORL,NYK,9.99,0.72,6.41,4.56
2,2026-05-21,HOU,OKC,24.03,4.41,11.42,-1.65
2,2026-05-21,LAL,SAS,7.17,1.74,8.12,2.63
2,2026-05-24,CLE,CHO,-12.33,4.0,4.75,6.93
2,2026-05-24,NYK,ORL,3.84,6.45,0.7,6.48
2,2026-05-24,OKC,HOU,28.11,11.14,4.38,11.36
2,2026-05-24,SAS,LAL,8.02,8.13,1.74,9.29
2,2026-05-27,NYK,ORL,15.42,6.34,0.77,7.28
2,2026-05-27,OKC,HOU,-5.37,11.23,4.23,8.79
2,2026-05-27,SAS,LAL,11.92,8.15,1.65,7.72
2,2026-05-30,NYK,CHO,12.77,6.37,4.97,8.26
2,2026-05-30,SAS,HOU,-2.8,8.18,4.31,5.77
2,2026-06-02,NYK,CHO,24.57,6.33,5.01,6.65
2,2026-06-02,SAS,HOU,-3.47,8.15,4.34,6.6
2,2026-06-05,CHO,NYK,4.95,5.04,6.57,5.83
2,2026-06-05,HOU,SAS,14.0,4.26,8.26,5.74
2,2026-06-08,CHO,NYK,10.17,5.15,6.58,2.98
2,2026-06-08,HOU,SAS,29.97,4.34,8.2,6.02
2,2026-06-11,NYK,CHO,25.54,6.55,5.31,8.28
2,2026-06-14,NYK,CHO,11.99,6.76,5.33,7.82
2,2026-06-17,NYK,HOU,5.1,6.65,4.35,5.66
2,2026-06-20,NYK,HOU,5.06,6.67,4.33,5.83
2,2026-06-23,HOU,NYK,33.08,4.37,6.64,5.32
2,2026-06-26,HOU,NYK,18.7,4.42,6.27,7.57
2,2026-06-29,NYK,HOU,14.58,6.18,4.64,5.31
2,2026-07-02,NYK,HOU,3.74,6.18,4.55,3.97
3,2026-04-05,DAL,LAL,-47.55,-5.65,1.49,-11.37
3,2026-04-06,DEN,POR,21.6,4.44,-0.53,6.2
3,2026-04-06,ATL,NYK,29.38,2.46,6.2,2.16
3,2026-04-06,ORL,DET,-4.87,0.08,7.49,-7.68
3,2026-04-06,MEM,CLE,-30.42,-4.88,3.94,-14.04
3,2026-04-06,SAS,PHI,31.64,8.29,-0.39,14.78
3,2026-04-07,GSW,SAC,2.75,0.1,-9.82,7.36
3,2026-04-07,PHX,HOU,11.04,1.75,4.5,0.95
3,2026-04-07,LAC,DAL,13.76,1.21,-5.92,11.95
3,2026-04-07,LAL,OKC,-1.71,1.75,11.35,-9.72
3,2026-04-07,NOP,UTA,-5.52,-4.31,-8.32,8.64
3,2026-04-07,BOS,CHO,33.27,7.24,4.55,4.06
3,2026-04-07,TOR,MIA,-4.8,2.2,2.35,1.22
3,2026-04-07,IND,MIN,-11.55,-7.81,3.05,-13.54
3,2026-04-07,BRK,MIL,-26.36,-9.04,-5.89,-3.72
3,2026-04-07,WAS,CHI,12.95,-11.14,-5.0,-2.04
3,2026-04-08,CLE,ATL,13.24,4.08,2.65,2.27
3,2026-04-08,ORL,MIN,27.36,0.09,3.07,3.39
3,2026-04-08,DET,MIL,7.22,7.49,-5.74,14.83
3,2026-04-08,SAS,POR,-4.15,8.42,-0.63,9.77
3,2026-04-08,DEN,MEM,11.06,4.53,-5.02,12.42
3,2026-04-08,LAC,OKC,6.53,1.25,11.32,-6.19
3,2026-04-08,PHX,DAL,18.26,1.83,-5.94,12.92
3,2026-04-09,HOU,PHI,0.33,4.43,-0.52,8.05
3,2026-04-09,GSW,LAL,0.28,0.04,1.78,-4.6
3,2026-04-09,NYK,BOS,5.65,6.01,7.42,-0.78
3,2026-04-09,WAS,CHI,-13.98,-11.03,-5.1,-0.21
3,2026-04-09,BRK,IND,4.87,-9.19,-7.82,-5.58
3,2026-04-09,TOR,MIA,-4.27,2.17,2.4,1.13
3,2026-04-10,NYK,TOR,-13.34,6.05,2.13,10.38
3,2026-04-10,DEN,OKC,-4.13,4.52,11.22,-5.84
3,2026-04-10,CHO,DET,14.48,4.39,7.44,-0.83
3,2026-04-10,WAS,MIA,-8.66,-11.09,2.43,-4.13
3,2026-04-10,LAL,PHX,9.24,1.78,1.87,3.05
3,2026-04-10,POR,LAC,16.68,-0.55,1.33,-3.24
3,2026-04-10,MIL,BRK,-6.09,-5.69,-9.16,7.78
3,2026-04-10,CHI,ORL,-9.7,-5.04,0.26,-9.15
3,2026-04-10,ATL,CLE,4.44,2.59,4.14,3.67
3,2026-04-10,HOU,MIN,-1.87,4.39,2.89,2.35
3,2026-04-10,SAC,GSW,-22.96,-9.76,0.05,-2.73
3,2026-04-10,SAS,DAL,16.97,8.32,-6.0,13.71
3,2026-04-10,IND,PHI,10.71,-7.84,-0.48,-6.78
3,2026-04-10,BOS,NOP,-3.37,7.39,-4.38,12.04
3,2026-04-10,UTA,MEM,-4.65,-8.25,-5.03,-1.7
3,2026-04-12,LAL,UTA,8.39,1.82,-8.27,16.43
3,2026-04-12,HOU,MEM,15.39,4.36,-5.01,12.72
3,2026-04-12,SAS,DEN,-8.76,8.33,4.53,7.63
3,2026-04-12,OKC,PHX,19.23,11.22,1.83,9.04
3,2026-04-12,MIN,NOP,14.94,2.92,-4.28,10.04
3,2026-04-12,DAL,CHI,-17.97,-6.0,-5.08,2.17
3,2026-04-12,LAC,GSW,23.29,1.23,0.14,8.26
3,2026-04-12,PHI,MIL,-6.12,-0.58,-5.76,4.76
3,2026-04-12,CLE,WAS,42.88,4.11,-11.07,18.77
3,2026-04-12,BOS,ORL,11.0,7.28,0.29,9.24
3,2026-04-12,NYK,CHO,4.7,5.94,4.48,3.49
3,2026-04-12,MIA,ATL,-14.47,2.41,2.61,-1.98
3,2026-04-12,IND,DET,6.82,-7.75,7.35,-14.57
3,2026-04-12,TOR,BRK,8.3,2.24,-9.1,12.61
3,2026-04-12,POR,SAC,9.18,-0.44,-9.85,9.24
3,2026-04-15,MIA,CHO,-12.02,2.32,4.47,6.04
3,2026-04-15,ORL,PHI,36.74,0.28,-0.65,7.32
3,2026-04-15,PHX,POR,21.2,1.78,-0.45,5.49
3,2026-04-15,LAC,GSW,16.28,1.34,0.02,5.81
3,2026-04-18,MIA,ORL,2.78,2.26,0.47,3.84
3,2026-04-18,POR,LAC,2.07,-0.56,1.42,2.2
3,2026-04-21,DET,MIA,12.89,7.23,2.26,8.13
3,2026-04-21,CLE,ATL,0.48,4.26,2.7,7.11
3,2026-04-21,BOS,CHO,20.77,7.3,4.54,9.75
3,2026-04-21,NYK,TOR,19.33,5.94,2.21,7.36
3,2026-04-21,OKC,POR,17.95,11.26,-0.54,11.3
3,2026-04-21,DEN,HOU,10.49,4.6,4.38,6.08
3,2026-04-21,SAS,PHX,9.36,8.24,1.88,11.36
3,2026-04-21,LAL,MIN,17.02,1.8,2.95,5.23
3,2026-04-24,DET,MIA,2.63,7.25,2.21,7.2
3,2026-04-24,CLE,ATL,21.81,4.23,2.7,6.72
3,2026-04-24,BOS,CHO,26.91,7.38,4.43,9.0
3,2026-04-24,NYK,TOR,-13.57,6.01,2.12,8.32
3,2026-04-24,OKC,POR,1.16,11.27,-0.58,11.18
3,2026-04-24,DEN,HOU,29.67,4.63,4.32,5.55
3,2026-04-24,SAS,PHX,24.43,8.24,1.86,10.51
3,2026-04-24,LAL,MIN,3.38,1.87,2.85,5.01
3,2026-04-27,MIA,DET,21.27,2.21,7.22,1.36
3,2026-04-27,ATL,CLE,18.97,2.59,4.32,6.83
3,2026-04-27,CHO,BOS,21.0,4.3,7.48,5.29
3,2026-04-27,TOR,NYK,9.29,2.21,5.89,3.35
3,2026-04-27,POR,OKC,-0.39,-0.53,11.19,-6.13
3,2026-04-27,HOU,DEN,-5.73,4.16,4.77,5.59
3,2026-04-27,PHX,SAS,21.8,1.75,8.31,2.05
3,2026-04-27,MIN,LAL,9.89,2.82,1.87,5.16
3,2026-04-30,MIA,DET,-10.69,2.33,7.07,1.15
3,2026-04-30,ATL,CLE,-11.93,2.68,4.2,0.39
3,2026-04-30,CHO,BOS,-12.55,4.41,7.34,0.41
3,2026-04-30,TOR,NYK,-1.66,2.26,5.82,3.72
3,2026-04-30,POR,OKC,1.84,-0.49,11.12,-4.27
3,2026-04-30,HOU,DEN,20.75,4.11,4.79,4.88
3,2026-04-30,PHX,SAS,-1.08,1.88,8.15,0.43
3,2026-04-30,MIN,LAL,-0.91,2.85,1.81,4.52
3,2026-05-03,DET,MIA,17.69,7.1,2.27,6.63
3,2026-05-03,CLE,ATL,27.48,4.25,2.6,5.98
3,2026-05-03,BOS,CHO,27.85,7.39,4.34,9.82
3,2026-05-03,NYK,TOR,1.42,5.81,2.24,7.83
3,2026-05-03,OKC,POR,13.97,11.05,-0.45,12.29
3,2026-05-03,DEN,HOU,15.82,4.67,4.2,7.68
3,2026-05-03,SAS,PHX,7.02,8.12,1.88,8.71
3,2026-05-03,LAL,MIN,14.47,1.82,2.82,5.07
3,2026-05-06,NYK,TOR,-8.74,5.77,2.24,7.61
3,2026-05-09,NYK,TOR,7.81,5.7,2.31,7.71
3,2026-05-12,DET,CLE,-4.69,7.15,4.36,1.51
3,2026-05-12,BOS,NYK,-7.84,7.49,5.72,8.92
3,2026-05-12,OKC,DEN,17.12,11.08,4.72,8.82
3,2026-05-12,SAS,LAL,-14.61,8.1,1.95,8.4
3,2026-05-15,DET,CLE,13.32,7.13,4.45,3.4
3,2026-05-15,BOS,NYK,-14.96,7.53,5.67,9.72
3,2026-05-15,OKC,DEN,-9.41,11.18,4.71,7.79
3,2026-05-15,SAS,LAL,13.3,7.91,1.98,9.9
3,2026-05-18,CLE,DET,-4.59,4.31,7.3,7.51
3,2026-05-18,NYK,BOS,-6.69,5.84,7.33,5.95
3,2026-05-18,DEN,OKC,-11.69,4.61,11.06,-3.32
3,2026-05-18,LAL,SAS,23.58,2.07,7.93,3.57
3,2026-05-21,CLE,DET,-6.45,4.35,7.23,6.4
3,2026-05-21,NYK,BOS,7.66,5.9,7.27,5.17
3,2026-05-21,DEN,OKC,24.76,4.42,11.21,0.69
3,2026-05-21,LAL,SAS,11.89,2.2,7.79,4.81
3,2026-05-24,DET,CLE,5.12,7.29,4.37,2.58
3,2026-05-24,BOS,NYK,7.45,7.46,6.05,6.57
3,2026-05-24,OKC,DEN,-12.54,10.95,4.57,10.2
3,2026-05-24,SAS,LAL,18.05,7.76,2.22,8.49
3,2026-05-27,BOS,NYK,31.73,7.55,5.93,6.52
3,2026-05-27,OKC,DEN,2.79,10.81,4.69,9.1
3,2026-05-27,SAS,LAL,-18.45,7.83,2.07,5.92
3,2026-05-30,BOS,NYK,14.92,7.79,5.78,5.26
3,2026-05-30,OKC,DEN,5.96,10.69,4.59,9.09
3,2026-06-02,DET,BOS,9.3,7.43,7.92,5.51
3,2026-06-02,OKC,LAL,8.52,10.58,2.2,9.85
3,2026-06-05,DET,BOS,16.08,7.52,7.77,5.26
3,2026-06-05,OKC,LAL,4.79,10.45,2.27,8.92
3,2026-06-08,BOS,DET,22.75,7.71,7.61,5.78
3,2026-06-08,LAL,OKC,-9.23,2.18,10.31,-2.56
3,2026-06-11,BOS,DET,10.21,7.83,7.46,3.02
3,2026-06-11,LAL,OKC,8.09,2.14,10.38,-1.37
3,2026-06-14,DET,BOS,-18.64,7.38,8.05,6.13
3,2026-06-14,OKC,LAL,-10.28,10.13,2.25,8.84
3,2026-06-17,DET,BOS,23.83,7.31,8.16,3.13
3,2026-06-17,OKC,LAL,17.72,10.01,2.25,9.21
3,2026-06-20,DET,BOS,-7.08,7.55,8.07,4.22
3,2026-06-23,OKC,BOS,-4.85,10.06,8.12,6.98
3,2026-06-26,OKC,BOS,1.89,9.99,7.91,6.51
3,2026-06-29,BOS,OKC,36.18,7.89,9.89,3.56
3,2026-07-02,BOS,OKC,-14.89,8.27,9.42,1.0
3,2026-07-05,OKC,BOS,17.74,9.54,8.15,6.56
3,2026-07-08,OKC,BOS,22.63,9.64,8.09,5.63
4,2026-04-05,DAL,LAL,-1.98,-5.65,1.49,-12.54
4,2026-04-06,DEN,POR,-0.53,4.44,-0.53,5.51
4,2026-04-06,ATL,NYK,12.85,2.46,6.2,2.78
4,2026-04-06,ORL,DET,19.04,0.08,7.49,-7.06
4,2026-04-06,MEM,CLE,-18.69,-4.88,3.94,-12.15
4,2026-04-06,SAS,PHI,14.75,8.29,-0.39,12.43
4,2026-04-07,GSW,SAC,5.85,0.1,-9.82,11.3
4,2026-04-07,PHX,HOU,11.48,1.74,4.5,2.51
4,2026-04-07,LAC,DAL,-14.24,1.21,-5.64,12.36
4,2026-04-07,LAL,OKC,-32.7,1.47,11.35,-6.79
4,2026-04-07,NOP,UTA,5.56,-4.31,-8.31,7.16
4,2026-04-07,BOS,CHO,-1.81,7.24,4.55,4.42
4,2026-04-07,TOR,MIA,9.67,2.2,2.35,2.67
4,2026-04-07,IND,MIN,-11.88,-7.81,3.05,-12.35
4,2026-04-07,BRK,MIL,10.42,-9.04,-5.89,-2.97
4,2026-04-07,WAS,CHI,14.98,-11.14,-5.0,-2.03
4,2026-04-08,CLE,ATL,-24.73,4.01,2.55,3.61
4,2026-04-08,ORL,MIN,2.6,0.23,3.07,3.35
4,2026-04-08,DET,MIL,3.68,7.34,-5.96,16.35
4,2026-04-08,SAS,POR,19.64,8.32,-0.49,12.15
4,2026-04-08,DEN,MEM,-5.45,4.4,-4.95,9.58
4,2026-04-08,LAC,OKC,16.89,1.08,11.5,-5.89
4,2026-04-08,PHX,DAL,8.39,1.82,-5.5,12.4
4,2026-04-09,HOU,PHI,28.3,4.42,-0.42,4.55
4,2026-04-09,GSW,LAL,-4.25,0.06,1.32,-1.33
4,2026-04-09,NYK,BOS,1.87,6.11,7.2,-2.02
4,2026-04-09,WAS,CHI,16.44,-11.02,-5.13,-0.19
4,2026-04-09,BRK,IND,-22.85,-8.97,-7.83,-7.16
4,2026-04-09,TOR,MIA,-2.87,2.25,2.3,3.31
4,2026-04-10,NYK,TOR,4.85,6.11,2.22,7.22
4,2026-04-10,DEN,OKC,6.5,4.3,11.34,-6.14
4,2026-04-10,CHO,DET,-2.59,4.59,7.26,7.17
4,2026-04-10,WAS,MIA,-12.99,-10.89,2.33,-4.93
4,2026-04-10,LAL,PHX,19.03,1.35,1.82,1.47
4,2026-04-10,POR,LAC,20.99,-0.55,1.23,-1.64
4,2026-04-10,MIL,BRK,15.46,-5.9,-9.11,4.26
4,2026-04-10,CHI,ORL,-3.82,-5.25,0.25,-9.59
4,2026-04-10,ATL,CLE,2.05,2.71,3.83,2.16
4,2026-04-10,HOU,MIN,9.87,4.56,3.05,0.36
4,2026-04-10,SAC,GSW,-19.27,-9.78,0.04,-7.1
4,2026-04-10,SAS,DAL,17.51,8.37,-5.49,14.23
4,2026-04-10,IND,PHI,-17.45,-7.69,-0.55,-7.69
4,2026-04-10,BOS,NOP,34.26,7.19,-4.3,12.73
4,2026-04-10,UTA,MEM,-14.25,-8.31,-4.85,-4.81
4,2026-04-12,LAL,UTA,23.22,1.45,-8.38,14.76
4,2026-04-12,HOU,MEM,0.82,4.59,-4.78,8.38
4,2026-04-12,SAS,DEN,-4.52,8.38,4.37,8.85
4,2026-04-12,OKC,PHX,-20.23,11.27,1.71,7.57
4,2026-04-12,MIN,NOP,19.7,3.01,-4.43,10.72
4,2026-04-12,DAL,CHI,-3.4,-5.51,-5.25,3.98
4,2026-04-12,LAC,GSW,8.1,1.1,0.1,4.92
4,2026-04-12,PHI,MIL,30.2,-0.48,-5.83,8.82
4,2026-04-12,CLE,WAS,24.73,3.83,-10.9,19.77
4,2026-04-12,BOS,ORL,-6.84,7.32,0.25,10.43
4,2026-04-12,NYK,CHO,-9.78,6.11,4.58,1.38
4,2026-04-12,MIA,ATL,5.97,2.34,2.72,-1.27
4,2026-04-12,IND,DET,-26.44,-7.76,7.28,-13.25
4,2026-04-12,TOR,BRK,5.02,2.23,-9.17,16.11
4,2026-04-12,POR,SAC,23.35,-0.42,-9.85,9.92
4,2026-04-15,TOR,PHI,25.45,2.18,-0.34,5.07
4,2026-04-15,CHO,MIA,30.16,4.66,2.37,7.11
4,2026-04-15,PHX,POR,-14.54,1.89,-0.36,4.4
4,2026-04-15,LAC,GSW,12.31,1.14,0.07,5.96
4,2026-04-18,PHI,CHO,12.66,-0.46,4.8,8.08
4,2026-04-18,PHX,LAC,14.42,1.78,1.19,6.35
4,2026-04-21,DET,PHI,13.75,7.36,-0.37,8.25
4,2026-04-21,CLE,ATL,10.98,3.88,2.69,5.9
4,2026-04-21,BOS,TOR,10.27,7.23,2.3,9.32
4,2026-04-21,NYK,ORL,-12.04,6.04,0.34,5.88
4,2026-04-21,OKC,PHX,-7.21,11.09,1.84,11.64
4,2026-04-21,DEN,HOU,1.74,4.43,4.53,4.79
4,2026-04-21,SAS,POR,-9.88,8.31,-0.26,11.13
4,2026-04-21,LAL,MIN,-3.52,1.51,3.06,3.68
4,2026-04-24,DET,PHI,-3.29,7.37,-0.41,6.69
4,2026-04-24,CLE,ATL,20.08,3.91,2.63,5.26
4,2026-04-24,BOS,TOR,5.3,7.23,2.26,5.52
4,2026-04-24,NYK,ORL,20.62,5.92,0.43,5.84
4,2026-04-24,OKC,PHX,-9.68,10.97,1.93,11.01
4,2026-04-24,DEN,HOU,-10.15,4.41,4.52,5.28
4,2026-04-24,SAS,POR,0.24,8.18,-0.15,12.11
4,2026-04-24,LAL,MIN,0.64,1.48,3.07,3.33
4,2026-04-27,PHI,DET,13.5,-0.35,7.28,0.9
4,2026-04-27,ATL,CLE,11.84,2.52,4.0,5.32
4,2026-04-27,TOR,BOS,6.98,2.26,7.21,4.64
4,2026-04-27,ORL,NYK,-8.44,0.34,5.98,5.75
4,2026-04-27,PHX,OKC,-17.77,2.02,10.85,-2.23
4,2026-04-27,HOU,DEN,4.05,4.57,4.33,4.79
4,2026-04-27,POR,SAS,7.07,-0.12,8.12,2.24
4,2026-04-27,MIN,LAL,-1.23,3.05,1.47,5.49
4,2026-04-30,PHI,DET,16.02,-0.26,7.17,1.65
4,2026-04-30,ATL,CLE,-5.7,2.57,3.92,0.97
4,2026-04-30,TOR,BOS,1.73,2.31,7.15,4.19
4,2026-04-30,ORL,NYK,1.8,0.3,6.0,4.6
4,2026-04-30,PHX,OKC,1.29,1.95,10.9,-0.96
4,2026-04-30,HOU,DEN,-15.93,4.57,4.31,6.09
4,2026-04-30,POR,SAS,-0.86,-0.06,8.03,1.27
4,2026-04-30,MIN,LAL,14.94,3.02,1.48,5.49
4,2026-05-03,DET,PHI,-4.4,7.04,-0.17,7.83
4,2026-05-03,CLE,ATL,46.61,3.94,2.53,6.16
4,2026-05-03,BOS,TOR,14.96,7.11,2.32,7.65
4,2026-05-03,NYK,ORL,-9.22,5.96,0.31,5.45
4,2026-05-03,OKC,PHX,11.24,10.84,1.98,10.99
4,2026-05-03,DEN,HOU,0.73,4.39,4.46,4.99
4,2026-05-03,SAS,POR,-16.48,7.99,-0.04,9.11
4,2026-05-03,LAL,MIN,-1.64,1.41,3.07,4.08
4,2026-05-06,BOS,TOR,10.17,7.14,2.26,5.32
4,2026-05-06,NYK,ORL,0.52,5.86,0.38,5.45
4,2026-05-06,OKC,PHX,27.18,10.84,1.96,11.43
4,2026-05-06,DEN,HOU,-2.68,4.38,4.45,5.62
4,2026-05-06,SAS,POR,-19.27,7.85,0.08,10.44
4,2026-05-06,LAL,MIN,11.03,1.38,3.06,2.94
4,2026-05-09,NYK,ORL,0.93,5.82,0.41,6.76
4,2026-05-09,OKC,PHX,-4.82,10.91,1.86,11.74
4,2026-05-09,DEN,HOU,7.39,4.35,4.46,5.96
4,2026-05-09,LAL,MIN,-10.12,1.43,3.0,3.62
4,2026-05-12,CLE,PHI,29.29,4.14,-0.13,9.5
4,2026-05-12,BOS,NYK,-6.4,7.14,5.79,5.13
4,2026-05-12,DEN,PHX,30.28,4.37,1.94,7.81
4,2026-05-12,MIN,POR,-5.29,3.05,0.2,5.94
4,2026-05-15,CLE,PHI,18.69,4.31,-0.32,8.45
4,2026-05-15,BOS,NYK,16.14,7.18,5.73,6.19
4,2026-05-15,DEN,PHX,12.51,4.56,1.99,6.97
4,2026-05-15,MIN,POR,23.64,3.08,0.18,5.94
4,2026-05-18,PHI,CLE,-9.02,-0.48,4.29,3.44
4,2026-05-18,NYK,BOS,-2.38,5.74,7.17,4.21
4,2026-05-18,PHX,DEN,-9.99,2.11,4.42,4.69
4,2026-05-18,POR,MIN,6.97,-0.0,3.3,8.51
4,2026-05-21,PHI,CLE,0.55,-0.5,4.4,2.06
4,2026-05-21,NYK,BOS,-3.65,5.82,7.08,5.13
4,2026-05-21,PHX,DEN,22.05,2.12,4.33,4.11
4,2026-05-21,POR,MIN,33.75,0.07,3.28,3.82
4,2026-05-24,CLE,PHI,13.3,4.43,-0.59,10.94
4,2026-05-24,BOS,NYK,13.93,7.31,5.92,6.03
4,2026-05-24,DEN,PHX,-3.42,4.2,2.09,7.79
4,2026-05-24,MIN,POR,2.9,2.97,0.22,6.71
4,2026-05-27,DEN,PHX,-11.39,4.17,2.17,7.15
4,2026-05-27,MIN,POR,17.02,3.01,0.22,5.71
4,2026-05-30,DEN,PHX,-4.1,3.96,2.11,6.04
4,2026-05-30,MIN,POR,13.69,2.94,0.15,5.89
4,2026-06-02,BOS,CLE,26.77,7.58,4.38,1.45
4,2026-06-02,MIN,PHX,33.08,2.9,2.05,7.23
4,2026-06-05,BOS,CLE,19.4,7.57,4.27,1.5
4,2026-06-05,MIN,PHX,-20.44,3.09,1.7,8.37
4,2026-06-08,CLE,BOS,25.97,4.22,7.68,5.42
4,2026-06-08,PHX,MIN,19.64,1.83,2.94,1.9
4,2026-06-11,CLE,BOS,1.63,4.46,7.51,5.94
4,2026-06-11,PHX,MIN,0.51,1.83,2.86,3.34
4,2026-06-14,BOS,CLE,2.12,7.65,4.43,3.05
4,2026-06-14,MIN,PHX,2.06,2.86,1.74,6.2
4,2026-06-17,BOS,CLE,6.62,7.62,4.55,3.21
4,2026-06-17,MIN,PHX,5.81,2.94,1.85,6.34
4,2026-06-20,MIN,PHX,13.47,2.9,1.9,6.45
4,2026-06-23,BOS,MIN,-7.11,7.65,2.86,6.45
4,2026-06-26,BOS,MIN,14.86,7.31,2.91,8.26
4,2026-06-29,MIN,BOS,6.38,2.87,7.35,5.83
4,2026-07-02,MIN,BOS,24.96,2.96,7.47,5.78
4,2026-07-05,BOS,MIN,23.07,7.31,3.09,6.67
4,2026-07-08,BOS,MIN,7.62,7.47,3.1,3.53
4,2026-07-11,BOS,MIN,9.66,7.41,3.05,4.4
5,2026-04-05,DAL,LAL,2.33,-5.65,1.49,-7.86
5,2026-04-06,DEN,POR,-3.76,4.45,-0.53,5.3
5,2026-04-06,ATL,NYK,-4.8,2.46,6.2,2.43
5,2026-04-06,ORL,DET,-25.93,0.08,7.49,-10.34
5,2026-04-06,MEM,CLE,-13.79,-4.88,3.94,-13.01
5,2026-04-06,SAS,PHI,7.43,8.29,-0.39,14.95
5,2026-04-07,GSW,SAC,9.22,0.1,-9.82,12.53
5,2026-04-07,PHX,HOU,10.27,1.74,4.5,0.33
5,2026-04-07,LAC,DAL,5.04,1.21,-5.61,8.93
5,2026-04-07,LAL,OKC,-28.09,1.44,11.35,-10.3
5,2026-04-07,NOP,UTA,4.67,-4.31,-8.31,9.43
5,2026-04-07,BOS,CHO,5.47,7.24,4.54,4.73
5,2026-04-07,TOR,MIA,16.75,2.2,2.35,4.94
5,2026-04-07,IND,MIN,-9.78,-7.81,3.05,-14.56
5,2026-04-07,BRK,MIL,-19.19,-9.04,-5.89,-2.75
5,2026-04-07,WAS,CHI,2.97,-11.14,-5.0,-0.57
5,2026-04-08,CLE,ATL,16.97,3.98,2.44,2.19
5,2026-04-08,ORL,MIN,29.6,-0.04,3.06,0.22
5,2026-04-08,DET,MIL,17.04,7.61,-5.78,14.36
5,2026-04-08,SAS,POR,18.51,8.27,-0.47,13.69
5,2026-04-08,DEN,MEM,13.85,4.38,-4.92,10.94
5,2026-04-08,LAC,OKC,7.09,1.19,11.47,-8.57
5,2026-04-08,PHX,DAL,20.99,1.82,-5.59,8.47
5,2026-04-09,HOU,PHI,-7.08,4.43,-0.37,8.59
5,2026-04-09,GSW,LAL,-4.4,0.08,1.32,1.73
5,2026-04-09,NYK,BOS,8.07,6.22,7.25,-0.81
5,2026-04-09,WAS,CHI,-15.04,-11.09,-5.04,1.06
5,2026-04-09,BRK,IND,-14.17,-9.14,-7.8,-3.16
5,2026-04-09,TOR,MIA,5.36,2.3,2.26,7.57
5,2026-04-10,NYK,TOR,-1.41,6.27,2.32,6.83
5,2026-04-10,DEN,OKC,-18.5,4.38,11.37,-6.85
5,2026-04-10,CHO,DET,21.13,4.55,7.62,3.53
5,2026-04-10,WAS,MIA,23.79,-11.15,2.25,0.3
5,2026-04-10,LAL,PHX,-19.74,1.35,1.88,-0.59
5,2026-04-10,POR,LAC,-19.38,-0.53,1.28,-0.07
5,2026-04-10,MIL,BRK,29.75,-5.79,-9.22,6.51
5,2026-04-10,CHI,ORL,-3.41,-4.97,0.15,-3.88
5,2026-04-10,ATL,CLE,-0.65,2.36,4.07,2.52
5,2026-04-10,HOU,MIN,1.67,4.35,2.87,3.35
5,2026-04-10,SAC,GSW,2.71,-9.81,0.05,-8.33
5,2026-04-10,SAS,DAL,2.8,8.31,-5.67,13.17
5,2026-04-10,IND,PHI,-0.27,-7.71,-0.29,-10.18
5,2026-04-10,BOS,NOP,5.43,7.21,-4.32,11.99
5,2026-04-10,UTA,MEM,-3.51,-8.31,-4.95,-4.77
5,2026-04-12,LAL,UTA,3.09,1.23,-8.33,13.88
5,2026-04-12,HOU,MEM,-10.86,4.34,-4.94,11.88
5,2026-04-12,SAS,DEN,3.1,8.24,4.31,9.06
5,2026-04-12,OKC,PHX,3.07,11.44,2.0,9.02
5,2026-04-12,MIN,NOP,-0.47,2.88,-4.27,9.51
5,2026-04-12,DAL,CHI,-31.55,-5.6,-4.97,3.23
5,2026-04-12,LAC,GSW,-8.45,1.39,-0.01,3.81
5,2026-04-12,PHI,MIL,-2.03,-0.32,-5.64,7.67
5,2026-04-12,CLE,WAS,20.4,4.07,-10.94,15.9
5,2026-04-12,BOS,ORL,2.18,7.16,0.14,10.92
5,2026-04-12,NYK,CHO,10.64,6.22,4.68,2.38
5,2026-04-12,MIA,ATL,-14.03,2.04,2.36,-3.52
5,2026-04-12,IND,DET,-28.72,-7.68,7.49,-15.62
5,2026-04-12,TOR,BRK,21.02,2.36,-9.37,16.48
5,2026-04-12,POR,SAC,4.11,-0.64,-9.75,10.68
5,2026-04-15,PHI,CHO,-2.23,-0.37,4.65,6.87
5,2026-04-15,ORL,MIA,-6.73,0.19,1.96,6.83
5,2026-04-15,PHX,LAC,-6.0,2.04,1.32,5.95
5,2026-04-15,POR,GSW,24.44,-0.69,0.05,5.19
5,2026-04-18,PHI,MIA,5.68,-0.36,2.0,7.51
5,2026-04-18,PHX,POR,-0.17,1.99,-0.55,8.83
5,2026-04-21,DET,PHI,14.48,7.58,-0.33,7.71
5,2026-04-21,CLE,TOR,0.6,4.1,2.41,8.18
5,2026-04-21,BOS,CHO,13.18,7.13,4.64,9.86
5,2026-04-21,NYK,ATL,1.13,6.26,2.45,7.01
5,2026-04-21,OKC,POR,41.82,11.39,-0.53,12.76
5,2026-04-21,DEN,HOU,44.16,4.31,4.21,6.17
5,2026-04-21,SAS,LAC,25.44,8.21,1.36,7.61
5,2026-04-21,LAL,MIN,4.59,1.18,2.82,3.35
5,2026-04-24,DET,PHI,21.41,7.6,-0.37,7.5
5,2026-04-24,CLE,TOR,12.6,4.07,2.41,7.8
5,2026-04-24,BOS,CHO,6.45,7.17,4.57,7.54
5,2026-04-24,NYK,ATL,-13.79,6.23,2.46,6.73
5,2026-04-24,OKC,POR,13.34,11.54,-0.7,13.15
5,2026-04-24,DEN,HOU,3.06,4.54,3.95,8.01
5,2026-04-24,SAS,LAC,26.4,8.3,1.25,7.18
5,2026-04-24,LAL,MIN,16.51,1.19,2.78,3.1
5,2026-04-27,PHI,DET,2.02,-0.44,7.65,2.72
5,2026-04-27,TOR,CLE,22.52,2.34,4.11,1.5
5,2026-04-27,CHO,BOS,12.05,4.55,7.16,4.07
5,2026-04-27,ATL,NYK,3.95,2.56,6.11,5.64
5,2026-04-27,POR,OKC,1.68,-0.71,11.52,-3.26
5,2026-04-27,HOU,DEN,20.7,3.94,4.53,3.57
5,2026-04-27,LAC,SAS,-5.16,1.14,8.39,2.98
5,2026-04-27,MIN,LAL,22.41,2.67,1.27,6.63
5,2026-04-30,PHI,DET,-4.66,-0.41,7.59,0.82
5,2026-04-30,TOR,CLE,2.29,2.45,3.97,-1.02
5,2026-04-30,CHO,BOS,3.69,4.6,7.08,2.09
5,2026-04-30,ATL,NYK,-21.49,2.58,6.07,6.04
5,2026-04-30,POR,OKC,-16.61,-0.65,11.44,-5.35
5,2026-04-30,HOU,DEN,7.79,4.04,4.41,3.2
5,2026-04-30,LAC,SAS,5.31,1.13,8.37,3.21
5,2026-04-30,MIN,LAL,-2.36,2.77,1.15,5.61
5,2026-05-03,DET,PHI,-8.42,7.57,-0.42,8.96
5,2026-05-03,CLE,TOR,12.25,3.95,2.45,7.35
5,2026-05-03,BOS,CHO,3.27,7.05,4.61,9.58
5,2026-05-03,NYK,ATL,-6.36,6.16,2.46,5.41
5,2026-05-03,OKC,POR,28.72,11.46,-0.7,11.55
5,2026-05-03,DEN,HOU,-1.11,4.36,4.06,5.59
5,2026-05-03,SAS,LAC,10.89,8.3,1.17,10.05
5,2026-05-03,LAL,MIN,-3.99,1.17,2.72,3.55
5,2026-05-06,DET,PHI,12.7,7.46,-0.34,10.08
5,2026-05-06,CLE,TOR,12.88,3.98,2.39,6.68
5,2026-05-06,BOS,CHO,7.34,7.03,4.61,9.06
5,2026-05-06,NYK,ATL,-1.24,6.08,2.5,6.04
5,2026-05-06,DEN,HOU,-8.18,4.33,4.07,5.78
5,2026-05-06,LAL,MIN,-7.34,1.13,2.73,4.98
5,2026-05-09,LAL,MIN,0.45,1.09,2.76,3.66
5,2026-05-12,DET,CLE,2.22,7.47,4.03,4.58
5,2026-05-12,BOS,ATL,-8.18,7.04,2.53,5.32
5,2026-05-12,OKC,HOU,3.28,11.56,4.06,11.76
5,2026-05-12,SAS,LAL,-1.61,8.29,1.16,9.59
5,2026-05-15,DET,CLE,-10.99,7.5,4.07,3.26
5,2026-05-15,BOS,ATL,18.51,7.05,2.69,5.3
5,2026-05-15,OKC,HOU,-5.15,11.58,4.11,14.44
5,2026-05-15,SAS,LAL,11.16,8.15,1.13,10.29
5,2026-05-18,CLE,DET,5.02,4.06,7.53,6.31
5,2026-05-18,ATL,BOS,1.67,2.74,7.01,5.59
5,2026-05-18,HOU,OKC,0.57,4.1,11.48,-1.2
5,2026-05-18,LAL,SAS,25.06,1.22,8.14,2.47
5,2026-05-21,CLE,DET,-4.6,4.18,7.42,6.85
5,2026-05-21,ATL,BOS,23.45,2.78,6.9,5.45
5,2026-05-21,HOU,OKC,21.35,4.01,11.56,-0.76
5,2026-05-21,LAL,SAS,10.86,1.36,7.99,2.84
5,2026-05-24,DET,CLE,-1.67,7.45,4.2,2.51
5,2026-05-24,BOS,ATL,22.57,6.97,2.91,6.33
5,2026-05-24,OKC,HOU,28.0,11.29,3.96,10.66
5,2026-05-24,SAS,LAL,6.83,7.97,1.37,8.79
5,2026-05-27,DET,CLE,-0.48,7.47,4.2,2.6
5,2026-05-27,BOS,ATL,-11.31,7.12,2.74,3.08
5,2026-05-27,OKC,HOU,8.99,11.38,3.81,8.87
5,2026-05-27,SAS,LAL,18.78,7.98,1.28,7.73
5,2026-05-30,OKC,HOU,5.41,11.3,3.82,9.43
5,2026-05-30,SAS,LAL,22.17,8.05,1.3,7.06
5,2026-06-02,CLE,ATL,-10.66,4.16,2.8,7.32
5,2026-06-02,OKC,SAS,37.08,11.18,8.14,8.97
5,2026-06-05,CLE,ATL,22.01,4.11,2.75,6.4
5,2026-06-05,OKC,SAS,13.54,11.25,8.12,8.65
5,2026-06-08,ATL,CLE,17.58,2.63,4.23,3.28
5,2026-06-08,SAS,OKC,-7.12,8.09,11.2,0.89
5,2026-06-11,ATL,CLE,-0.35,2.77,4.19,-0.02
5,2026-06-11,SAS,OKC,12.49,8.07,11.27,1.03
5,2026-06-14,CLE,ATL,49.09,4.13,2.67,6.35
5,2026-06-14,OKC,SAS,-13.86,11.04,8.21,10.14
5,2026-06-17,CLE,ATL,13.19,4.47,2.58,7.77
5,2026-06-17,OKC,SAS,-6.27,10.92,8.26,10.3
5,2026-06-20,OKC,SAS,-1.37,10.89,8.32,8.75
5,2026-06-23,SAS,CLE,25.28,8.52,4.54,5.2
5,2026-06-26,SAS,CLE,-1.41,8.75,4.49,1.9
5,2026-06-29,CLE,SAS,-0.8,4.63,8.72,7.37
5,2026-07-02,CLE,SAS,-1.3,4.63,8.65,7.4
5,2026-07-05,SAS,CLE,-3.68,8.6,4.72,4.59
5,2026-07-08,SAS,CLE,-7.51,8.65,4.93,5.59
5,2026-07-11,SAS,CLE,-3.97,8.4,5.16,7.82
6,2026-04-05,DAL,LAL,-20.48,-5.65,1.49,-9.68
6,2026-04-06,DEN,POR,10.65,4.44,-0.53,5.77
6,2026-04-06,ATL,NYK,5.09,2.46,6.2,2.46
6,2026-04-06,ORL,DET,-9.17,0.08,7.49,-9.38
6,2026-04-06,MEM,CLE,-9.22,-4.88,3.94,-14.01
6,2026-04-06,SAS,PHI,-3.85,8.29,-0.39,17.22
6,2026-04-07,GSW,SAC,8.65,0.1,-9.82,9.63
6,2026-04-07,PHX,HOU,-23.37,1.74,4.49,-0.65
6,2026-04-07,LAC,DAL,17.67,1.21,-5.75,11.38
6,2026-04-07,LAL,OKC,-15.67,1.58,11.34,-11.57
6,2026-04-07,NOP,UTA,1.67,-4.31,-8.32,9.14
6,2026-04-07,BOS,CHO,-3.73,7.24,4.55,3.42
6,2026-04-07,TOR,MIA,18.34,2.2,2.35,1.98
6,2026-04-07,IND,MIN,3.78,-7.81,3.05,-15.01
6,2026-04-07,BRK,MIL,-3.21,-9.04,-5.89,-4.81
6,2026-04-07,WAS,CHI,13.28,-11.14,-5.0,-2.96
6,2026-04-08,CLE,ATL,-8.9,3.96,2.51,3.65
6,2026-04-08,ORL,MIN,-3.43,0.07,2.97,1.96
6,2026-04-08,DET,MIL,28.62,7.51,-5.87,14.19
6,2026-04-08,SAS,POR,5.22,8.2,-0.56,12.75
6,2026-04-08,DEN,MEM,16.74,4.46,-4.9,13.35
6,2026-04-08,LAC,OKC,2.38,1.27,11.39,-9.3
6,2026-04-08,PHX,DAL,28.67,1.61,-5.8,10.44
6,2026-04-09,HOU,PHI,34.36,4.63,-0.3,10.58
6,2026-04-09,GSW,LAL,-9.97,0.08,1.53,-1.07
6,2026-04-09,NYK,BOS,7.04,6.16,7.2,-1.46
6,2026-04-09,WAS,CHI,-9.16,-11.02,-5.11,-1.12
6,2026-04-09,BRK,IND,-15.12,-9.05,-7.73,-3.55
6,2026-04-09,TOR,MIA,-0.18,2.31,2.25,4.62
6,2026-04-10,NYK,TOR,16.47,6.19,2.29,5.86
6,2026-04-10,DEN,OKC,-22.62,4.5,11.33,-7.2
6,2026-04-10,CHO,DET,33.03,4.6,7.58,4.89
6,2026-04-10,WAS,MIA,18.96,-11.06,2.26,-5.61
6,2026-04-10,LAL,PHX,-4.65,1.59,1.73,1.84
6,2026-04-10,POR,LAC,6.62,-0.52,1.33,-1.39
6,2026-04-10,MIL,BRK,19.96,-5.96,-9.14,6.05
6,2026-04-10,CHI,ORL,7.42,-5.07,0.05,-5.73
6,2026-04-10,ATL,CLE,12.62,2.57,3.88,1.83
6,2026-04-10,HOU,MIN,-5.15,4.8,2.98,3.79
6,2026-04-10,SAC,GSW,1.45,-9.79,0.02,-5.55
6,2026-04-10,SAS,DAL,25.04,8.18,-5.91,15.48
6,2026-04-10,IND,PHI,-16.16,-7.64,-0.47,-8.51
6,2026-04-10,BOS,NOP,8.05,7.16,-4.33,11.97
6,2026-04-10,UTA,MEM,-10.04,-8.29,-4.93,-2.65
6,2026-04-12,LAL,UTA,39.71,1.56,-8.34,14.47
6,2026-04-12,HOU,MEM,25.8,4.75,-4.88,13.63
6,2026-04-12,SAS,DEN,-0.38,8.23,4.4,6.82
6,2026-04-12,OKC,PHX,9.66,11.43,1.77,12.95
6,2026-04-12,MIN,NOP,7.18,3.04,-4.3,9.8
6,2026-04-12,DAL,CHI,-8.03,-5.97,-5.01,0.56
6,2026-04-12,LAC,GSW,13.84,1.3,-0.03,6.05
6,2026-04-12,PHI,MIL,16.19,-0.41,-5.87,4.82
6,2026-04-12,CLE,WAS,12.49,3.8,-10.88,17.83
6,2026-04-12,BOS,ORL,12.68,7.12,-0.02,11.58
6,2026-04-12,NYK,CHO,13.7,6.25,4.8,0.42
6,2026-04-12,MIA,ATL,13.83,2.08,2.64,-0.06
6,2026-04-12,IND,DET,-15.13,-7.7,7.38,-16.41
6,2026-04-12,TOR,BRK,12.55,2.23,-9.23,16.31
6,2026-04-12,POR,SAC,13.89,-0.48,-9.74,9.45
6,2026-04-15,TOR,CHO,-5.82,2.23,4.74,6.55
6,2026-04-15,MIA,ORL,-6.43,2.16,-0.04,2.18
6,2026-04-15,PHX,LAC,-15.14,1.79,1.36,3.29
6,2026-04-15,POR,GSW,-9.84,-0.47,-0.09,4.63
6,2026-04-18,TOR,ORL,-4.53,2.2,0.01,6.6
6,2026-04-18,PHX,GSW,-18.84,1.69,-0.03,6.9
6,2026-04-21,DET,ORL,11.83,7.39,0.06,8.89
6,2026-04-21,CLE,ATL,-10.53,3.78,2.56,5.46
6,2026-04-21,BOS,CHO,-14.53,7.14,4.76,9.24
6,2026-04-21,NYK,PHI,26.47,6.31,-0.36,9.24
6,2026-04-21,OKC,GSW,9.84,11.41,0.09,11.7
6,2026-04-21,DEN,HOU,33.61,4.42,4.82,4.56
6,2026-04-21,SAS,LAC,-12.34,8.2,1.45,9.5
6,2026-04-21,LAL,MIN,4.14,1.72,3.02,4.2
6,2026-04-24,DET,ORL,-1.77,7.39,0.03,6.53
6,2026-04-24,CLE,ATL,3.84,3.69,2.62,5.41
6,2026-04-24,BOS,CHO,16.31,7.02,4.85,8.11
6,2026-04-24,NYK,PHI,-23.76,6.4,-0.48,8.94
6,2026-04-24,OKC,GSW,21.61,11.38,0.1,12.2
6,2026-04-24,DEN,HOU,32.12,4.59,4.62,4.98
6,2026-04-24,SAS,LAC,-2.67,8.07,1.55,10.54
6,2026-04-24,LAL,MIN,8.05,1.72,2.99,4.24
6,2026-04-27,ORL,DET,1.94,0.08,7.32,2.92
6,2026-04-27,ATL,CLE,11.11,2.6,3.69,4.13
6,2026-04-27,CHO,BOS,-0.43,4.77,7.08,8.45
6,2026-04-27,PHI,NYK,-6.87,-0.31,6.2,1.85
6,2026-04-27,GSW,OKC,-9.4,0.04,11.41,-4.21
6,2026-04-27,HOU,DEN,-7.95,4.44,4.75,5.26
6,2026-04-27,LAC,SAS,7.1,1.59,7.99,4.09
6,2026-04-27,MIN,LAL,25.89,2.94,1.75,5.72
6,2026-04-30,ORL,DET,4.49,0.1,7.27,2.94
6,2026-04-30,ATL,CLE,-15.27,2.65,3.62,2.58
6,2026-04-30,CHO,BOS,16.19,4.75,7.07,6.54
6,2026-04-30,PHI,NYK,11.26,-0.33,6.2,2.25
6,2026-04-30,GSW,OKC,-15.82,0.03,11.4,-5.17
6,2026-04-30,HOU,DEN,-1.49,4.38,4.78,5.0
6,2026-04-30,LAC,SAS,-6.03,1.64,7.92,4.33
6,2026-04-30,MIN,LAL,-2.96,3.06,1.61,6.12
6,2026-05-03,DET,ORL,-0.84,7.2,0.14,6.75
6,2026-05-03,CLE,ATL,-3.0,3.7,2.55,5.69
6,2026-05-03,BOS,CHO,0.53,6.97,4.83,8.07
6,2026-05-03,NYK,PHI,13.31,6.11,-0.26,8.18
6,2026-05-03,SAS,LAC,6.61,7.92,1.61,6.58
6,2026-05-03,LAL,MIN,0.33,1.63,3.01,2.99
6,2026-05-06,CLE,ATL,0.86,3.66,2.57,5.3
6,2026-05-06,BOS,CHO,17.26,6.95,4.83,8.14
6,2026-05-06,NYK,PHI,-12.61,6.12,-0.3,7.5
6,2026-05-06,SAS,LAC,-10.41,7.91,1.61,7.35
6,2026-05-09,CLE,ATL,-5.78,3.64,2.57,6.16
6,2026-05-09,NYK,PHI,18.41,6.01,-0.2,8.67
6,2026-05-12,ATL,ORL,-5.24,2.61,0.17,4.62
6,2026-05-12,BOS,NYK,24.33,7.01,6.07,4.14
6,2026-05-12,OKC,DEN,28.99,11.44,4.77,12.08
6,2026-05-12,LAL,LAC,-3.97,1.69,1.69,3.81
6,2026-05-15,ATL,ORL,-2.4,2.65,0.2,5.33
6,2026-05-15,BOS,NYK,-2.19,7.21,5.85,5.81
6,2026-05-15,OKC,DEN,4.69,11.62,4.7,11.43
6,2026-05-15,LAL,LAC,32.72,1.57,1.75,4.66
6,2026-05-18,ORL,ATL,3.76,0.42,2.73,5.51
6,2026-05-18,NYK,BOS,7.41,5.93,7.09,5.11
6,2026-05-18,DEN,OKC,4.44,4.53,11.59,-0.77
6,2026-05-18,LAC,LAL,2.37,1.57,1.86,5.62
6,2026-05-21,ORL,ATL,21.95,0.36,2.73,5.57
6,2026-05-21,NYK,BOS,45.11,6.07,6.97,4.8
6,2026-05-21,DEN,OKC,-2.43,4.44,11.65,-3.01
6,2026-05-21,LAC,LAL,20.16,1.67,1.83,5.84
6,2026-05-24,BOS,NYK,6.12,6.94,6.42,6.7
6,2026-05-24,OKC,DEN,5.67,11.54,4.46,12.46
6,2026-05-24,LAL,LAC,7.93,1.68,1.78,6.44
6,2026-05-27,BOS,NYK,1.82,7.02,6.31,4.41
6,2026-05-27,LAL,LAC,-9.36,1.63,1.82,3.51
6,2026-05-30,BOS,NYK,-2.32,7.11,6.31,3.54
6,2026-06-02,NYK,ORL,9.32,6.24,0.31,7.64
6,2026-06-02,OKC,LAC,-3.04,11.35,2.03,11.31
6,2026-06-05,NYK,ORL,6.27,6.37,0.18,7.63
6,2026-06-05,OKC,LAC,13.89,11.14,2.22,12.14
6,2026-06-08,ORL,NYK,30.22,0.18,6.39,2.63
6,2026-06-08,LAC,OKC,10.52,2.19,11.06,-3.37
6,2026-06-11,ORL,NYK,19.59,0.16,6.24,3.72
6,2026-06-11,LAC,OKC,-8.22,2.46,11.01,-3.57
6,2026-06-14,NYK,ORL,-4.0,6.21,0.18,7.64
6,2026-06-14,OKC,LAC,2.5,10.86,2.39,10.99
6,2026-06-17,NYK,ORL,19.88,5.98,-0.01,6.78
6,2026-06-17,OKC,LAC,-11.27,10.83,2.5,10.44
6,2026-06-20,NYK,ORL,12.36,6.06,-0.17,6.47
6,2026-06-20,OKC,LAC,26.17,10.75,2.8,9.21
6,2026-06-23,OKC,NYK,5.2,10.86,6.02,8.54
6,2026-06-26,OKC,NYK,4.9,10.84,5.81,9.01
6,2026-06-29,NYK,OKC,16.31,5.83,10.72,0.83
6,2026-07-02,NYK,OKC,0.43,5.87,10.34,-0.28
6,2026-07-05,OKC,NYK,-13.34,10.33,5.82,8.41
6,2026-07-08,OKC,NYK,0.3,10.23,5.86,9.41
6,2026-07-11,OKC,NYK,5.68,10.17,6.04,7.47
7,2026-04-05,DAL,LAL,-18.26,-5.65,1.49,-8.8
7,2026-04-06,DEN,POR,-8.77,4.44,-0.53,6.11
7,2026-04-06,ATL,NYK,17.78,2.46,6.2,0.93
7,2026-04-06,ORL,DET,-9.74,0.08,7.49,-11.43
7,2026-04-06,MEM,CLE,-23.24,-4.88,3.94,-14.05
7,2026-04-06,SAS,PHI,2.31,8.29,-0.39,14.47
7,2026-04-07,GSW,SAC,25.88,0.1,-9.82,12.73
7,2026-04-07,PHX,HOU,-16.04,1.74,4.49,0.65
7,2026-04-07,LAC,DAL,4.36,1.21,-5.74,11.27
7,2026-04-07,LAL,OKC,-0.6,1.56,11.34,-10.15
7,2026-04-07,NOP,UTA,15.9,-4.31,-8.32,6.33
7,2026-04-07,BOS,CHO,11.38,7.24,4.55,3.43
7,2026-04-07,TOR,MIA,2.05,2.2,2.35,0.72
7,2026-04-07,IND,MIN,-10.77,-7.81,3.05,-14.35
7,2026-04-07,BRK,MIL,-3.27,-9.04,-5.89,-3.33
7,2026-04-07,WAS,CHI,-5.83,-11.14,-5.0,-3.34
7,2026-04-08,CLE,ATL,-28.02,4.04,2.58,4.25
7,2026-04-08,ORL,MIN,20.79,0.06,3.06,0.87
7,2026-04-08,DET,MIL,26.65,7.52,-5.87,13.21
7,2026-04-08,SAS,POR,9.85,8.24,-0.44,13.34
7,2026-04-08,DEN,MEM,15.03,4.35,-4.98,11.64
7,2026-04-08,LAC,OKC,4.84,1.19,11.3,-7.37
7,2026-04-08,PHX,DAL,-15.62,1.66,-5.71,8.55
7,2026-04-09,HOU,PHI,22.59,4.58,-0.34,7.4
7,2026-04-09,GSW,LAL,-15.44,0.18,1.6,-1.89
7,2026-04-09,NYK,BOS,14.08,6.08,7.29,0.8
7,2026-04-09,WAS,CHI,-7.41,-11.14,-4.99,-3.3
7,2026-04-09,BRK,IND,-0.71,-9.04,-7.82,-1.45
7,2026-04-09,TOR,MIA,-9.67,2.21,2.35,1.22
7,2026-04-10,NYK,TOR,3.33,6.16,2.14,8.77
7,2026-04-10,DEN,OKC,-14.78,4.37,11.22,-7.24
7,2026-04-10,CHO,DET,0.3,4.51,7.58,-1.0
7,2026-04-10,WAS,MIA,-1.31,-11.16,2.42,-5.63
7,2026-04-10,LAL,PHX,1.2,1.7,1.51,3.27
7,2026-04-10,POR,LAC,10.19,-0.44,1.26,-0.27
7,2026-04-10,MIL,BRK,5.36,-5.95,-9.05,3.67
7,2026-04-10,CHI,ORL,-26.51,-4.97,0.2,-5.26
7,2026-04-10,ATL,CLE,-33.37,2.77,3.85,0.84
7,2026-04-10,HOU,MIN,-8.84,4.68,2.92,2.76
7,2026-04-10,SAC,GSW,-33.78,-9.91,0.09,-7.66
7,2026-04-10,SAS,DAL,27.27,8.23,-5.56,13.76
7,2026-04-10,IND,PHI,21.66,-7.81,-0.44,-9.66
7,2026-04-10,BOS,NOP,3.28,7.21,-4.24,10.94
7,2026-04-10,UTA,MEM,4.29,-8.38,-5.01,-2.18
7,2026-04-12,LAL,UTA,17.82,1.7,-8.34,12.47
7,2026-04-12,HOU,MEM,21.93,4.61,-5.04,11.57
7,2026-04-12,SAS,DEN,27.54,8.3,4.31,8.13
7,2026-04-12,OKC,PHX,-17.16,11.28,1.52,11.2
7,2026-04-12,MIN,NOP,-7.33,3.0,-4.19,10.52
7,2026-04-12,DAL,CHI,-33.74,-5.63,-5.1,4.35
7,2026-04-12,LAC,GSW,12.55,1.2,0.24,5.86
7,2026-04-12,PHI,MIL,2.94,-0.6,-5.94,5.22
7,2026-04-12,CLE,WAS,35.34,4.05,-11.1,18.09
7,2026-04-12,BOS,ORL,-0.37,7.14,0.33,8.0
7,2026-04-12,NYK,CHO,8.16,6.15,4.52,4.64
7,2026-04-12,MIA,ATL,6.06,2.36,2.56,0.79
7,2026-04-12,IND,DET,-20.51,-7.65,7.57,-16.72
7,2026-04-12,TOR,BRK,11.67,2.15,-9.06,11.39
7,2026-04-12,POR,SAC,35.35,-0.38,-10.06,13.28
7,2026-04-15,ORL,MIA,-2.16,0.39,2.39,6.61
7,2026-04-15,PHI,CHO,25.53,-0.62,4.5,5.89
7,2026-04-15,PHX,POR,4.07,1.68,-0.25,3.01
7,2026-04-15,LAC,GSW,-6.98,1.26,0.18,5.97
7,2026-04-18,ORL,PHI,-7.68,0.37,-0.45,7.0
7,2026-04-18,POR,GSW,8.98,-0.26,0.23,4.47
7,2026-04-21,DET,PHI,25.62,7.62,-0.39,8.65
7,2026-04-21,CLE,ATL,11.19,4.16,2.54,6.21
7,2026-04-21,BOS,MIA,22.05,7.1,2.4,7.87
7,2026-04-21,NYK,TOR,-7.32,6.18,2.15,7.8
7,2026-04-21,OKC,POR,0.6,11.11,-0.22,11.76
7,2026-04-21,HOU,DEN,10.93,4.66,4.17,5.84
7,2026-04-21,SAS,PHX,-0.96,8.42,1.68,10.63
7,2026-04-21,LAL,MIN,4.93,1.73,2.89,4.64
7,2026-04-24,DET,PHI,-13.34,7.69,-0.49,10.33
7,2026-04-24,CLE,ATL,-14.45,4.19,2.48,6.05
7,2026-04-24,BOS,MIA,-10.84,7.18,2.3,6.11
7,2026-04-24,NYK,TOR,17.53,6.09,2.21,8.4
7,2026-04-24,OKC,POR,-5.16,11.03,-0.16,11.07
7,2026-04-24,HOU,DEN,-4.49,4.7,4.11,4.59
7,2026-04-24,SAS,PHX,17.02,8.35,1.72,12.93
7,2026-04-24,LAL,MIN,4.73,1.74,2.85,4.92
7,2026-04-27,PHI,DET,12.1,-0.38,7.55,0.77
7,2026-04-27,ATL,CLE,22.2,2.57,4.08,-0.84
7,2026-04-27,MIA,BOS,-0.96,2.38,7.07,3.53
7,2026-04-27,TOR,NYK,7.16,2.13,6.15,2.62
7,2026-04-27,POR,OKC,-12.89,-0.08,10.92,-5.83
7,2026-04-27,DEN,HOU,22.73,4.14,4.65,3.53
7,2026-04-27,PHX,SAS,-2.67,1.66,8.38,1.36
7,2026-04-27,MIN,LAL,-10.79,2.82,1.74,4.95
7,2026-04-30,PHI,DET,8.88,-0.29,7.44,1.68
7,2026-04-30,ATL,CLE,5.8,2.67,3.95,0.54
7,2026-04-30,MIA,BOS,-10.92,2.38,7.05,4.19
7,2026-04-30,TOR,NYK,-28.87,2.17,6.09,2.85
7,2026-04-30,POR,OKC,-4.06,-0.12,10.93,-1.06
7,2026-04-30,DEN,HOU,9.42,4.25,4.51,4.25
7,2026-04-30,PHX,SAS,-13.47,1.66,8.36,-0.28
7,2026-04-30,MIN,LAL,4.8,2.74,1.8,4.98
7,2026-05-03,DET,PHI,38.9,7.34,-0.23,7.22
7,2026-05-03,CLE,ATL,-25.27,3.91,2.69,5.37
7,2026-05-03,BOS,MIA,6.07,7.08,2.32,5.49
7,2026-05-03,NYK,TOR,-0.55,6.21,2.02,7.77
7,2026-05-03,OKC,POR,-34.34,10.9,-0.11,9.76
7,2026-05-03,HOU,DEN,16.46,4.45,4.28,5.99
7,2026-05-03,SAS,PHX,12.82,8.39,1.6,9.98
7,2026-05-03,LAL,MIN,-14.92,1.77,2.74,5.29
7,2026-05-06,DET,PHI,-20.53,7.49,-0.39,7.14
7,2026-05-06,NYK,TOR,40.2,6.16,2.04,7.51
7,2026-05-06,OKC,POR,18.79,10.64,0.11,9.68
7,2026-05-06,HOU,DEN,9.16,4.52,4.19,4.08
7,2026-05-06,LAL,MIN,-10.7,1.67,2.81,6.87
7,2026-05-09,NYK,TOR,7.12,6.33,1.86,7.8
7,2026-05-09,HOU,DEN,-8.25,4.55,4.15,5.23
7,2026-05-09,LAL,MIN,-15.25,1.6,2.86,5.13
7,2026-05-12,ATL,PHI,-11.44,2.81,-0.25,7.31
7,2026-05-12,BOS,NYK,26.68,7.06,6.33,3.92
7,2026-05-12,OKC,DEN,16.06,10.71,4.2,8.76
7,2026-05-12,SAS,MIN,-3.5,8.38,2.95,6.81
7,2026-05-15,ATL,PHI,10.08,2.82,-0.24,6.04
7,2026-05-15,BOS,NYK,-7.83,7.27,6.1,1.76
7,2026-05-15,OKC,DEN,31.0,10.8,4.19,8.79
7,2026-05-15,SAS,MIN,-3.25,8.26,3.07,8.26
7,2026-05-18,PHI,ATL,-19.47,-0.34,2.97,7.67
7,2026-05-18,NYK,BOS,13.84,6.23,7.11,5.03
7,2026-05-18,DEN,OKC,16.53,3.87,10.89,0.05
7,2026-05-18,MIN,SAS,38.81,3.25,8.2,4.9
7,2026-05-21,PHI,ATL,1.61,-0.42,3.09,6.02
7,2026-05-21,NYK,BOS,-6.04,6.41,6.92,6.36
7,2026-05-21,DEN,OKC,1.5,3.83,10.87,-3.52
7,2026-05-21,MIN,SAS,-1.93,3.49,7.98,5.21
7,2026-05-24,ATL,PHI,-10.15,3.05,-0.52,6.74
7,2026-05-24,BOS,NYK,-13.47,7.18,6.49,1.51
7,2026-05-24,OKC,DEN,2.79,10.73,3.85,9.16
7,2026-05-24,SAS,MIN,0.14,8.03,3.37,6.99
7,2026-05-27,ATL,PHI,-23.13,2.89,-0.39,6.69
7,2026-05-27,BOS,NYK,4.6,7.14,6.46,3.46
7,2026-05-27,OKC,DEN,4.9,10.67,3.87,9.79
7,2026-05-27,SAS,MIN,6.99,8.03,3.45,5.74
7,2026-05-30,BOS,NYK,13.39,7.24,6.45,1.46
7,2026-05-30,SAS,MIN,-14.2,8.01,3.29,6.02
7,2026-06-02,BOS,PHI,23.83,7.35,-0.37,7.88
7,2026-06-02,OKC,MIN,-7.71,10.46,3.32,9.22
7,2026-06-05,BOS,PHI,3.54,7.32,-0.47,7.67
7,2026-06-05,OKC,MIN,15.19,10.25,3.43,7.77
7,2026-06-08,PHI,BOS,-0.89,-0.45,7.3,4.1
7,2026-06-08,MIN,OKC,-7.55,3.37,10.18,1.01
7,2026-06-11,PHI,BOS,2.2,-0.4,7.27,3.58
7,2026-06-11,MIN,OKC,-4.82,3.38,10.25,-1.53
7,2026-06-14,BOS,PHI,2.89,7.36,-0.31,7.86
7,2026-06-14,OKC,MIN,-14.57,10.07,3.38,8.93
7,2026-06-17,OKC,MIN,18.09,9.94,3.59,8.53
7,2026-06-20,OKC,BOS,1.75,10.01,7.33,7.35
7,2026-06-23,OKC,BOS,8.8,9.97,7.3,7.49
7,2026-06-26,BOS,OKC,7.41,7.0,9.95,-0.41
7,2026-06-29,BOS,OKC,-36.49,7.04,9.82,-1.87
7,2026-07-02,OKC,BOS,11.56,9.8,6.98,7.99
8,2026-04-05,DAL,LAL,-13.16,-5.65,1.49,-10.12
8,2026-04-06,DEN,POR,14.06,4.44,-0.53,9.19
8,2026-04-06,ATL,NYK,15.15,2.46,6.2,2.96
8,2026-04-06,ORL,DET,-7.55,0.08,7.49,-11.47
8,2026-04-06,MEM,CLE,-10.95,-4.88,3.94,-11.85
8,2026-04-06,SAS,PHI,16.46,8.29,-0.39,16.09
8,2026-04-07,GSW,SAC,12.62,0.1,-9.82,11.28
8,2026-04-07,PHX,HOU,15.54,1.75,4.5,2.44
8,2026-04-07,LAC,DAL,32.56,1.21,-5.7,12.01
8,2026-04-07,LAL,OKC,-2.45,1.54,11.35,-9.25
8,2026-04-07,NOP,UTA,2.93,-4.31,-8.31,5.47
8,2026-04-07,BOS,CHO,6.31,7.24,4.55,5.15
8,2026-04-07,TOR,MIA,9.68,2.2,2.35,3.91
8,2026-04-07,IND,MIN,-20.98,-7.81,3.05,-14.61
8,2026-04-07,BRK,MIL,-36.55,-9.04,-5.89,-1.85
8,2026-04-07,WAS,CHI,-14.68,-11.14,-5.0,-2.21
8,2026-04-08,CLE,ATL,-1.46,3.96,2.56,2.68
8,2026-04-08,ORL,MIN,10.4,0.07,3.13,-0.24
8,2026-04-08,DET,MIL,4.27,7.5,-5.68,17.83
8,2026-04-08,SAS,POR,17.44,8.33,-0.58,14.81
8,2026-04-08,DEN,MEM,25.54,4.49,-4.9,11.36
8,2026-04-08,LAC,OKC,10.8,1.36,11.32,-5.52
8,2026-04-08,PHX,DAL,17.46,1.86,-5.85,13.86
8,2026-04-09,HOU,PHI,-6.9,4.4,-0.43,6.09
8,2026-04-09,GSW,LAL,-33.03,0.11,1.57,-0.64
8,2026-04-09,NYK,BOS,4.44,6.09,7.25,-3.15
8,2026-04-09,WAS,CHI,-26.13,-11.2,-4.94,-3.35
8,2026-04-09,BRK,IND,4.83,-9.26,-7.88,-5.45
8,2026-04-09,TOR,MIA,-4.48,2.25,2.3,4.55
8,2026-04-10,NYK,TOR,13.96,6.12,2.22,6.87
8,2026-04-10,DEN,OKC,14.53,4.56,11.2,-5.87
8,2026-04-10,CHO,DET,-1.29,4.54,7.44,4.98
8,2026-04-10,WAS,MIA,2.82,-11.33,2.34,-3.88
8,2026-04-10,LAL,PHX,17.48,1.77,1.9,-0.14
8,2026-04-10,POR,LAC,0.56,-0.63,1.47,-6.04
8,2026-04-10,MIL,BRK,5.22,-5.62,-9.22,6.59
8,2026-04-10,CHI,ORL,-14.37,-4.8,0.14,-3.4
8,2026-04-10,ATL,CLE,16.0,2.58,3.94,3.4
8,2026-04-10,HOU,MIN,4.17,4.32,3.05,-1.3
8,2026-04-10,SAC,GSW,9.02,-9.82,-0.09,-7.19
8,2026-04-10,SAS,DAL,13.81,8.36,-5.9,15.62
8,2026-04-10,IND,PHI,-4.09,-7.9,-0.35,-8.13
8,2026-04-10,BOS,NOP,17.49,7.23,-4.32,15.86
8,2026-04-10,UTA,MEM,-8.62,-8.3,-4.99,-2.95
8,2026-04-12,LAL,UTA,32.22,1.86,-8.35,15.54
8,2026-04-12,HOU,MEM,-10.26,4.33,-4.95,8.78
8,2026-04-12,SAS,DEN,2.44,8.34,4.67,7.14
8,2026-04-12,OKC,PHX,-1.98,11.08,1.8,9.1
8,2026-04-12,MIN,NOP,19.26,3.04,-4.34,13.65
8,2026-04-12,DAL,CHI,10.36,-5.88,-4.87,-0.92
8,2026-04-12,LAC,GSW,7.1,1.46,-0.19,8.94
8,2026-04-12,PHI,MIL,22.06,-0.36,-5.62,6.31
8,2026-04-12,CLE,WAS,62.14,3.85,-11.24,18.41
8,2026-04-12,BOS,ORL,11.1,7.26,0.2,14.42
8,2026-04-12,NYK,CHO,2.33,6.17,4.54,1.51
8,2026-04-12,MIA,ATL,-1.1,2.26,2.68,-2.58
8,2026-04-12,IND,DET,-24.27,-7.89,7.44,-16.87
8,2026-04-12,TOR,BRK,3.85,2.17,-9.22,14.76
8,2026-04-12,POR,SAC,32.51,-0.62,-9.72,8.4
8,2026-04-15,TOR,ORL,8.12,2.11,0.19,4.78
8,2026-04-15,CHO,MIA,14.01,4.54,2.24,6.56
8,2026-04-15,PHX,LAC,30.66,1.88,1.49,2.29
8,2026-04-15,POR,GSW,2.62,-0.5,-0.21,2.92
8,2026-04-18,ORL,CHO,1.67,0.16,4.59,5.66
8,2026-04-18,LAC,POR,-1.05,1.32,-0.5,7.75
8,2026-04-21,DET,ORL,-20.06,7.49,0.18,7.02
8,2026-04-21,CLE,ATL,-6.15,4.1,2.69,5.83
8,2026-04-21,BOS,TOR,-0.06,7.27,2.14,7.73
8,2026-04-21,NYK,PHI,37.41,6.16,-0.28,9.92
8,2026-04-21,SAS,POR,4.97,8.33,-0.47,12.95
8,2026-04-21,DEN,HOU,-5.26,4.69,4.2,6.91
8,2026-04-21,OKC,PHX,30.76,11.01,2.03,11.56
8,2026-04-21,LAL,MIN,3.65,1.97,3.1,4.93
8,2026-04-24,DET,ORL,10.96,7.31,0.33,9.99
8,2026-04-24,CLE,ATL,-14.63,4.04,2.72,5.61
8,2026-04-24,BOS,TOR,-2.77,7.21,2.17,8.02
8,2026-04-24,NYK,PHI,18.44,6.31,-0.46,8.81
8,2026-04-24,SAS,POR,4.16,8.29,-0.45,11.13
8,2026-04-24,DEN,HOU,11.31,4.63,4.24,6.45
8,2026-04-24,OKC,PHX,-6.4,11.12,1.91,11.91
8,2026-04-24,LAL,MIN,8.01,1.97,3.07,6.02
8,2026-04-27,ORL,DET,-1.04,0.3,7.31,3.57
8,2026-04-27,ATL,CLE,3.91,2.81,3.92,-1.11
8,2026-04-27,TOR,BOS,-7.84,2.21,7.15,4.13
8,2026-04-27,PHI,NYK,-9.54,-0.52,6.35,2.6
8,2026-04-27,POR,SAS,-4.61,-0.43,8.24,-0.29
8,2026-04-27,HOU,DEN,0.59,4.17,4.66,4.98
8,2026-04-27,PHX,OKC,-16.57,1.99,11.01,-6.21
8,2026-04-27,MIN,LAL,-3.98,3.02,2.0,5.26
8,2026-04-30,ORL,DET,-14.38,0.31,7.28,3.46
8,2026-04-30,ATL,CLE,1.32,2.81,3.9,4.58
8,2026-04-30,TOR,BOS,11.94,2.17,7.16,5.07
8,2026-04-30,PHI,NYK,-19.82,-0.56,6.36,2.36
8,2026-04-30,POR,SAS,16.01,-0.43,8.22,0.86
8,2026-04-30,HOU,DEN,-6.51,4.16,4.65,4.7
8,2026-04-30,PHX,OKC,-16.0,1.92,11.05,-2.16
8,2026-04-30,MIN,LAL,-2.02,2.97,2.02,4.89
8,2026-05-03,DET,ORL,11.08,7.32,0.25,6.14
8,2026-05-03,BOS,TOR,8.66,7.07,2.24,8.12
8,2026-05-03,SAS,POR,8.15,8.08,-0.32,11.18
8,2026-05-03,DEN,HOU,-26.74,4.68,4.11,4.63
8,2026-05-03,OKC,PHX,8.22,11.08,1.86,11.87
8,2026-05-06,BOS,TOR,23.7,7.07,2.22,5.71
8,2026-05-06,DEN,HOU,8.05,4.51,4.25,7.39
8,2026-05-09,BOS,TOR,7.35,7.16,2.13,6.22
8,2026-05-09,DEN,HOU,10.19,4.54,4.22,4.57
8,2026-05-12,DET,ATL,-5.51,7.32,2.79,5.24
8,2026-05-12,BOS,NYK,7.52,7.16,6.41,3.78
8,2026-05-12,SAS,DEN,22.62,8.06,4.57,6.31
8,2026-05-12,OKC,LAL,34.65,11.1,2.1,10.49
8,2026-05-15,DET,ATL,12.4,7.3,2.94,5.79
8,2026-05-15,BOS,NYK,-30.99,7.27,6.28,2.71
8,2026-05-15,SAS,DEN,-5.97,8.07,4.53,6.62
8,2026-05-15,OKC,LAL,7.66,11.31,1.87,10.15
8,2026-05-18,ATL,DET,-4.79,3.03,7.48,6.2
8,2026-05-18,NYK,BOS,7.45,6.52,7.0,7.06
8,2026-05-18,DEN,SAS,-0.71,4.39,7.98,4.69
8,2026-05-18,LAL,OKC,-29.74,2.01,11.28,-2.32
8,2026-05-21,ATL,DET,-5.88,3.03,7.41,4.29
8,2026-05-21,NYK,BOS,-6.4,6.66,6.87,9.58
8,2026-05-21,DEN,SAS,6.8,4.24,7.98,5.98
8,2026-05-21,LAL,OKC,-10.09,1.87,11.53,-0.93
8,2026-05-24,DET,ATL,14.05,7.44,2.99,6.04
8,2026-05-24,BOS,NYK,3.44,7.13,6.74,1.66
8,2026-05-24,SAS,DEN,-5.25,7.99,4.28,6.43
8,2026-05-27,BOS,NYK,31.08,7.18,6.65,2.54
8,2026-05-27,SAS,DEN,1.21,7.95,4.35,6.47
8,2026-05-30,SAS,DEN,-6.14,7.93,4.25,5.5
8,2026-06-02,DET,BOS,9.05,7.65,7.5,6.23
8,2026-06-02,OKC,DEN,29.46,11.26,4.28,13.11
8,2026-06-05,DET,BOS,-0.94,7.71,7.33,4.99
8,2026-06-05,OKC,DEN,36.09,11.25,4.09,10.33
8,2026-06-08,BOS,DET,2.42,7.35,7.7,5.22
8,2026-06-08,DEN,OKC,1.75,3.95,11.31,-0.34
8,2026-06-11,BOS,DET,23.95,7.35,7.65,4.01
8,2026-06-11,DEN,OKC,6.62,3.97,11.3,-2.45
8,2026-06-14,DET,BOS,-0.29,7.49,7.63,5.85
8,2026-06-14,OKC,DEN,-4.56,11.05,4.12,12.52
8,2026-06-17,OKC,DEN,47.24,10.98,4.15,13.14
8,2026-06-20,OKC,DEN,8.38,11.23,3.83,12.24
8,2026-06-23,OKC,BOS,2.41,11.22,7.64,9.75
8,2026-06-26,OKC,BOS,13.52,11.2,7.43,9.68
8,2026-06-29,BOS,OKC,8.06,7.35,11.16,1.33
8,2026-07-02,BOS,OKC,-23.27,7.59,10.86,-1.55
8,2026-07-05,OKC,BOS,10.15,11.02,7.44,9.88
9,2026-04-05,DAL,LAL,-29.78,-5.65,1.49,-10.37
9,2026-04-06,DEN,POR,15.08,4.44,-0.53,7.43
9,2026-04-06,ATL,NYK,-22.21,2.46,6.2,2.91
9,2026-04-06,ORL,DET,-0.91,0.08,7.49,-11.76
9,2026-04-06,MEM,CLE,-4.18,-4.88,3.94,-11.31
9,2026-04-06,SAS,PHI,34.36,8.29,-0.39,17.89
9,2026-04-07,GSW,SAC,16.57,0.11,-9.81,10.35
9,2026-04-07,PHX,HOU,5.86,1.75,4.5,0.25
9,2026-04-07,LAC,DAL,26.05,1.22,-5.8,9.53
9,2026-04-07,LAL,OKC,-26.72,1.64,11.35,-12.79
9,2026-04-07,NOP,UTA,6.91,-4.3,-8.31,8.61
9,2026-04-07,BOS,CHO,2.01,7.23,4.54,4.45
9,2026-04-07,TOR,MIA,-15.34,2.19,2.35,3.74
9,2026-04-07,IND,MIN,-26.1,-7.81,3.05,-12.36
9,2026-04-07,BRK,MIL,-5.08,-9.05,-5.9,-7.36
9,2026-04-07,WAS,CHI,-10.42,-11.15,-5.0,-1.18
9,2026-04-08,CLE,ATL,-4.2,3.92,2.33,2.72
9,2026-04-08,ORL,MIN,2.53,0.11,3.16,1.02
9,2026-04-08,DET,MIL,25.18,7.45,-5.87,14.88
9,2026-04-08,SAS,POR,-11.71,8.45,-0.58,12.23
9,2026-04-08,DEN,MEM,31.29,4.5,-4.86,11.55
9,2026-04-08,LAC,OKC,-14.71,1.33,11.48,-9.77
9,2026-04-08,PHX,DAL,7.03,1.81,-5.9,11.48
9,2026-04-09,HOU,PHI,31.28,4.46,-0.55,8.38
9,2026-04-09,GSW,LAL,2.39,0.14,1.53,-2.43
9,2026-04-09,NYK,BOS,-15.55,6.31,7.21,-0.79
9,2026-04-09,WAS,CHI,6.93,-11.19,-4.96,-2.22
9,2026-04-09,BRK,IND,-1.69,-9.07,-7.92,-7.69
9,2026-04-09,TOR,MIA,1.89,2.09,2.45,3.76
9,2026-04-10,NYK,TOR,15.78,6.21,2.09,8.66
9,2026-04-10,DEN,OKC,-3.35,4.62,11.51,-5.39
9,2026-04-10,CHO,DET,2.59,4.55,7.5,4.66
9,2026-04-10,WAS,MIA,-4.59,-11.12,2.45,0.44
9,2026-04-10,LAL,PHX,12.26,1.52,1.79,1.89
9,2026-04-10,POR,LAC,14.81,-0.44,1.29,1.33
9,2026-04-10,MIL,BRK,16.08,-5.94,-9.09,8.17
9,2026-04-10,CHI,ORL,-2.12,-5.04,0.13,-3.77
9,2026-04-10,ATL,CLE,11.13,2.37,3.86,1.82
9,2026-04-10,HOU,MIN,0.45,4.61,3.14,0.72
9,2026-04-10,SAC,GSW,-6.85,-9.84,0.16,-4.64
9,2026-04-10,SAS,DAL,8.13,8.31,-5.88,18.04
9,2026-04-10,IND,PHI,-7.69,-7.91,-0.69,-6.67
9,2026-04-10,BOS,NOP,20.89,7.31,-4.29,12.24
9,2026-04-10,UTA,MEM,-2.24,-8.31,-4.98,-2.71
9,2026-04-12,LAL,UTA,35.94,1.58,-8.31,14.35
9,2026-04-12,HOU,MEM,15.1,4.6,-4.98,10.04
9,2026-04-12,SAS,DEN,17.21,8.26,4.63,7.24
9,2026-04-12,OKC,PHX,13.57,11.5,1.72,13.06
9,2026-04-12,MIN,NOP,17.12,3.16,-4.34,9.6
9,2026-04-12,DAL,CHI,-8.61,-5.84,-5.03,0.85
9,2026-04-12,LAC,GSW,8.11,1.2,0.15,4.79
9,2026-04-12,PHI,MIL,-7.27,-0.68,-5.87,3.51
9,2026-04-12,CLE,WAS,2.68,3.8,-11.07,16.24
9,2026-04-12,BOS,ORL,-1.89,7.36,0.12,15.93
9,2026-04-12,NYK,CHO,23.35,6.27,4.57,2.44
9,2026-04-12,MIA,ATL,8.26,2.4,2.43,-3.98
9,2026-04-12,IND,DET,-24.91,-7.92,7.48,-16.89
9,2026-04-12,TOR,BRK,22.98,2.04,-9.15,15.19
9,2026-04-12,POR,SAC,27.27,-0.35,-9.83,11.6
9,2026-04-15,ORL,MIA,16.52,0.18,2.44,5.56
9,2026-04-15,PHI,CHO,6.91,-0.76,4.46,5.63
9,2026-04-15,PHX,POR,8.23,1.71,-0.26,4.42
9,2026-04-15,LAC,GSW,5.75,1.23,0.12,5.96
9,2026-04-18,MIA,PHI,33.98,2.35,-0.7,6.38
9,2026-04-18,POR,LAC,-16.47,-0.29,1.24,4.88
9,2026-04-21,DET,MIA,-10.53,7.55,2.51,9.23
9,2026-04-21,CLE,ATL,28.52,3.72,2.39,5.98
9,2026-04-21,BOS,ORL,-0.86,7.29,0.28,13.79
9,2026-04-21,NYK,TOR,18.49,6.38,2.09,7.92
9,2026-04-21,OKC,LAC,21.96,11.5,1.34,11.95
9,2026-04-21,DEN,HOU,8.35,4.55,4.61,6.68
9,2026-04-21,SAS,PHX,1.47,8.33,1.74,9.95
9,2026-04-21,LAL,MIN,2.57,1.72,3.19,4.16
9,2026-04-24,DET,MIA,-2.79,7.43,2.59,9.7
9,2026-04-24,CLE,ATL,-5.79,3.85,2.23,6.1
9,2026-04-24,BOS,ORL,6.78,7.22,0.32,7.63
9,2026-04-24,NYK,TOR,-3.12,6.44,2.01,8.33
9,2026-04-24,OKC,LAC,7.67,11.55,1.27,11.6
9,2026-04-24,DEN,HOU,-11.6,4.58,4.56,5.72
9,2026-04-24,SAS,PHX,-2.51,8.28,1.76,11.38
9,2026-04-24,LAL,MIN,16.17,1.72,3.17,4.22
9,2026-04-27,MIA,DET,-7.99,2.63,7.37,2.61
9,2026-04-27,ATL,CLE,0.63,2.27,3.79,2.97
9,2026-04-27,ORL,BOS,14.33,0.32,7.2,4.75
9,2026-04-27,TOR,NYK,-2.39,2.05,6.37,-0.1
9,2026-04-27,LAC,OKC,-1.74,1.28,11.51,-4.68
9,2026-04-27,HOU,DEN,3.88,4.62,4.49,5.11
9,2026-04-27,PHX,SAS,9.9,1.81,8.21,-1.13
9,2026-04-27,MIN,LAL,-10.46,3.06,1.79,6.14
9,2026-04-30,MIA,DET,18.54,2.59,7.38,2.51
9,2026-04-30,ATL,CLE,-7.53,2.26,3.77,2.28
9,2026-04-30,ORL,BOS,-6.9,0.41,7.08,4.96
9,2026-04-30,TOR,NYK,-25.75,2.04,6.35,2.02
9,2026-04-30,LAC,OKC,-5.78,1.31,11.46,-4.01
9,2026-04-30,HOU,DEN,7.88,4.62,4.46,5.93
9,2026-04-30,PHX,SAS,9.89,1.88,8.12,-0.24
9,2026-04-30,MIN,LAL,14.12,2.98,1.85,5.02
9,2026-05-03,DET,MIA,5.44,7.25,2.69,8.12
9,2026-05-03,CLE,ATL,7.16,3.8,2.2,5.87
9,2026-05-03,BOS,ORL,2.15,7.08,0.38,4.46
9,2026-05-03,NYK,TOR,19.99,6.46,1.9,7.74
9,2026-05-03,DEN,HOU,-0.3,4.42,4.64,4.28
9,2026-05-03,SAS,PHX,14.58,8.03,1.93,10.25
9,2026-05-03,LAL,MIN,-12.67,1.78,3.03,5.18
9,2026-05-06,DET,MIA,-12.12,7.24,2.68,6.66
9,2026-05-06,CLE,ATL,6.72,3.81,2.17,7.08
9,2026-05-06,BOS,ORL,12.9,7.04,0.4,4.18
9,2026-05-06,SAS,PHX,33.0,8.06,1.89,8.3
9,2026-05-06,LAL,MIN,-3.67,1.7,3.09,5.52
9,2026-05-09,SAS,PHX,6.29,8.18,1.75,9.11
9,2026-05-09,LAL,MIN,8.29,1.66,3.1,3.47
9,2026-05-12,CLE,MIA,4.35,3.81,2.76,6.64
9,2026-05-12,BOS,NYK,29.81,7.06,6.51,3.7
9,2026-05-12,OKC,HOU,-17.81,11.45,4.58,9.19
9,2026-05-12,SAS,LAL,15.96,8.17,1.78,8.64
9,2026-05-15,CLE,MIA,-4.05,3.85,2.62,5.41
9,2026-05-15,BOS,NYK,-11.93,7.3,6.26,2.38
9,2026-05-15,OKC,HOU,20.71,11.37,4.75,11.29
9,2026-05-15,SAS,LAL,21.47,8.15,1.64,8.13
9,2026-05-18,MIA,CLE,-15.46,2.61,3.71,2.58
9,2026-05-18,NYK,BOS,14.27,6.41,7.13,6.14
9,2026-05-18,HOU,OKC,-7.25,4.59,11.42,-0.07
9,2026-05-18,LAL,SAS,-2.61,1.69,8.22,2.83
9,2026-05-21,MIA,CLE,20.87,2.35,3.86,6.5
9,2026-05-21,NYK,BOS,19.74,6.59,6.96,6.63
9,2026-05-21,HOU,OKC,10.97,4.47,11.56,-1.3
9,2026-05-21,LAL,SAS,37.77,1.67,8.21,2.61
9,2026-05-24,CLE,MIA,-7.48,3.8,2.5,7.19
9,2026-05-24,BOS,NYK,37.64,7.07,6.81,4.98
9,2026-05-24,OKC,HOU,32.81,11.36,4.36,9.85
9,2026-05-24,SAS,LAL,29.65,8.04,1.83,10.67
9,2026-05-27,CLE,MIA,-19.51,3.71,2.57,6.35
9,2026-05-27,BOS,NYK,19.48,7.32,6.52,2.6
9,2026-05-27,OKC,HOU,23.44,11.49,4.19,9.66
9,2026-05-30,BOS,NYK,-4.9,7.5,6.43,4.81
9,2026-06-02,NYK,MIA,-1.49,6.39,2.58,7.55
9,2026-06-02,OKC,SAS,22.1,11.42,8.18,9.13
9,2026-06-05,NYK,MIA,-8.95,6.46,2.71,7.21
9,2026-06-05,OKC,SAS,32.04,11.39,8.23,7.01
9,2026-06-08,MIA,NYK,-16.78,2.77,6.38,5.69
9,2026-06-08,SAS,OKC,2.1,8.11,11.46,4.57
9,2026-06-11,MIA,NYK,2.92,2.61,6.5,6.75
9,2026-06-11,SAS,OKC,17.11,8.14,11.49,0.93
9,2026-06-14,NYK,MIA,-7.68,6.57,2.41,6.88
9,2026-06-14,OKC,SAS,12.59,11.22,8.31,11.45
9,2026-06-17,OKC,SAS,7.43,11.26,8.21,8.77
9,2026-06-20,OKC,MIA,40.8,11.32,2.57,13.78
9,2026-06-23,OKC,MIA,28.5,11.53,2.28,11.86
9,2026-06-26,MIA,OKC,-2.13,2.31,11.63,-1.6
9,2026-06-29,MIA,OKC,14.76,2.55,11.53,-4.84
9,2026-07-02,OKC,MIA,15.69,11.16,2.74,16.14
