simulation,OKC,LAL,DAL,CHO,BOS,ORL,ATL,NYK,CHI,MEM,POR,MIL,UTA,PHX,IND,GSW,BRK,HOU,TOR,SAC,LAC,NOP,PHI,DEN,SAS,DET,CLE,MIA,WAS,MIN
0,62,53,33,24,56,41,47,48,38,40,43,35,20,43,20,35,23,60,33,31,43,20,49,47,55,51,53,51,27,50
1,64,49,33,37,44,52,38,53,33,41,35,38,25,42,19,44,33,53,50,19,42,17,50,53,50,57,44,45,20,51
2,65,48,41,35,44,48,38,55,36,39,44,39,25,35,33,50,32,54,47,18,41,20,37,54,43,49,48,44,20,49
3,61,46,37,32,53,44,45,57,36,38,39,42,28,39,21,45,26,50,41,19,47,23,41,56,49,54,45,52,21,44
4,67,43,31,22,47,54,43,57,35,39,32,31,23,42,24,52,27,56,42,34,46,20,46,55,45,54,49,49,16,50
5,61,47,27,17,53,39,49,60,36,40,36,41,22,44,21,50,21,55,40,32,43,30,45,46,60,52,51,40,27,46
6,65,46,29,26,54,44,41,52,37,37,41,29,28,44,16,45,31,53,52,21,40,18,48,51,52,51,50,53,26,51
7,62,50,33,30,50,40,46,56,28,44,35,38,30,37,22,47,22,51,45,22,48,24,42,56,51,54,50,49,22,47
8,67,37,42,32,46,47,43,58,45,35,30,41,25,36,23,49,20,58,37,22,47,24,39,54,51,56,52,48,17,50
9,63,45,37,34,49,52,42,56,29,37,43,36,23,45,24,46,25,50,50,22,38,17,50,52,45,51,49,47,30,44
10,64,42,38,35,52,46,40,51,35,32,38,35,22,46,23,48,29,52,45,19,34,36,47,55,59,55,40,41,19,53
11,64,47,33,26,46,41,51,59,42,45,33,27,32,39,17,51,32,44,42,30,47,20,46,47,51,57,46,46,22,48
12,64,46,35,27,47,46,45,52,40,39,36,39,26,43,28,45,26,55,46,29,46,17,48,48,46,52,51,46,22,41
13,65,43,31,26,46,55,45,48,39,33,33,30,27,37,26,48,26,51,44,20,46,23,49,56,53,57,50,52,25,47
14,64,50,24,31,48,45,36,57,41,52,47,30,34,45,16,39,29,54,47,21,44,20,41,48,61,49,47,41,24,46
15,59,53,22,35,51,48,39,57,33,45,32,32,23,42,23,46,24,51,46,21,46,33,53,47,43,52,48,50,25,52
16,65,42,34,38,49,50,41,50,28,49,41,42,20,47,17,47,32,54,45,21,45,21,44,40,51,53,50,48,22,45
17,62,49,37,26,54,48,40,53,39,34,36,41,19,44,22,35,30,53,34,30,47,28,46,54,43,55,53,45,20,54
18,65,53,22,31,51,43,37,57,32,44,39,37,27,45,20,43,31,52,43,23,45,15,44,49,59,58,46,46,22,52
19,70,47,29,23,51,48,49,51,47,43,38,39,23,39,15,46,32,50,38,29,40,27,45,53,52,53,49,43,20,42
20,71,44,34,22,55,45,48,58,42,38,43,39,23,51,15,36,29,49,41,24,41,31,43,48,53,48,42,44,23,51
21,65,41,32,35,40,48,46,59,30,47,33,44,28,40,27,42,25,57,46,24,41,23,36,57,49,49,50,48,19,50
22,63,53,34,26,49,52,43,55,37,47,44,32,20,47,22,46,23,50,51,24,42,25,35,51,52,49,51,42,25,41
23,64,41,27,30,57,37,44,60,35,30,36,37,30,48,26,42,35,55,45,26,46,29,38,51,51,53,52,39,24,43
24,66,51,31,25,59,39,35,54,36,42,32,31,23,44,18,51,22,53,40,25,44,25,50,59,48,58,48,48,23,51
25,66,44,33,37,50,44,43,60,34,34,33,30,21,44,18,45,27,56,38,26,42,20,43,59,59,47,50,47,26,55
26,66,50,39,29,48,46,45,47,37,51,34,38,23,41,22,44,30,52,44,25,43,24,42,53,50,55,40,40,25,48
27,64,51,35,28,48,49,51,53,34,43,27,28,24,40,21,46,39,59,51,15,33,24,45,48,55,54,51,39,29,47
28,63,46,38,36,49,51,51,56,32,34,39,33,24,44,15,47,22,58,48,29,37,22,36,49,47,49,48,49,25,54
29,63,46,38,27,49,49,49,51,38,36,41,37,24,29,23,40,24,52,45,20,43,25,45,58,51,57,48,53,24,46
30,67,47,36,26,49,44,40,54,34,44,32,38,32,44,16,39,23,55,50,28,44,24,43,51,53,53,49,52,21,43
31,64,45,28,23,50,48,36,51,42,43,38,49,31,50,23,47,27,47,35,23,43,16,46,51,58,55,39,35,32,56
32,62,49,35,32,38,51,53,52,43,42,32,33,26,41,18,40,22,54,47,25,43,18,44,52,59,51,48,54,25,42
33,62,45,37,36,38,46,38,52,36,38,39,35,19,46,19,36,25,51,51,24,48,25,56,57,51,55,48,51,22,45
34,61,46,32,29,52,44,47,56,35,39,37,43,21,46,17,39,25,51,50,28,38,25,40,50,55,56,47,48,30,44
35,64,50,31,30,46,45,46,56,35,44,35,39,24,38,17,43,26,54,48,28,38,20,40,53,58,54,45,52,20,52
36,60,47,37,23,56,39,44,55,38,37,36,34,22,38,12,45,24,52,50,29,44,30,45,55,54,51,44,59,24,47
37,68,52,38,30,48,49,43,52,40,43,33,39,22,50,20,48,24,50,48,21,37,23,49,47,44,64,42,37,27,43
38,70,44,29,22,54,48,46,59,38,36,48,31,23,40,30,42,17,45,40,33,41,24,39,55,58,54,53,47,17,48
39,64,46,28,29,50,49,46,56,36,43,37,32,25,51,18,46,22,56,44,24,39,18,46,55,54,53,46,41,30,47
40,69,49,35,27,54,44,34,54,37,41,39,36,30,45,23,45,26,51,40,26,34,25,39,54,54,60,42,45,26,47
41,68,49,40,23,56,42,44,44,34,34,36,35,28,55,24,39,31,58,48,32,45,20,39,43,50,54,50,50,16,44
42,69,43,25,35,46,48,42,53,32,37,43,33,20,49,18,46,36,48,44,20,42,23,41,49,50,61,52,42,28,56
43,66,56,31,32,47,44,40,58,28,49,31,38,32,41,16,44,29,49,46,24,39,21,38,52,53,53,47,50,29,48
44,66,50,38,33,45,51,46,55,45,39,44,36,21,38,15,49,26,47,47,25,39,24,42,49,54,46,49,46,22,44
45,66,50,27,25,45,48,42,52,36,43,35,31,26,42,24,46,24,54,50,22,44,30,46,51,48,52,58,44,21,49
46,60,47,34,23,46,41,43,51,36,44,33,35,24,43,22,47,22,55,47,27,48,26,41,56,54,51,46,52,24,53
47,54,45,33,38,53,43,44,50,32,45,42,32,21,37,25,40,29,50,51,20,42,37,40,56,57,54,43,46,20,52
48,64,49,36,27,56,41,47,54,38,34,36,39,32,39,18,50,30,47,42,25,37,31,42,57,54,56,44,43,17,46
49,66,46,25,30,52,47,47,58,29,37,26,38,27,36,27,47,26,56,40,25,44,31,36,48,60,52,48,52,25,50
50,69,37,31,31,50,43,52,62,33,45,38,24,24,44,23,42,25,50,46,31,44,23,48,53,61,48,45,45,23,41
51,62,47,32,31,52,48,40,57,31,47,34,39,21,36,23,34,34,52,53,27,41,30,46,54,54,45,52,48,16,45
52,56,50,43,22,43,50,43,58,35,41,45,39,26,41,18,43,24,53,35,24,42,27,48,64,46,47,53,47,22,46
53,65,47,33,30,50,40,51,54,25,41,43,25,25,44,22,41,32,57,47,21,44,20,39,53,61,53,44,59,19,46
54,63,49,42,32,49,41,49,54,36,41,34,41,28,41,29,48,26,55,41,22,45,20,40,48,52,48,39,48,24,46
55,67,42,36,33,55,42,41,48,40,41,39,40,27,46,22,39,23,53,49,23,46,20,30,47,59,53,48,51,29,42
56,58,49,34,25,52,47,44,56,35,41,31,29,22,43,23,39,33,60,40,29,43,23,45,44,56,53,56,51,23,47
57,56,46,39,28,49,42,43,52,33,39,44,38,25,52,23,37,29,58,46,18,44,21,39,53,57,41,51,50,30,48
58,56,55,38,30,50,42,43,40,34,44,39,42,23,45,16,54,30,52,49,21,46,16,42,54,52,58,48,44,20,48
59,66,44,34,25,54,49,47,46,35,34,33,39,20,43,16,48,30,56,44,26,42,29,45,62,54,48,48,42,30,42
60,59,43,36,26,56,47,47,51,36,36,38,33,27,49,20,43,20,60,30,24,49,24,46,52,52,54,49,48,25,51
61,69,54,30,31,45,49,39,52,44,29,38,42,26,42,28,42,19,57,41,19,41,23,45,54,50,52,45,50,19,56
62,63,49,27,34,44,53,42,49,47,43,35,45,24,39,21,45,26,48,46,19,49,19,45,56,51,43,49,46,21,53
63,66,46,36,38,45,45,37,49,45,45,36,48,27,42,18,47,23,54,45,19,39,21,42,52,57,53,47,33,27,49
64,65,47,22,32,49,48,41,59,31,36,35,36,28,45,23,52,28,51,43,27,39,24,42,55,56,56,43,45,23,50
65,61,45,40,32,53,46,47,47,34,46,36,32,27,45,17,34,24,54,43,22,41,32,51,54,49,53,51,44,22,49
66,60,38,35,18,54,43,46,50,46,33,38,43,32,40,16,40,25,54,43,26,46,26,49,56,48,57,43,50,25,51
67,71,46,32,29,51,47,35,55,38,41,41,35,17,45,21,45,22,51,44,17,41,24,41,58,56,60,49,49,20,50
68,62,41,20,34,55,48,46,59,42,35,28,41,23,49,19,43,28,58,42,16,42,24,50,56,52,54,53,43,18,50
69,66,49,35,20,57,47,40,52,39,40,31,36,30,45,22,47,26,52,44,30,40,27,46,44,47,53,49,48,21,48
70,67,40,40,26,51,45,41,51,36,43,34,38,35,25,27,36,27,55,42,30,43,19,45,54,57,53,50,45,26,50
71,66,42,37,29,47,49,43,54,34,40,33,36,26,46,22,44,30,52,47,27,41,25,38,57,44,56,38,52,29,47
72,66,41,33,30,48,48,38,46,31,48,40,40,24,48,29,42,28,55,38,17,49,21,45,54,43,55,50,49,28,47
73,63,49,25,28,55,54,39,60,31,43,32,33,23,37,30,52,17,47,44,26,38,21,45,56,57,54,50,48,25,49
74,57,43,32,33,51,50,39,54,40,47,38,35,31,40,20,37,26,50,51,23,39,20,45,53,54,54,51,45,27,46
75,63,42,28,34,50,50,42,53,40,40,34,29,23,52,28,32,24,48,47,27,36,34,36,52,49,57,49,45,28,59
76,69,45,38,35,44,41,43,43,33,39,32,40,31,40,27,41,24,54,40,34,39,22,40,58,47,51,49,52,25,55
77,64,42,39,36,46,50,43,48,38,39,45,31,22,42,13,47,27,51,44,17,45,34,52,54,52,55,47,43,20,45
78,68,38,37,29,47,53,40,58,30,41,45,35,19,37,12,49,33,60,48,24,43,28,40,49,49,53,48,50,20,48
79,61,49,30,30,49,38,37,54,42,41,30,39,20,46,21,53,25,55,40,35,42,21,41,50,52,53,52,53,24,48
80,61,48,38,39,54,43,34,58,36,33,43,31,21,44,19,49,20,58,43,21,44,26,42,51,54,58,46,51,21,45
81,59,56,34,26,51,52,45,54,47,37,35,32,22,31,20,42,24,56,41,22,46,28,33,58,50,56,47,50,24,53
82,68,48,29,30,44,52,46,58,41,43,35,38,29,40,19,49,28,45,37,28,43,20,43,50,53,52,42,52,18,51
83,65,50,35,26,50,45,47,54,31,37,42,38,26,45,20,48,29,48,41,23,45,19,39,51,59,53,51,44,20,50
84,67,34,37,37,47,49,38,58,34,47,42,37,30,40,16,45,29,57,46,33,33,23,30,50,49,55,47,49,24,48
85,66,50,31,33,49,39,45,57,41,35,33,39,25,37,22,45,29,55,52,19,40,19,42,56,57,46,45,48,24,52
86,61,44,28,26,50,45,34,56,31,25,30,40,20,50,29,44,25,56,48,31,45,19,40,62,56,55,52,50,25,54
87,66,53,34,31,47,47,47,55,41,35,31,39,24,40,18,38,23,50,48,36,41,21,39,57,57,55,49,40,24,45
88,61,45,29,31,45,54,48,52,40,40,34,46,24,43,30,42,24,55,42,21,34,29,34,53,58,57,51,46,19,44
89,66,47,38,26,53,47,43,59,30,33,36,32,32,44,20,46,25,57,45,25,43,23,39,50,56,52,47,46,20,51
90,65,45,37,30,49,47,39,51,31,45,31,32,31,45,22,38,34,58,41,22,49,21,45,52,53,51,53,46,27,41
91,60,51,33,36,52,50,44,57,34,44,34,36,27,36,15,44,33,45,44,24,44,24,51,49,49,56,41,50,18,50
92,62,48,34,26,52,46,39,54,38,44,33,31,31,47,20,45,29,54,39,23,40,22,54,46,56,55,50,47,17,49
93,61,45,32,32,48,49,40,57,38,44,32,43,28,31,24,56,25,58,40,21,48,17,49,55,53,48,43,45,23,46
94,61,46,43,31,46,51,49,52,32,36,41,33,17,40,26,44,30,62,44,19,43,25,43,51,54,46,47,45,21,53
95,67,51,28,23,48,49,50,57,35,38,42,25,20,40,25,48,25,52,50,27,45,24,37,47,58,61,46,44,24,45
96,61,44,32,30,45,39,44,60,36,35,42,44,20,39,19,43,29,56,51,23,43,27,41,55,54,49,54,49,19,48
97,65,47,27,31,44,49,40,45,45,47,39,44,22,39,19,50,38,57,44,25,44,16,33,56,58,53,42,42,25,45
98,67,45,38,28,57,44,43,47,39,38,35,37,26,42,16,42,34,60,43,23,43,24,53,54,53,51,46,42,20,41
99,57,46,47,31,49,43,39,50,36,38,39,39,25,50,22,46,20,58,41,30,40,15,49,49,54,56,52,38,27,45
100,62,43,30,21,49,44,48,52,43,45,37,44,25,44,17,43,21,55,43,25,47,32,45,49,59,43,50,43,23,49
101,71,36,37,23,51,49,43,54,36,38,39,37,23,48,19,43,22,54,38,20,47,18,39,60,58,60,48,45,24,51
102,61,44,45,26,54,40,44,49,30,52,30,34,29,44,24,42,25,60,46,23,44,20,36,45,55,58,46,50,28,47
103,59,52,37,33,48,48,42,58,39,39,43,44,19,41,18,43,20,57,40,17,43,18,41,55,53,53,47,50,23,51
104,67,38,38,25,48,45,41,53,30,40,26,38,29,52,23,40,33,50,57,23,35,20,38,65,53,43,46,55,27,53
105,64,40,37,32,45,47,39,57,35,39,45,42,23,42,18,39,27,49,47,21,46,29,53,45,55,48,51,42,25,49
106,63,39,34,27,54,45,45,52,26,37,38,34,29,41,18,52,42,56,47,16,40,29,46,50,53,44,51,43,25,55
107,66,46,33,25,49,48,44,52,40,40,32,45,23,48,23,47,23,55,39,25,43,32,41,53,58,48,40,45,25,43
108,64,43,34,27,45,46,43,50,33,40,32,40,23,36,30,52,29,50,46,30,44,18,47,56,50,52,49,47,21,54
109,54,38,32,36,53,47,41,62,38,41,48,40,30,44,12,47,26,50,44,21,36,14,46,50,55,54,47,49,23,53
110,70,47,32,29,50,50,42,56,27,38,35,35,25,48,24,46,21,54,38,26,38,21,44,62,54,52,40,48,27,52
111,64,46,30,28,51,45,45,51,38,38,34,46,31,41,19,51,29,51,50,20,48,22,34,50,48,59,48,48,19,47
112,65,41,36,24,54,54,38,52,29,39,32,35,21,55,18,48,27,53,38,19,46,28,47,52,54,52,49,54,26,45
113,65,49,28,28,51,54,30,59,32,39,36,32,18,42,24,46,33,56,43,17,41,21,48,53,54,52,55,52,22,51
114,69,46,39,25,43,43,35,55,38,41,45,41,23,38,21,44,25,51,45,29,37,25,42,56,52,59,44,53,21,46
115,63,54,35,29,51,48,47,53,34,39,39,37,20,33,19,45,21,57,46,25,35,20,40,54,63,59,48,47,22,48
116,67,35,35,26,48,48,43,45,33,48,43,46,20,45,20,40,23,55,46,22,42,17,46,56,56,49,55,43,31,48
117,65,50,35,25,53,44,45,54,41,42,42,30,32,44,25,41,25,55,34,22,35,18,41,56,49,55,48,51,28,46
118,66,49,38,29,48,42,40,52,40,45,35,38,21,43,21,46,25,52,40,24,34,29,51,59,43,55,44,45,27,50
119,62,42,31,36,47,40,39,51,39,50,34,46,30,52,19,45,25,56,51,25,44,16,40,47,58,51,41,43,23,48
120,65,58,29,17,52,45,53,55,43,43,41,39,23,44,19,37,29,60,35,18,43,23,38,56,52,45,45,48,22,54
121,67,46,26,24,52,52,43,45,30,39,40,41,26,44,20,39,28,52,45,22,42,20,46,50,54,59,55,48,29,47
122,64,43,36,26,50,50,36,53,43,34,30,39,29,36,25,43,35,60,43,22,42,25,35,58,53,53,41,49,29,49
123,72,50,41,25,39,46,47,56,38,43,39,41,22,41,17,46,24,60,48,25,41,23,39,51,46,47,49,48,24,43
124,64,58,27,31,43,45,41,57,34,42,43,35,24,50,14,48,35,45,44,27,46,26,45,50,53,54,43,49,17,41
125,63,45,39,33,51,46,47,52,37,41,33,43,25,37,17,39,24,56,35,37,46,21,44,49,49,58,42,49,24,49
126,61,42,38,31,46,51,49,54,36,37,28,30,22,44,21,45,26,44,42,30,48,23,51,57,50,59,39,52,23,52
127,65,49,38,20,45,47,42,57,36,42,41,27,22,42,20,48,24,55,41,17,44,29,42,51,65,44,54,45,29,50
128,62,48,29,33,51,40,32,47,44,47,37,39,25,39,22,51,39,42,40,21,42,21,47,55,52,58,50,43,25,50
129,64,41,31,27,45,45,44,47,30,44,42,39,18,51,17,49,30,59,45,24,42,16,37,47,58,54,56,55,20,54
130,69,53,33,29,50,42,47,50,37,33,36,39,28,44,18,41,37,56,43,16,41,23,45,49,58,49,41,48,29,47
131,65,46,36,27,53,47,43,53,29,35,37,42,36,39,24,51,31,47,45,20,41,24,40,44,60,56,56,46,12,46
132,64,42,39,28,54,47,47,46,34,31,44,30,21,44,20,48,28,55,47,29,47,24,43,54,41,56,47,44,23,54
133,61,51,37,39,52,50,44,52,34,30,39,42,24,44,17,35,20,55,44,22,49,22,48,49,51,56,40,58,19,47
134,67,49,35,21,51,39,45,59,35,41,36,35,22,46,14,44,32,60,47,28,39,21,51,56,53,51,55,36,26,37
135,63,38,29,31,48,45,51,52,31,36,34,46,31,45,19,40,29,52,50,26,50,25,50,50,50,44,51,46,21,48
136,65,42,29,34,46,54,41,56,27,40,40,38,26,45,20,44,26,51,44,27,45,17,41,49,57,57,50,52,27,41
137,64,52,39,33,41,50,48,53,39,41,39,34,31,45,25,43,22,51,44,19,44,21,41,53,43,51,50,46,21,48
138,58,50,30,32,51,42,43,47,40,43,40,36,22,39,23,42,21,51,49,25,49,27,39,53,53,59,49,45,22,51
139,70,42,34,30,50,47,51,57,39,49,31,22,31,42,18,45,29,50,41,22,44,24,46,52,53,49,40,47,22,54
140,62,49,32,38,51,52,44,59,40,43,37,46,23,36,15,42,34,46,45,22,49,18,40,48,57,52,43,36,24,48
141,69,44,26,30,42,48,36,58,44,45,41,36,32,38,20,47,27,44,49,30,43,23,45,49,51,56,48,43,24,43
142,66,30,29,34,53,52,44,53,30,36,35,39,36,43,23,44,29,55,40,24,45,30,44,49,48,48,48,47,29,48
143,59,48,34,28,35,47,44,51,39,37,41,36,22,53,22,46,24,59,48,17,32,28,38,61,60,58,47,44,24,49
144,63,44,40,33,42,43,41,59,36,36,35,43,21,40,26,52,27,49,44,26,43,26,46,52,44,48,49,54,16,53
145,66,41,36,26,44,47,42,55,38,32,33,30,23,54,21,38,32,63,40,29,47,21,50,48,53,56,56,51,13,46
146,55,50,30,35,54,50,39,48,46,32,40,37,24,46,16,47,20,55,45,27,41,31,39,52,57,57,46,47,22,43
147,70,40,33,33,50,53,49,61,39,38,42,35,21,37,19,47,28,49,42,16,46,23,41,53,55,55,48,43,20,45
148,63,39,34,23,55,45,52,52,26,37,42,34,23,41,23,42,30,59,41,22,49,29,44,60,51,56,39,50,24,46
149,63,42,35,28,42,48,43,56,40,44,38,29,33,50,25,42,34,54,34,28,35,21,47,51,56,52,48,50,22,41
150,66,39,33,25,58,46,49,53,36,49,34,36,21,42,23,36,22,51,45,25,44,23,52,55,45,55,42,49,26,51
151,65,43,36,26,49,41,45,57,40,52,34,30,22,38,28,35,22,52,39,30,47,34,45,50,60,55,44,49,20,43
152,65,47,37,35,46,46,36,51,42,38,33,36,30,43,19,47,22,59,41,28,39,25,44,55,50,53,48,48,23,45
153,62,40,39,38,46,47,46,55,36,42,42,35,28,39,26,44,27,51,46,27,38,27,42,55,50,56,43,39,25,40
154,67,45,37,23,45,46,47,60,42,45,41,23,23,51,22,42,29,53,41,20,54,25,39,53,50,53,46,46,19,44
155,62,48,19,35,42,45,51,58,43,40,39,41,25,35,20,42,31,54,43,31,52,24,41,57,48,44,49,48,18,46
156,66,47,28,33,55,51,42,46,40,42,35,44,24,46,24,47,18,58,45,30,43,19,47,52,48,53,45,38,21,44
157,64,51,33,22,55,47,38,50,41,35,44,30,19,41,30,37,30,50,49,27,46,30,37,48,50,51,50,48,28,50
158,68,36,33,32,53,46,37,54,41,43,35,40,29,45,20,42,28,59,40,25,48,20,51,51,50,51,47,36,21,50
159,69,51,34,34,50,39,39,50,32,39,37,43,25,51,22,44,29,50,44,18,48,24,46,46,53,50,50,39,25,50
160,66,50,25,27,43,51,49,50,30,44,34,31,28,49,18,40,23,50,50,25,47,27,37,60,55,50,57,45,22,48
161,66,51,24,23,47,51,42,57,32,39,38,35,21,38,16,44,34,57,46,26,43,25,45,54,47,57,52,48,22,51
162,60,34,34,32,50,47,49,57,41,31,31,31,23,48,22,47,24,46,48,24,43,25,55,51,53,54,49,48,22,52
163,64,38,32,38,42,53,48,54,37,40,43,37,24,44,14,45,27,58,47,13,48,21,40,53,52,53,46,50,23,47
164,68,40,34,43,48,46,46,55,30,46,42,41,22,35,19,41,21,52,42,20,49,26,38,52,49,55,47,48,23,53
165,67,46,26,27,41,47,54,63,37,42,39,40,20,41,16,45,22,57,41,21,39,34,37,49,51,48,54,52,25,50
166,68,39,30,31,52,46,40,52,34,41,39,40,23,46,24,40,28,47,43,26,42,24,45,54,51,57,43,53,23,50
167,66,50,25,26,46,42,48,56,36,47,31,40,25,40,19,35,26,59,44,23,45,21,49,53,55,56,52,46,20,50
168,56,52,25,31,49,50,41,49,35,45,34,30,25,41,16,41,36,51,39,25,41,23,44,53,61,58,47,58,21,54
169,69,45,35,27,46,49,41,52,37,40,39,38,27,39,19,41,26,53,45,28,30,24,41,54,53,59,55,45,25,49
170,68,41,28,45,39,40,37,45,46,40,43,38,23,49,16,43,23,49,48,25,42,31,46,52,55,52,46,50,20,51
171,65,42,39,25,60,42,39,59,33,42,39,35,28,40,33,47,32,48,41,24,36,27,43,49,46,42,51,46,24,54
172,64,52,33,29,48,46,43,51,31,40,33,26,26,44,24,41,32,55,45,19,48,25,44,58,54,55,51,42,34,38
173,60,53,40,28,47,53,42,50,34,39,38,42,26,39,22,47,28,58,46,16,46,25,42,57,50,47,45,42,22,47
174,64,47,28,34,44,45,51,56,29,45,33,38,21,39,20,47,25,54,37,22,47,28,40,53,54,62,46,53,19,50
175,65,48,32,24,35,45,47,52,42,38,32,35,21,48,15,44,38,49,48,27,43,27,49,55,52,55,45,43,28,49
176,65,48,33,28,53,45,44,59,45,50,34,31,24,37,16,46,35,48,41,21,36,24,50,49,58,51,47,46,16,51
177,65,51,34,28,41,41,42,57,38,34,31,37,22,38,23,47,28,63,46,29,39,20,52,42,57,64,41,42,28,51
178,59,51,37,28,51,41,40,58,33,44,45,41,21,46,22,48,22,50,41,23,41,24,40,46,36,61,47,52,26,57
179,57,43,39,23,45,41,45,55,44,37,30,40,25,41,26,52,31,56,44,19,41,26,42,60,50,50,44,47,30,48
180,61,38,40,22,42,51,47,53,26,38,33,36,24,46,31,51,35,59,38,33,36,25,42,48,51,58,47,45,24,51
181,65,45,36,38,45,41,38,57,37,43,45,44,32,39,16,40,28,57,38,22,44,25,38,45,48,55,47,48,27,48
182,61,43,28,30,49,51,43,58,37,46,28,34,22,42,17,49,22,53,43,26,42,35,40,58,49,57,48,47,24,49
183,64,46,32,33,42,52,43,48,42,37,32,43,21,48,23,49,30,48,47,26,35,28,43,55,54,51,45,49,21,44
184,62,51,28,33,57,48,34,55,38,48,35,36,25,34,26,45,32,51,41,29,41,22,44,50,50,59,46,49,21,41
185,62,45,34,25,55,49,43,53,38,33,40,39,23,40,22,46,25,60,47,16,41,21,46,53,47,58,49,45,21,55
186,54,50,35,28,52,51,43,59,33,40,37,35,27,46,25,38,30,55,36,25,46,20,37,52,56,58,48,43,24,48
187,66,42,37,29,43,48,40,62,29,34,47,36,17,42,25,48,32,54,37,20,40,34,51,49,59,56,45,45,27,37
188,62,49,33,31,52,42,41,56,36,43,28,35,28,51,16,48,33,48,40,19,39,17,42,55,59,55,52,49,28,44
189,65,51,29,30,55,47,39,45,42,46,36,42,34,39,21,44,27,63,42,26,44,24,51,50,43,53,44,44,20,35
190,67,44,32,27,46,50,45,62,43,36,41,35,28,40,14,44,26,50,36,14,46,27,47,53,52,56,52,50,23,45
191,55,46,28,32,40,51,41,58,38,39,38,32,25,43,26,45,20,49,47,22,38,22,47,58,56,61,52,42,22,58
192,58,47,28,24,46,47,48,50,41,38,42,34,20,51,28,44,30,48,46,24,40,23,42,57,55,50,53,44,24,49
193,63,51,32,29,52,45,38,47,44,45,38,37,22,35,29,43,26,51,37,23,46,27,46,46,59,54,47,46,23,50
194,67,46,30,29,45,44,42,56,38,38,43,33,21,41,27,49,32,44,48,32,41,30,41,50,47,50,54,52,18,43
195,66,36,28,27,47,51,50,57,35,43,32,40,26,48,30,53,22,47,51,33,39,19,35,54,50,51,44,46,19,52
196,58,35,36,28,45,47,47,53,39,40,37,30,28,41,16,50,27,57,49,27,45,25,50,54,57,49,53,36,22,50
197,61,43,37,34,57,46,40,50,28,40,40,29,30,44,23,44,33,47,49,20,36,28,35,54,53,54,57,49,19,51
198,69,43,34,29,42,50,40,47,37,38,39,35,34,42,26,40,20,59,41,19,38,18,38,57,59,60,53,51,26,47
199,65,43,35,23,51,48,47,56,34,45,42,25,23,47,18,40,28,54,45,24,44,21,46,57,52,51,53,48,20,46
200,65,45,42,31,52,40,39,59,44,33,30,36,22,42,23,40,20,50,40,28,35,17,49,57,55,58,45,49,26,59
201,61,40,33,39,46,48,43,52,43,33,36,47,23,43,24,46,29,50,44,21,43,23,40,60,54,55,44,43,25,43
202,57,42,30,29,51,54,39,52,43,38,39,38,20,50,25,42,18,47,52,34,43,35,44,52,52,59,49,39,21,37
203,65,44,35,33,42,44,51,57,38,40,42,46,26,46,15,52,24,49,41,21,35,22,42,52,51,52,54,47,27,38
204,65,52,39,26,53,43,36,55,38,40,39,35,23,48,20,46,26,51,39,31,37,23,39,49,56,54,45,50,23,50
205,66,50,26,28,50,47,47,54,29,41,40,33,24,43,24,45,32,52,44,25,44,14,45,47,53,54,50,51,23,50
206,62,49,40,23,54,44,36,50,30,33,31,42,30,50,20,40,32,57,49,27,48,23,38,50,51,49,51,43,24,55
207,68,47,36,25,44,37,47,52,44,39,37,36,25,38,18,45,27,54,50,26,39,21,47,53,55,52,45,52,24,48
208,58,43,35,28,46,47,39,63,27,40,34,33,27,43,28,51,30,54,47,23,38,23,31,55,58,50,50,58,22,50
209,70,49,35,21,53,48,40,55,35,36,41,36,28,32,14,43,23,55,50,32,47,24,43,49,53,48,52,54,21,44
210,63,50,35,31,42,50,48,50,42,45,40,39,25,41,16,48,25,50,49,16,43,28,43,48,50,48,51,44,20,51
211,62,50,35,25,47,49,44,57,31,45,35,29,26,39,24,48,22,56,39,27,38,23,49,54,56,55,48,48,23,47
212,66,46,38,24,48,48,40,57,43,38,43,33,26,41,17,49,27,57,42,28,43,23,38,51,54,51,47,46,26,41
213,68,56,30,35,43,48,40,56,26,40,29,40,29,37,26,38,27,46,43,31,47,22,44,50,52,59,46,47,27,49
214,69,52,26,30,51,42,37,53,30,36,34,29,39,36,20,46,30,52,41,26,51,12,46,60,53,57,48,50,25,50
215,69,49,38,35,45,53,42,54,38,43,33,34,19,35,15,37,24,55,43,22,47,30,41,53,55,55,50,50,19,48
216,59,43,34,25,53,41,38,62,33,42,36,39,24,41,15,48,22,55,43,29,44,20,50,49,55,61,47,49,24,50
217,61,50,28,29,49,49,53,52,36,44,37,36,21,43,23,49,25,49,50,22,39,19,52,46,58,54,41,48,23,45
218,70,57,39,25,47,44,42,52,38,47,34,40,20,44,16,45,29,47,41,21,49,21,47,50,54,46,44,44,26,52
219,64,36,31,23,52,45,39,52,35,45,37,31,23,47,27,50,24,50,47,26,38,27,53,61,57,51,50,48,19,43
220,66,45,41,24,51,50,37,56,40,41,26,40,23,42,24,44,20,50,46,25,50,23,41,57,50,47,48,47,27,50
221,71,43,25,23,54,38,47,53,39,38,33,41,34,42,20,48,26,57,36,30,44,21,45,50,52,53,45,46,23,54
222,64,56,31,27,50,48,48,64,38,43,44,31,23,39,19,41,26,47,55,22,45,17,34,46,61,52,46,46,19,49
223,68,46,33,25,43,52,44,52,27,37,29,47,25,47,25,48,19,45,43,27,40,30,40,54,59,56,48,47,20,55
224,64,44,31,35,48,40,40,51,39,41,40,40,27,40,23,43,26,66,35,22,44,22,53,51,54,47,46,47,26,46
225,67,47,28,23,54,47,44,57,36,32,36,46,38,46,22,37,25,55,46,26,41,20,46,56,48,54,44,38,18,54
226,69,45,26,28,41,49,44,53,27,45,45,28,28,45,27,48,32,52,39,21,43,29,38,55,53,54,43,56,25,43
227,67,48,33,27,46,49,46,57,35,41,40,39,28,37,19,41,35,53,41,19,41,20,45,53,48,61,46,47,21,48
228,63,51,35,23,44,44,39,52,31,47,35,37,23,47,26,40,30,45,46,22,49,25,51,49,53,53,46,52,25,48
229,65,39,26,32,55,51,38,51,47,45,33,39,25,47,17,47,19,49,40,33,43,27,37,54,57,48,47,50,29,41
230,63,41,37,27,45,41,34,54,36,38,36,27,27,39,25,46,24,56,45,34,41,25,41,51,54,58,51,52,27,56
231,61,39,40,31,54,49,39,49,42,39,42,34,25,46,25,50,34,50,43,15,50,30,37,50,49,50,51,38,22,47
232,66,37,37,30,50,50,37,52,34,27,30,45,24,48,30,47,23,55,46,29,31,28,49,53,57,57,40,43,21,55
233,62,47,40,25,52,45,37,59,39,39,37,34,28,37,25,46,25,49,43,20,45,25,48,49,57,48,50,45,25,50
234,68,31,25,28,49,51,45,59,43,46,29,39,25,40,21,48,30,50,43,20,39,19,48,50,52,55,45,52,29,52
235,65,41,32,34,44,45,48,55,34,35,34,37,27,53,19,43,28,52,43,19,45,19,45,56,55,51,50,49,27,46
236,66,34,39,38,56,47,42,47,33,44,36,29,19,41,21,40,26,62,46,32,39,32,37,49,57,48,54,44,27,46
237,60,48,30,33,49,46,41,46,33,40,37,36,20,47,19,36,26,55,43,22,41,29,42,56,58,57,59,40,25,57
238,63,44,31,35,45,47,43,52,28,39,33,33,23,47,20,46,32,56,36,28,42,29,45,53,54,53,53,48,20,53
239,66,45,44,26,54,43,49,58,37,32,32,34,29,43,21,41,24,55,43,23,40,23,42,49,57,50,53,48,21,49
240,59,50,32,27,52,47,42,55,45,42,38,38,32,45,19,43,34,52,40,24,36,20,48,57,52,47,49,47,15,44
241,61,35,33,31,49,48,46,53,44,37,34,41,21,41,21,43,33,55,40,24,42,31,42,60,50,54,50,40,20,52
242,70,41,33,30,44,42,38,56,40,37,37,47,21,44,16,43,30,53,48,20,44,25,39,54,52,54,54,51,26,42
243,66,49,43,25,49,45,40,56,39,28,44,42,21,42,21,52,29,46,37,22,47,29,51,51,51,58,42,46,15,45
244,68,42,23,27,55,46,44,53,34,49,40,31,22,49,27,54,29,57,37,20,34,19,53,52,55,50,51,42,24,44
245,61,51,34,38,47,49,41,50,30,40,42,39,29,44,19,39,19,52,49,24,43,22,39,53,50,55,50,51,23,48
246,68,52,39,33,51,44,39,51,36,49,42,44,17,37,21,43,30,46,34,25,44,22,43,48,55,47,48,47,26,50
247,66,49,26,39,48,50,40,58,33,40,34,39,22,45,20,50,24,61,42,30,44,17,46,52,46,57,49,36,25,43
248,65,41,41,22,47,48,32,59,37,36,38,29,26,47,17,44,26,63,50,23,49,25,48,51,59,47,51,48,21,41
249,67,48,46,26,51,33,46,52,31,30,41,37,29,50,32,49,21,48,47,19,48,20,47,49,45,57,48,47,20,47
250,65,53,29,34,34,42,49,50,35,44,39,42,19,40,18,38,26,60,41,30,49,25,43,55,55,54,48,44,22,48
251,66,45,33,24,51,42,46,49,38,41,35,36,22,42,28,52,29,53,44,26,42,18,41,50,55,51,51,52,21,48
252,66,46,33,28,52,37,46,46,39,30,39,40,23,42,20,44,31,56,45,27,38,17,44,54,52,62,47,44,27,56
253,69,48,37,28,49,54,45,45,41,43,43,34,36,42,15,46,28,52,40,16,37,22,39,51,56,50,48,42,24,51
254,61,55,32,23,50,53,44,50,36,40,35,30,25,41,29,51,34,58,36,22,39,19,48,54,56,56,51,43,19,41
255,65,51,33,30,59,44,49,56,38,40,31,41,23,43,12,41,35,47,42,28,44,30,47,53,47,47,49,44,18,44
256,60,43,33,27,47,54,49,56,32,38,51,43,19,42,18,48,21,48,49,23,42,21,39,55,60,55,46,44,20,48
257,63,43,29,32,48,48,37,51,42,40,36,29,38,43,19,47,24,57,42,26,45,24,45,54,49,55,45,49,22,49
258,69,42,42,25,47,47,46,55,35,49,37,27,23,42,20,50,35,56,39,24,33,21,48,50,52,47,49,46,26,49
259,67,46,29,34,41,48,46,56,41,30,41,42,29,45,20,43,25,56,42,22,48,26,45,52,57,56,46,38,17,43
260,67,46,33,28,54,52,40,59,38,43,28,39,30,41,19,50,27,55,37,22,40,21,40,54,49,54,49,43,28,45
261,65,49,45,36,48,48,39,59,35,31,41,39,23,36,36,41,18,62,42,19,36,33,37,50,45,51,47,47,24,49
262,66,48,29,30,46,48,38,62,30,46,37,37,26,39,17,49,26,60,40,27,31,22,40,53,53,61,46,40,30,54
263,61,49,22,27,54,44,48,52,41,38,46,35,34,41,19,50,20,46,48,31,39,22,38,61,57,46,52,44,23,43
264,64,42,29,21,41,47,45,53,35,38,37,31,21,47,30,51,34,55,46,22,35,33,47,50,55,56,52,48,20,46
265,64,47,31,33,48,44,40,51,31,45,35,40,27,44,24,48,27,55,45,23,44,22,43,41,56,54,50,42,20,57
266,67,38,36,30,51,47,49,56,43,34,38,39,24,37,17,48,22,52,41,25,43,26,51,53,52,53,42,37,27,53
267,65,51,35,28,48,48,38,54,40,43,40,34,36,42,31,47,26,54,33,27,37,24,37,56,47,58,42,40,23,47
268,64,39,45,21,53,45,40,59,42,36,36,34,27,37,23,47,24,61,35,21,40,26,47,55,59,58,39,46,22,50
269,62,48,30,40,53,49,41,60,37,34,41,43,22,36,23,40,17,48,46,22,41,24,36,53,59,51,53,51,21,50
270,71,47,38,33,51,46,40,58,36,36,32,36,22,31,25,46,24,57,45,22,42,26,42,54,44,53,48,47,29,50
271,65,46,29,28,40,41,38,53,42,41,38,39,36,49,28,39,22,42,43,27,47,25,48,50,56,54,48,49,22,46
272,62,46,29,26,45,48,41,54,31,42,27,36,32,51,17,51,30,54,45,17,41,22,49,57,54,45,52,46,29,52
273,63,44,31,33,40,48,50,49,40,48,29,42,29,42,31,49,26,54,45,23,40,21,40,50,57,45,50,44,20,48
274,64,51,37,31,38,42,43,53,34,41,37,36,28,45,17,44,31,56,42,28,46,25,37,53,46,56,44,47,23,56
275,63,48,34,38,47,46,45,50,37,45,33,36,21,45,20,39,22,55,50,27,43,22,42,55,50,54,48,46,19,51
276,72,44,31,26,49,51,51,52,27,44,38,35,26,46,24,46,26,58,35,23,38,17,47,49,55,52,46,47,25,51
277,73,38,31,28,53,49,45,53,31,39,36,39,31,36,17,42,28,50,40,28,44,29,45,52,45,54,49,50,21,55
278,60,50,29,29,49,43,42,57,36,42,39,31,22,42,19,41,36,51,40,26,40,26,46,55,45,63,52,42,24,54
279,62,55,28,31,57,45,43,50,41,35,37,34,31,40,28,49,21,52,34,21,41,20,43,43,54,62,49,50,22,53
280,64,43,33,33,50,53,41,59,30,43,38,32,28,46,28,48,26,53,35,23,42,24,43,48,46,55,41,55,29,42
281,65,54,35,35,43,49,45,53,37,34,31,38,26,40,21,42,27,51,52,25,37,24,43,57,56,52,47,40,21,51
282,66,50,32,28,43,46,44,58,40,36,43,37,20,46,28,43,21,50,45,25,46,27,45,46,54,50,51,38,27,46
283,68,41,36,34,47,49,47,51,39,36,31,38,18,49,18,37,24,53,38,28,45,26,47,55,54,55,54,37,26,50
284,69,45,42,37,50,51,45,60,48,26,28,41,22,41,18,51,27,52,37,25,35,20,44,49,52,48,43,43,26,56
285,60,46,37,26,54,48,38,54,30,38,43,50,28,42,14,44,23,51,50,24,43,22,44,44,50,55,47,47,34,45
286,65,54,25,32,58,47,43,61,32,40,37,29,29,45,29,45,29,52,45,20,44,21,33,54,53,46,46,46,21,50
287,56,49,40,27,52,40,39,49,27,43,31,41,34,39,26,48,21,54,46,29,50,26,39,52,53,56,43,45,27,49
288,64,52,32,31,43,47,43,50,47,40,34,32,27,47,23,39,28,55,35,25,43,19,43,48,55,51,53,51,23,51
289,63,42,31,32,51,44,36,58,37,44,39,45,33,38,16,48,41,53,44,24,38,15,48,52,48,52,50,33,19,57
290,60,49,31,30,50,49,42,50,39,41,36,36,22,49,17,49,26,44,44,24,43,17,52,53,56,58,48,51,22,43
291,66,46,33,23,47,48,48,45,41,37,40,40,21,40,18,56,27,47,37,29,42,21,45,58,51,53,40,50,29,53
292,67,41,39,28,53,48,42,57,24,39,28,42,26,41,24,41,34,56,50,26,48,20,39,57,59,52,45,46,16,43
293,66,57,27,22,45,44,40,55,30,38,49,38,24,39,31,45,24,55,41,21,43,27,44,55,56,56,40,44,28,47
294,62,35,35,36,49,45,49,54,41,39,36,33,27,43,23,45,30,59,45,19,30,24,42,56,54,55,55,36,27,47
295,64,52,36,29,42,44,43,53,33,35,35,41,30,44,15,42,28,53,42,30,44,24,45,50,60,50,49,47,22,49
296,67,42,30,29,55,44,44,52,32,44,32,42,23,40,27,47,23,57,45,29,33,21,50,46,55,58,52,44,21,47
297,65,46,46,28,56,47,42,58,27,46,34,36,27,38,14,37,26,54,42,26,41,24,40,57,53,52,50,51,20,48
298,69,51,38,27,55,48,44,56,36,40,34,42,24,36,22,47,20,52,48,23,43,21,41,53,53,47,47,42,26,46
299,63,48,37,34,52,42,41,53,37,33,41,38,31,38,20,44,30,56,43,20,44,22,48,49,55,45,51,54,18,44
300,63,43,35,30,41,49,48,56,43,35,38,36,18,44,19,53,21,51,45,24,46,26,42,54,58,51,48,42,25,47
301,60,46,39,26,47,54,41,51,44,48,34,28,27,39,18,45,31,50,37,26,45,24,49,54,49,48,52,51,21,47
302,62,40,32,41,41,53,37,54,34,32,37,36,21,50,31,47,32,56,44,22,38,27,46,52,51,52,50,47,22,44
303,66,47,28,30,48,43,43,55,40,35,29,39,23,42,9,42,27,53,50,32,33,30,44,50,60,60,57,41,29,46
304,72,44,29,22,63,39,40,57,46,41,36,35,24,42,18,39,23,54,42,30,40,16,47,53,53,54,54,43,28,47
305,63,32,34,30,54,46,48,55,44,31,37,30,24,53,19,39,23,54,49,32,42,26,37,53,53,55,54,45,18,51
306,64,47,40,25,46,48,43,50,40,37,40,35,32,47,19,44,35,55,43,21,44,17,40,61,47,54,49,39,21,48
307,69,46,36,28,49,49,44,51,28,40,31,36,22,43,17,48,23,57,49,17,46,22,52,50,56,57,49,46,27,43
308,66,49,34,29,52,42,34,57,30,40,33,46,23,44,22,44,24,53,42,25,38,21,36,61,59,54,51,42,33,47
309,60,47,30,31,51,52,35,50,35,47,37,33,25,42,26,45,22,54,41,18,47,21,44,54,55,57,47,50,23,52
310,62,45,33,30,48,47,40,50,37,41,49,43,26,51,23,36,20,53,41,24,41,26,50,48,52,49,55,41,21,49
311,64,50,36,30,52,48,43,49,37,41,32,34,26,46,18,43,29,52,38,30,38,26,43,55,61,54,45,46,18,47
312,64,44,29,23,55,43,43,45,36,41,37,41,27,42,24,45,30,56,46,24,50,22,41,54,52,60,45,46,20,46
313,65,51,34,35,42,40,43,57,23,41,37,32,22,48,21,49,35,60,44,23,40,20,44,50,56,51,43,47,28,50
314,62,48,36,35,42,45,49,54,36,38,34,46,30,49,10,48,22,55,45,23,40,25,42,50,45,50,47,46,24,55
315,62,43,39,29,45,47,45,59,33,38,39,35,22,46,24,42,26,51,48,27,35,31,44,50,57,57,48,41,23,45
316,62,48,31,37,44,50,46,57,33,40,31,40,21,46,21,47,27,45,45,19,37,24,46,55,56,52,46,51,23,51
317,65,50,43,25,43,50,44,56,44,40,35,31,25,36,23,48,24,50,48,21,38,25,45,45,63,50,53,45,20,46
318,63,51,35,25,50,49,40,47,38,34,40,32,24,40,15,49,31,54,47,29,42,18,50,59,47,57,40,51,26,48
319,58,43,32,34,55,41,41,57,34,33,33,35,25,47,15,43,28,61,46,24,49,26,49,51,47,56,52,40,29,47
320,62,48,29,35,48,46,44,49,30,43,38,36,25,39,25,41,29,52,49,27,48,24,42,49,52,49,52,47,20,53
321,66,52,36,34,50,45,44,56,27,46,35,35,26,39,20,40,25,42,47,28,41,25,46,60,51,52,44,46,25,48
322,66,50,36,35,56,40,38,56,31,29,40,35,29,45,17,56,21,53,43,29,34,20,49,55,50,46,48,52,21,51
323,65,45,30,28,45,47,49,55,40,37,40,43,28,49,23,45,27,55,45,29,45,21,29,52,50,55,52,36,18,48
324,66,48,25,27,55,41,42,45,49,43,31,38,27,43,20,36,22,56,47,26,47,29,35,47,54,58,48,45,28,53
325,65,46,30,25,53,51,44,47,41,46,28,36,24,44,24,37,19,61,42,24,47,24,49,52,59,45,52,45,26,45
326,67,46,34,28,43,53,44,48,31,30,46,36,26,51,24,49,30,55,45,24,42,25,49,48,54,53,49,41,18,42
327,61,46,30,31,49,45,39,54,31,51,31,33,30,40,29,41,27,56,37,21,47,27,48,57,53,54,50,49,20,44
328,62,58,40,38,46,43,31,51,43,30,39,49,26,44,17,46,28,49,43,21,43,26,36,54,54,50,48,44,23,49
329,59,49,41,27,48,52,52,59,35,41,36,37,25,39,24,41,24,52,40,13,42,24,38,53,57,55,51,44,26,47
330,66,50,27,29,53,50,38,57,31,37,28,44,34,38,22,41,25,50,56,26,41,26,44,53,41,52,52,48,21,51
331,68,43,33,32,37,50,44,55,39,38,39,41,21,39,18,42,29,50,42,22,40,33,53,58,54,55,48,40,21,47
332,68,42,32,22,52,48,36,56,36,38,37,42,31,39,18,52,23,57,43,25,44,19,46,51,57,48,46,53,25,45
333,65,42,29,24,55,49,42,51,39,35,33,28,26,44,19,41,30,52,41,28,44,24,44,47,56,54,57,51,26,55
334,61,50,32,27,51,52,40,57,29,37,41,35,24,51,14,51,24,48,40,21,42,27,43,45,55,57,51,43,26,57
335,71,40,34,37,45,48,51,56,27,36,36,45,21,41,22,49,26,51,30,24,44,24,41,55,54,56,47,42,23,55
336,56,39,32,23,47,49,49,58,30,36,39,47,25,48,25,42,31,54,44,26,32,21,43,54,55,53,45,47,25,56
337,66,41,34,28,47,41,44,52,39,43,32,35,36,46,23,49,26,63,46,19,39,23,40,46,49,56,46,54,20,48
338,71,47,32,26,49,47,43,55,40,37,36,34,20,45,26,41,26,49,44,26,36,25,40,51,58,57,54,42,21,53
339,64,49,30,28,51,52,43,57,41,37,27,41,23,42,24,38,27,49,48,27,42,29,42,56,53,46,50,44,23,48
340,59,44,30,28,43,54,40,53,36,38,41,32,21,43,17,49,38,60,46,27,41,24,37,53,55,56,48,52,19,47
341,71,48,37,28,50,44,48,55,40,33,33,38,25,45,23,40,20,63,29,17,52,29,43,50,55,52,51,38,26,48
342,64,44,34,26,44,42,45,55,45,46,27,41,21,49,32,53,29,44,38,18,37,22,47,48,59,48,53,44,22,54
343,67,47,29,34,47,41,38,48,40,39,38,36,22,44,26,48,24,55,41,27,45,36,45,53,49,39,47,50,25,51
344,66,45,27,34,52,53,44,55,29,42,35,38,26,41,19,44,36,58,41,23,46,28,38,51,55,51,43,50,15,46
345,66,34,40,30,50,48,46,56,34,42,40,36,29,48,13,48,27,51,52,23,38,17,41,49,60,51,53,39,20,50
346,65,43,33,31,42,41,44,51,43,34,33,40,26,46,27,42,23,57,55,25,40,23,43,53,51,55,54,45,20,46
347,60,40,31,22,50,47,39,55,43,53,35,34,32,53,25,45,28,51,46,19,40,19,34,53,50,52,48,50,29,48
348,65,47,28,36,56,44,44,51,35,45,34,38,26,34,26,46,23,54,44,22,48,25,49,55,52,44,55,48,17,40
349,70,48,31,29,50,44,40,51,29,35,44,36,23,42,23,44,26,49,46,26,42,22,43,52,56,57,49,48,25,51
350,61,56,33,40,51,41,29,57,31,44,38,40,25,40,18,43,34,51,41,22,41,24,41,49,53,54,49,45,26,54
351,65,38,28,27,51,44,42,59,33,48,38,42,25,33,29,40,23,52,43,18,46,23,40,51,65,57,48,55,25,43
352,60,44,33,29,52,44,45,53,37,39,43,43,20,39,22,50,26,53,41,26,45,21,48,50,51,56,49,42,26,44
353,61,49,39,28,50,40,53,48,38,37,37,38,19,43,26,41,17,53,48,30,39,21,49,52,52,51,45,47,25,55
354,63,51,39,23,53,41,45,51,40,34,36,36,21,41,21,51,28,49,43,28,39,20,39,52,56,55,49,51,30,46
355,65,62,39,28,41,42,42,57,39,34,39,28,24,40,26,46,29,50,48,27,42,18,40,47,54,51,54,51,20,48
356,63,44,36,28,51,44,42,57,46,39,36,33,21,38,27,45,32,57,47,26,39,18,40,53,48,45,52,49,25,50
357,65,54,29,25,51,42,44,51,29,42,38,41,30,40,20,43,24,43,39,26,44,30,36,50,56,60,54,53,22,50
358,65,46,37,31,46,47,37,56,42,47,37,30,26,36,18,40,28,56,50,26,40,23,42,54,53,61,49,44,22,42
359,66,45,25,27,45,48,48,61,33,47,34,48,22,46,23,43,20,52,45,24,32,20,52,49,56,49,45,38,38,50
360,69,37,34,29,43,54,42,51,48,41,39,38,21,47,14,49,26,55,41,18,40,22,36,53,53,59,53,49,22,48
361,62,39,44,34,51,41,37,56,46,39,40,46,27,40,19,41,30,53,43,22,39,26,37,61,50,55,51,50,16,36
362,65,43,35,25,49,45,36,56,31,37,39,43,24,36,20,49,24,54,48,24,50,19,52,55,57,59,45,50,22,39
363,69,46,21,25,48,53,38,47,31,33,40,44,23,43,24,45,23,53,42,28,42,33,45,47,58,60,50,50,17,53
364,62,55,37,30,38,43,47,52,38,46,32,33,22,45,19,48,21,63,49,29,43,19,42,48,53,59,49,50,19,40
365,66,43,28,27,46,46,49,47,32,36,28,39,24,47,20,44,32,63,54,25,41,18,48,54,53,50,51,42,25,53
366,61,45,41,30,50,45,43,54,34,39,35,33,22,39,23,49,23,53,40,30,43,18,46,52,53,63,51,47,20,49
367,63,45,28,27,48,42,30,48,44,51,36,43,24,44,20,45,21,60,38,29,46,26,46,53,58,50,47,48,24,47
368,68,44,35,34,43,47,39,50,40,35,46,39,21,35,23,42,26,59,48,28,37,18,45,56,50,46,53,41,32,51
369,61,46,33,36,50,44,49,51,33,38,39,37,28,39,21,47,32,54,47,22,41,26,45,53,54,42,51,50,24,38
370,67,42,39,36,48,53,35,52,39,34,36,41,24,40,21,44,30,49,41,29,47,23,47,53,53,54,43,42,23,46
371,59,42,30,29,48,45,45,59,32,37,38,42,24,44,28,41,25,58,42,25,37,25,42,58,55,53,51,41,26,50
372,69,42,34,28,47,47,41,47,41,40,36,35,21,45,26,47,27,53,40,18,38,28,41,58,55,58,54,48,20,47
373,65,52,34,21,43,42,43,59,32,46,38,42,23,47,22,37,27,53,44,21,42,20,41,51,54,52,51,47,29,53
374,68,45,36,32,51,51,46,59,28,43,36,42,26,38,21,46,30,55,37,24,42,19,36,49,51,60,46,39,30,45
375,69,48,36,31,44,51,41,58,40,36,32,36,26,32,16,43,26,51,47,22,35,25,50,53,53,56,49,46,27,52
376,66,53,36,30,41,38,40,61,39,42,38,31,27,39,17,41,25,55,48,23,37,26,48,48,56,50,55,52,17,52
377,67,43,34,36,46,48,46,51,36,34,37,35,28,46,15,48,29,56,43,29,39,20,46,54,51,54,47,39,26,48
378,70,44,39,30,55,43,35,54,29,41,35,38,30,46,21,44,26,51,41,26,44,24,49,57,48,55,41,49,25,41
379,69,44,31,32,44,51,44,47,29,27,44,31,26,53,28,47,23,52,41,32,47,19,45,58,51,50,46,45,26,49
380,64,52,37,41,52,56,40,55,30,31,35,36,23,43,13,45,19,57,45,26,36,27,43,53,54,54,50,44,21,49
381,55,42,32,30,50,49,53,60,34,41,33,36,30,47,19,38,33,54,38,23,45,26,52,49,47,53,46,46,22,48
382,64,52,28,26,50,45,38,49,33,41,34,35,35,39,16,48,33,57,42,32,42,18,44,47,52,58,50,47,24,52
383,63,48,20,25,48,45,39,52,35,44,47,45,32,45,22,44,21,51,50,24,34,23,50,47,62,51,57,45,25,37
384,56,50,31,27,43,46,37,48,38,40,38,41,27,36,18,45,30,56,44,29,40,30,41,50,59,55,53,53,20,50
385,61,49,32,35,44,42,48,48,32,35,31,42,36,48,16,43,30,40,38,32,39,27,49,57,52,54,51,42,20,58
386,58,47,33,33,45,47,46,61,28,36,32,43,35,56,17,43,24,56,42,27,45,22,43,51,49,48,48,50,22,44
387,65,51,37,33,48,52,34,58,37,42,37,45,25,45,19,41,25,56,40,21,38,22,46,47,45,55,47,51,19,50
388,65,43,44,26,46,41,44,54,42,37,36,41,23,44,23,55,27,57,41,28,41,30,42,49,50,47,46,42,22,45
389,65,43,35,30,48,49,45,57,32,35,48,42,29,47,24,42,19,58,45,27,37,24,42,48,44,59,48,43,16,50
390,66,43,42,31,47,42,42,48,43,39,30,42,20,43,25,48,22,57,37,23,42,27,50,52,50,56,49,45,23,47
391,63,50,25,26,50,51,41,60,30,35,47,43,23,40,19,38,26,56,42,24,46,20,39,59,61,56,42,51,18,50
392,64,53,26,28,50,50,46,48,42,42,34,35,24,46,17,42,34,57,44,24,38,21,52,57,46,54,46,42,26,43
393,71,47,37,27,46,50,44,52,32,43,30,33,28,38,19,47,34,54,47,21,40,20,51,61,48,51,49,43,21,47
394,64,49,44,30,51,47,38,54,45,39,37,32,27,41,26,42,27,50,47,17,36,27,35,50,52,57,45,55,22,45
395,58,39,39,33,46,51,37,54,32,42,42,41,28,45,17,44,27,64,35,22,46,19,40,49,51,61,52,49,20,48
396,65,47,22,23,56,51,35,55,43,36,42,35,25,51,25,44,18,54,45,26,37,27,47,53,53,51,54,46,21,44
397,69,48,34,26,49,51,40,53,41,41,35,29,26,35,23,37,28,47,41,36,42,27,44,54,57,59,44,39,20,56
398,60,51,40,31,44,50,39,63,34,36,41,36,21,37,25,52,33,39,42,20,41,19,50,49,52,52,47,45,30,52
399,63,46,33,28,54,43,42,53,33,37,43,44,26,45,36,45,25,54,50,22,37,20,40,52,45,55,49,43,20,48
400,67,51,31,34,41,48,46,53,44,33,37,30,25,46,24,46,29,48,41,30,38,28,45,46,55,58,42,49,16,50
401,64,43,36,26,46,45,40,58,36,33,39,34,28,44,19,43,23,58,45,21,51,17,54,53,49,55,50,50,24,47
402,71,44,39,21,48,47,45,55,32,35,35,34,22,42,19,39,24,56,54,26,48,27,42,59,52,55,43,47,20,50
403,60,38,28,26,51,41,50,58,35,37,46,34,26,41,19,46,23,51,42,26,43,19,41,50,54,60,50,56,25,55
404,66,45,22,25,54,47,37,61,42,35,38,30,29,42,17,40,29,51,49,23,39,26,46,52,52,53,56,50,26,49
405,55,45,28,30,52,54,47,53,45,37,32,34,21,44,15,50,36,54,37,26,40,21,48,46,54,54,47,48,24,54
406,68,46,39,23,48,50,40,50,29,37,31,39,22,55,23,42,23,53,42,28,44,20,42,53,51,57,51,55,28,42
407,63,51,23,26,49,41,42,55,44,44,43,29,28,43,28,40,25,57,46,20,42,32,35,49,55,59,48,51,21,42
408,66,52,40,33,46,53,50,47,30,39,43,38,24,40,20,50,18,50,45,21,34,24,41,58,54,53,47,48,24,43
409,60,46,34,29,45,52,40,53,30,43,40,35,23,51,26,46,21,46,40,26,46,24,36,55,57,57,41,50,20,59
410,69,42,34,34,55,46,37,58,38,37,26,42,29,42,17,42,21,56,45,19,39,20,47,44,56,52,56,51,26,51
411,53,50,34,30,53,48,41,52,43,32,32,38,23,40,20,45,27,49,40,23,45,23,48,59,54,57,43,55,25,49
412,69,47,33,27,49,41,41,55,29,47,36,39,33,39,19,46,21,56,46,24,37,14,54,47,53,54,48,47,33,47
413,62,45,36,26,46,44,32,52,41,40,41,41,23,44,18,47,27,55,46,33,34,19,48,60,48,56,42,52,22,51
414,64,40,28,26,48,45,48,49,40,43,41,42,22,48,19,45,22,54,52,28,43,18,42,46,48,51,54,47,25,53
415,67,56,41,32,46,40,44,50,38,40,43,34,28,34,26,51,23,48,38,24,44,19,36,59,52,56,44,46,26,46
416,67,43,36,42,44,39,46,53,41,39,40,28,28,37,15,40,27,53,44,30,48,26,38,49,53,58,45,49,23,50
417,69,48,30,28,49,44,40,53,28,42,33,38,28,45,29,47,28,59,45,29,40,19,42,51,54,44,50,46,26,47
418,66,50,36,37,35,49,43,49,33,40,45,39,24,50,22,41,28,55,41,27,38,22,51,53,52,46,51,41,19,48
419,67,52,29,23,50,47,42,52,26,42,39,44,28,46,17,49,29,59,49,19,44,19,43,47,52,57,47,47,28,38
420,65,58,34,28,53,37,48,47,34,44,39,33,29,44,24,45,25,50,43,20,40,21,55,41,54,55,48,52,20,45
421,66,47,33,35,45,45,51,58,32,31,40,34,27,49,23,37,37,56,37,21,43,21,41,51,61,51,45,49,19,46
422,72,48,29,37,46,46,49,50,41,44,42,40,18,42,19,43,23,52,50,29,39,24,41,47,48,49,41,45,24,53
423,63,50,33,27,45,37,44,61,43,45,37,29,28,34,26,45,35,54,40,26,45,22,41,50,55,50,49,47,21,49
424,62,46,41,29,49,42,35,55,44,41,36,35,26,42,24,50,25,48,45,23,49,20,47,52,52,57,43,50,19,44
425,62,46,31,25,49,42,42,42,34,40,37,37,32,45,13,34,36,52,45,21,43,33,53,58,57,56,53,45,20,48
426,63,45,28,32,57,46,40,53,39,37,28,36,25,38,26,46,21,58,44,22,43,23,52,55,54,49,48,44,23,56
427,61,49,39,22,47,42,44,55,29,46,36,36,27,41,19,47,33,57,48,32,48,21,39,54,52,43,53,44,24,43
428,64,40,36,29,48,48,46,50,43,47,37,32,21,45,24,44,28,40,46,20,46,30,45,54,57,46,47,48,24,46
429,63,40,34,35,45,55,39,55,33,36,37,40,23,48,22,46,27,57,42,19,38,22,48,50,56,58,46,38,26,53
430,60,50,32,34,53,48,42,55,33,42,33,42,24,34,21,48,26,53,43,33,37,25,49,41,49,57,40,49,22,56
431,72,50,32,23,48,43,45,53,43,45,40,30,30,36,18,44,28,55,41,20,49,25,44,47,44,57,51,48,25,45
432,70,49,36,35,50,36,45,56,36,40,33,45,25,35,21,36,31,57,47,21,37,21,32,55,52,55,53,47,26,49
433,67,45,32,29,44,48,42,58,34,39,43,43,23,40,17,45,31,57,47,23,42,22,36,52,49,47,53,48,23,52
434,63,48,35,23,52,45,32,48,39,42,40,42,31,38,19,42,28,49,40,28,43,20,44,61,52,59,43,46,32,47
435,62,40,30,32,41,47,41,53,37,43,31,35,29,52,13,46,28,54,46,19,37,35,43,58,52,50,49,50,28,50
436,65,45,34,22,47,37,41,56,27,38,45,37,25,44,21,54,32,58,53,18,45,23,41,51,53,53,48,52,19,47
437,62,48,36,22,42,40,41,56,38,42,46,35,28,51,19,47,25,57,38,20,44,22,35,48,58,55,41,52,24,59
438,71,46,33,27,40,42,46,50,39,40,46,36,24,49,12,44,30,57,48,22,51,30,42,43,46,49,49,46,21,52
439,64,47,40,36,53,45,39,48,29,47,25,39,30,41,25,47,28,53,47,26,49,26,38,53,45,52,43,45,21,50
440,71,51,40,28,45,49,42,62,32,40,34,34,35,43,19,32,23,51,43,27,43,19,45,48,49,56,50,50,23,47
441,63,51,34,37,44,45,38,60,34,39,37,45,21,42,25,45,23,51,43,23,49,22,44,48,50,56,43,48,19,52
442,59,50,26,36,51,50,48,57,32,41,45,35,24,46,25,52,28,54,35,21,35,21,47,43,47,50,45,50,26,52
443,62,41,37,32,53,52,38,59,36,42,36,26,22,35,19,45,28,54,50,26,43,16,55,60,52,50,45,49,25,43
444,65,51,38,24,50,47,38,55,33,38,32,39,32,50,20,50,21,55,42,25,43,20,43,54,49,55,48,45,22,47
445,62,42,34,25,40,53,47,55,31,42,31,41,23,43,20,44,22,61,44,24,49,16,52,58,46,49,53,50,26,48
446,54,37,38,32,49,53,37,58,33,39,45,48,21,44,25,47,25,54,43,21,39,25,40,53,47,56,51,49,28,40
447,64,47,27,33,46,52,42,52,40,37,25,29,19,54,28,47,35,53,36,32,47,23,45,52,53,49,45,46,20,53
448,65,53,32,35,53,49,41,42,38,36,39,33,37,47,19,37,25,56,43,22,44,30,54,43,52,51,39,51,22,43
449,64,41,32,29,51,49,39,56,42,51,35,42,43,39,23,42,29,47,39,25,45,14,34,50,54,51,41,50,23,51
450,64,42,30,31,49,49,45,52,35,42,37,43,26,45,22,40,22,54,45,21,35,28,48,52,50,57,49,47,23,48
451,63,52,33,24,53,49,48,58,34,47,41,25,27,36,23,47,23,61,36,26,39,18,43,59,53,56,44,48,15,50
452,60,42,33,37,56,47,41,53,32,37,37,43,32,38,16,40,26,53,41,23,47,24,44,50,48,59,58,44,26,44
453,64,47,39,28,55,47,47,54,37,42,32,32,25,42,18,51,27,57,45,22,36,25,44,52,49,52,48,47,27,40
454,62,48,29,40,47,43,43,57,37,42,40,35,24,51,18,45,18,54,41,25,37,28,43,47,58,47,51,42,27,52
455,60,55,29,30,45,42,37,56,37,44,39,34,21,40,31,42,24,59,46,20,31,17,48,57,60,55,48,47,29,48
456,61,49,32,28,56,49,41,58,32,32,44,31,19,45,23,43,18,52,48,22,45,25,51,57,52,46,54,44,21,53
457,61,47,30,27,48,48,41,58,44,46,41,38,26,44,12,45,25,55,36,26,40,23,45,47,57,59,50,45,17,50
458,66,50,38,28,43,54,42,50,35,47,24,36,24,44,23,46,24,52,40,28,49,19,51,54,50,45,47,48,27,47
459,65,56,36,28,49,49,47,50,33,37,34,31,26,45,25,43,25,52,41,22,38,28,44,46,59,56,43,42,30,51
460,63,47,26,36,48,45,39,51,44,40,45,29,26,43,28,44,26,52,41,19,44,20,43,58,55,56,48,37,32,46
461,66,54,33,34,42,45,37,48,30,40,36,40,27,38,20,41,25,50,42,29,44,28,46,49,54,52,45,52,27,57
462,67,47,35,31,53,55,42,56,42,30,40,29,26,36,19,49,35,51,39,25,46,18,42,50,55,50,48,53,20,42
463,63,53,28,32,51,46,41,48,37,47,33,43,34,40,22,50,32,53,46,18,41,22,39,51,55,52,48,49,19,38
464,61,50,38,26,53,39,41,56,41,40,41,32,23,41,16,45,26,49,46,23,44,19,37,57,54,52,50,48,30,53
465,67,38,27,28,54,55,42,60,36,47,39,35,24,44,20,50,22,51,42,26,38,23,35,57,50,54,44,49,22,52
466,63,51,30,27,53,45,41,58,27,52,33,37,30,40,33,37,24,55,41,26,47,19,37,56,58,54,42,46,28,41
467,65,37,38,33,49,48,35,57,37,47,27,34,30,38,19,46,27,51,35,29,44,23,51,47,55,56,52,49,22,50
468,68,50,35,18,49,46,45,54,44,42,37,40,24,46,22,43,25,48,42,27,44,17,46,50,61,53,53,42,15,45
469,64,54,39,24,48,52,37,55,34,41,43,46,22,52,20,45,23,51,46,19,37,21,43,49,52,58,48,45,18,45
470,66,45,22,35,56,45,38,53,33,42,39,32,25,36,23,50,20,53,48,19,43,23,40,63,57,50,51,53,27,44
471,63,46,33,18,47,54,47,54,38,41,36,31,26,40,32,48,26,54,43,24,41,23,46,62,47,53,45,47,18,48
472,63,49,37,31,45,51,44,58,39,48,42,38,17,54,20,40,20,48,36,33,42,20,37,54,44,45,44,50,26,56
473,64,43,34,26,48,49,34,50,33,47,42,41,28,50,21,47,28,57,45,24,47,23,38,49,53,59,51,38,17,45
474,68,48,39,26,49,46,39,55,28,40,35,50,37,38,17,44,27,48,50,24,43,28,43,36,59,46,49,37,30,52
475,59,50,39,29,48,46,46,52,43,40,33,41,20,50,22,44,25,58,43,20,45,21,39,50,55,53,48,43,22,47
476,63,55,23,31,52,43,47,51,42,38,34,37,23,36,21,41,26,60,48,25,42,17,44,52,51,54,50,46,23,56
477,68,49,35,31,46,45,38,45,45,39,35,41,24,47,17,46,29,50,45,20,44,33,45,55,47,52,43,38,23,56
478,64,44,40,21,56,45,37,57,33,42,36,34,23,42,19,47,24,46,39,27,38,27,47,50,54,59,47,57,21,55
479,64,43,29,31,55,47,44,59,31,48,39,34,23,36,27,42,23,51,42,26,45,21,41,52,58,49,51,42,22,56
480,64,45,26,23,48,49,40,53,38,51,31,42,24,51,32,44,17,51,43,32,30,23,41,54,52,52,53,47,26,49
481,67,44,38,32,46,50,47,54,41,44,35,33,20,46,28,46,29,54,42,24,39,21,49,51,53,54,39,40,21,44
482,61,40,36,30,47,50,53,56,40,47,38,40,25,38,25,47,34,58,40,19,38,25,51,47,52,50,50,36,20,38
483,63,36,30,26,54,51,43,57,48,34,40,35,22,45,28,50,27,50,43,26,33,24,37,53,58,50,48,48,23,49
484,60,34,32,29,46,47,50,55,38,40,45,44,25,47,26,46,26,50,35,19,39,23,41,51,54,53,54,47,22,53
485,67,48,33,45,47,46,45,49,42,33,38,35,21,40,13,44,33,51,36,25,33,33,47,55,54,53,40,44,24,57
486,65,45,34,33,43,47,35,51,29,34,29,34,24,48,18,41,37,62,48,27,43,20,42,54,50,57,53,47,36,45
487,60,45,45,23,57,59,45,57,29,38,36,40,19,33,24,40,40,51,48,24,42,20,44,42,46,54,47,55,21,47
488,63,50,35,23,48,38,42,52,35,43,35,40,36,47,12,33,27,54,39,21,43,27,45,52,62,58,46,52,22,51
489,57,56,33,30,49,41,42,52,35,49,27,35,26,41,20,48,29,51,46,30,47,25,48,52,51,55,49,40,23,44
490,62,43,31,28,48,49,41,66,29,41,41,44,27,39,19,40,36,52,44,26,43,20,31,52,52,59,50,45,21,52
491,59,51,26,29,50,44,44,50,41,42,42,32,23,38,22,52,31,54,45,23,29,19,46,55,59,49,57,46,23,50
492,66,48,33,33,49,41,46,55,38,39,29,36,24,44,23,48,29,53,41,23,41,24,42,55,49,56,46,46,25,49
493,62,56,24,23,47,43,39,51,37,40,35,39,28,45,17,49,27,48,51,20,39,29,49,55,54,46,48,54,23,53
494,66,42,37,30,50,42,47,53,40,42,31,26,22,39,22,51,24,49,41,28,41,24,51,60,60,55,45,43,23,47
495,64,48,30,30,51,49,37,61,34,36,37,38,24,48,16,46,25,52,47,27,34,19,48,54,47,57,45,54,20,53
496,62,45,32,26,42,51,45,52,41,45,39,36,21,44,22,38,25,53,39,29,44,30,44,51,51,55,51,49,21,48
497,68,38,38,34,49,52,46,60,27,37,39,39,23,48,16,51,35,51,44,19,40,23,42,52,50,53,47,49,23,38
498,64,44,32,30,43,43,53,52,33,33,36,36,20,42,22,48,29,52,45,22,37,31,50,56,52,50,40,43,40,53
499,66,38,30,27,45,45,44,54,37,30,37,42,32,49,22,45,33,55,40,21,35,24,41,52,55,51,50,50,25,56
500,63,50,30,32,46,49,43,49,36,40,36,41,24,42,19,45,25,66,48,16,33,28,44,55,47,53,55,51,24,41
501,59,54,25,28,46,47,47,54,44,42,44,41,26,49,19,36,28,48,47,22,38,21,36,56,56,57,47,38,32,44
502,67,50,29,35,45,49,50,57,39,40,33,35,26,36,23,37,24,57,47,27,45,21,36,49,54,50,45,46,28,51
503,64,55,24,30,50,45,45,57,32,39,38,38,25,37,28,44,23,55,46,28,43,17,43,53,54,58,40,45,24,51
504,67,46,35,29,40,39,45,50,46,47,40,42,27,42,23,35,32,48,36,22,46,26,46,43,55,51,49,47,24,53
505,67,45,39,23,48,43,49,59,40,33,43,23,21,40,33,40,35,62,38,21,31,27,34,52,57,54,51,46,22,55
506,65,48,33,27,51,53,45,50,28,42,29,36,22,36,22,46,32,56,39,24,48,21,47,56,51,51,52,48,26,47
507,65,51,32,26,57,41,41,57,35,35,41,32,30,50,17,45,17,47,46,26,37,33,45,57,45,54,47,52,17,53
508,66,49,37,27,45,49,38,54,29,46,39,40,22,45,28,40,21,55,45,29,34,20,44,53,52,53,43,53,27,48
509,65,42,36,28,51,44,48,59,34,42,35,30,29,50,20,46,20,56,44,23,43,25,48,51,50,50,48,46,24,44
510,65,48,34,37,41,39,52,60,34,33,34,37,22,41,29,40,21,62,40,23,46,31,38,52,48,57,45,47,24,51
511,66,46,34,21,52,47,45,52,28,44,32,44,22,48,20,47,23,58,37,22,43,24,49,50,49,56,50,49,22,51
512,61,48,29,31,56,41,44,44,44,42,40,41,21,42,25,49,20,53,39,25,44,32,45,48,57,53,44,39,23,51
513,63,48,28,30,46,53,49,57,34,39,33,36,22,40,17,51,32,53,41,21,44,29,43,53,52,51,45,49,28,44
514,65,57,36,29,48,43,36,58,35,39,34,36,31,42,13,40,28,61,46,23,43,23,40,55,49,53,46,54,22,46
515,53,48,31,34,60,46,35,54,41,32,40,37,33,41,16,35,33,57,48,27,39,18,44,54,53,57,48,47,19,51
516,66,50,35,29,49,45,40,51,42,39,25,45,24,39,21,40,29,54,44,22,51,21,41,54,60,55,49,47,22,42
517,64,39,29,36,50,46,49,53,37,39,48,34,19,40,27,39,17,51,42,18,46,28,51,60,61,45,45,52,21,45
518,67,41,33,30,53,38,45,49,38,36,37,40,27,44,19,42,31,55,43,28,38,35,40,57,49,50,51,51,21,43
519,60,53,30,31,47,44,47,56,44,44,34,33,32,47,23,48,30,47,39,23,46,21,37,47,52,47,52,45,21,51
520,66,43,35,28,46,41,48,56,38,49,38,41,29,50,13,38,20,52,47,26,41,26,40,49,48,54,50,48,17,54
521,67,45,36,24,43,45,45,52,35,44,36,39,24,49,21,44,33,51,36,21,43,33,52,51,48,52,50,42,18,52
522,63,44,32,25,54,52,47,56,31,43,38,40,18,31,18,45,32,52,50,25,46,22,48,51,55,54,43,47,30,39
523,65,49,33,30,58,47,37,59,34,41,41,34,18,38,22,46,26,57,40,21,40,29,44,52,41,60,44,50,22,53
524,58,42,41,34,48,54,34,46,35,32,41,38,18,37,22,43,34,58,39,22,37,39,50,51,55,60,49,41,32,41
525,65,40,35,20,43,43,52,54,36,47,34,30,23,43,23,49,36,57,40,21,46,21,47,51,56,51,47,49,24,48
526,64,49,37,29,53,50,38,57,39,39,40,34,19,37,20,42,30,45,51,17,37,27,44,48,52,58,52,50,24,49
527,59,48,33,29,49,43,38,43,45,39,42,37,29,51,20,46,28,58,54,25,42,18,30,56,55,52,47,48,26,41
528,60,46,35,36,48,46,47,49,38,41,43,36,29,45,24,41,28,54,48,17,36,18,38,55,51,56,58,45,23,40
529,68,53,30,26,41,42,50,49,38,37,35,32,25,44,31,52,34,48,42,22,40,16,45,55,51,52,51,55,23,44
530,69,45,30,28,44,39,45,53,30,40,38,37,24,41,17,43,31,56,45,22,31,25,35,61,55,55,57,51,30,54
531,63,46,37,30,48,46,42,59,34,46,30,43,26,44,29,54,21,50,41,27,45,18,46,53,54,55,42,39,22,41
532,67,57,38,30,46,51,41,52,26,43,36,33,27,43,17,42,25,58,52,28,37,18,44,52,53,47,56,50,24,38
533,68,38,31,29,53,45,42,52,40,42,29,35,31,40,20,44,25,53,52,22,45,27,40,49,60,56,48,51,22,42
534,66,50,29,25,51,53,46,57,28,40,32,35,27,39,24,43,25,46,45,23,40,38,48,48,60,42,50,37,31,53
535,70,50,36,31,46,55,47,54,44,38,43,36,26,38,27,37,25,55,34,34,30,31,44,50,52,49,47,32,17,53
536,68,40,41,34,45,51,43,52,38,42,43,34,21,38,14,44,28,54,39,28,50,26,37,58,54,59,45,45,22,38
537,61,42,40,23,47,45,38,49,34,43,40,32,19,48,26,51,30,59,53,20,40,18,40,50,54,58,49,50,28,44
538,66,42,27,28,47,45,52,63,41,34,41,33,26,39,18,48,37,47,41,22,42,21,53,55,48,49,48,50,27,41
539,67,53,29,33,52,46,42,49,40,42,28,40,27,46,22,39,25,53,51,25,40,29,44,48,51,52,42,52,20,44
540,65,53,35,26,47,43,45,57,28,40,42,41,23,42,22,36,23,55,35,29,45,20,39,51,57,56,48,54,24,50
541,64,54,32,36,43,40,44,52,40,38,35,31,24,41,17,42,34,56,36,27,44,25,47,56,54,48,49,48,28,46
542,70,52,28,27,51,48,42,55,42,40,31,34,26,40,26,45,34,49,43,19,44,21,43,51,57,55,43,42,23,50
543,62,49,30,31,52,42,43,55,41,39,43,34,19,41,26,43,26,53,40,24,36,27,45,52,54,58,54,47,20,45
544,65,46,36,35,51,46,44,61,32,40,35,35,28,47,16,40,22,57,37,23,44,26,43,51,51,52,46,46,29,47
545,62,41,32,22,53,52,42,51,35,28,40,46,23,43,18,36,24,49,42,33,46,22,47,56,58,59,50,42,24,55
546,57,49,32,24,50,46,48,55,32,45,34,34,20,49,23,48,37,50,49,24,34,25,38,50,51,53,48,44,27,55
547,60,40,39,24,49,50,53,55,32,33,40,33,27,47,21,53,25,55,53,11,43,27,43,47,51,53,47,41,27,52
548,67,51,31,32,63,49,43,51,37,39,43,40,24,41,23,44,17,53,34,30,45,31,34,52,50,49,41,45,26,46
549,64,47,31,27,45,46,47,62,45,39,39,39,26,44,16,39,28,55,34,23,47,19,40,52,63,52,53,41,20,48
550,69,49,42,33,43,43,39,49,41,39,39,43,19,37,20,41,29,53,50,23,46,22,47,50,52,46,49,44,23,51
551,68,44,32,28,47,46,45,56,33,44,45,31,21,47,25,46,20,49,41,20,42,31,45,52,52,56,47,51,21,46
552,65,45,31,32,45,47,50,55,37,40,35,36,24,45,23,46,28,51,39,25,38,23,38,59,51,53,47,47,29,47
553,66,49,39,22,49,47,42,50,32,38,38,32,35,40,21,41,24,58,53,30,44,23,37,50,61,44,50,44,24,48
554,59,38,27,29,51,50,39,51,44,44,38,38,20,47,19,39,27,54,46,25,47,32,41,50,51,55,47,50,26,47
555,57,36,31,24,53,47,43,44,43,44,35,23,25,46,21,50,28,62,40,24,47,33,48,52,54,52,47,49,28,45
556,63,43,33,29,42,48,44,50,37,39,34,36,23,45,20,48,22,54,48,23,45,22,44,54,50,59,53,43,26,54
557,72,37,32,32,54,47,41,52,30,41,38,41,27,35,21,39,28,57,49,21,42,20,49,50,48,47,48,54,25,54
558,69,47,30,41,42,52,42,43,36,40,46,41,23,44,23,41,34,55,41,25,32,20,33,49,53,61,49,40,23,56
559,68,41,28,27,54,42,47,54,30,35,43,32,20,44,18,44,22,52,43,28,47,25,43,51,54,57,58,56,22,46
560,65,44,44,28,50,45,45,51,38,48,36,30,21,44,25,49,22,52,46,22,47,22,49,48,59,43,41,43,22,52
561,65,46,42,28,50,40,46,59,33,42,29,37,37,36,19,48,34,61,47,28,37,23,39,42,49,50,44,46,28,46
562,66,50,32,30,47,58,45,56,38,42,37,40,18,45,13,49,20,51,37,17,39,22,46,52,53,59,50,43,30,46
563,67,50,32,27,45,46,42,48,29,51,37,44,32,48,16,38,26,52,45,20,48,27,43,47,55,50,48,46,21,51
564,60,43,31,28,47,44,48,60,32,50,35,35,27,47,28,45,29,48,44,27,36,18,34,59,54,53,49,46,20,54
565,65,48,35,28,49,51,35,48,38,46,33,35,34,40,25,43,31,59,43,14,43,29,47,50,47,55,44,47,20,49
566,64,51,32,40,50,48,28,48,38,36,38,27,26,45,25,43,24,55,53,25,39,17,44,54,57,48,48,54,23,51
567,62,57,39,32,52,46,41,60,27,41,46,41,29,44,28,40,19,45,40,20,42,18,53,46,51,51,51,42,24,44
568,61,49,40,28,51,50,37,63,40,40,31,35,26,35,26,45,24,57,40,25,35,22,40,56,49,56,48,54,22,46
569,58,47,30,28,42,45,45,59,43,38,30,46,23,44,22,34,28,58,51,24,39,26,43,54,57,52,56,43,17,49
570,59,49,32,36,47,44,45,57,41,43,29,44,29,43,16,43,19,52,39,23,36,38,48,55,52,48,51,44,16,53
571,65,50,33,37,44,47,48,60,39,44,36,39,21,36,21,48,21,58,45,25,32,31,43,47,51,51,50,38,23,48
572,63,50,32,32,50,48,42,48,36,40,35,41,27,39,31,50,24,53,38,27,46,31,39,57,45,48,40,46,23,50
573,68,39,38,26,46,49,41,52,37,45,42,41,20,34,21,50,30,51,44,31,43,19,49,47,51,50,43,46,24,54
574,55,53,36,28,56,47,39,51,31,36,36,40,29,43,17,43,30,53,45,32,35,22,41,52,60,57,50,45,20,49
575,70,47,35,27,51,38,46,53,33,41,34,35,20,33,21,35,21,56,46,23,48,30,43,54,59,51,54,50,25,52
576,62,45,37,30,49,44,43,58,38,35,29,47,27,37,16,48,24,49,40,35,43,20,43,43,52,62,43,47,27,58
577,66,42,33,34,47,39,50,51,39,47,39,28,24,38,16,45,34,61,46,21,32,25,45,50,61,51,54,46,23,44
578,59,46,33,32,61,44,36,49,36,42,41,36,30,47,15,40,19,52,49,22,47,23,50,54,52,60,49,38,21,48
579,64,46,34,31,44,50,43,49,36,41,40,39,23,55,22,51,25,48,42,17,36,25,47,56,55,61,40,47,20,44
580,65,45,33,23,49,42,37,54,30,37,40,43,27,42,27,50,36,49,51,23,34,25,41,50,52,53,52,45,29,47
581,62,44,30,36,41,51,42,54,33,34,48,36,25,49,19,46,26,44,54,33,39,20,42,51,57,52,49,46,18,50
582,60,52,26,36,49,45,35,60,34,47,29,36,27,45,22,42,36,55,39,20,48,24,39,50,49,53,47,51,23,52
583,65,45,35,26,50,50,35,55,33,45,34,43,23,44,19,39,30,54,48,27,44,26,42,48,55,59,53,39,18,47
584,66,47,33,25,60,48,44,52,28,42,36,39,24,48,24,47,25,52,40,21,46,28,33,50,54,51,48,44,31,45
585,61,55,28,34,40,45,41,55,42,47,40,47,24,39,24,48,40,50,39,24,41,22,47,44,46,48,50,41,17,52
586,65,46,44,28,50,44,41,51,33,41,44,48,23,39,18,49,25,53,48,27,41,24,45,51,50,54,55,43,20,31
587,63,46,33,41,38,47,45,54,32,47,38,41,25,46,12,49,25,44,41,26,42,25,48,43,53,57,51,46,22,51
588,71,49,25,25,50,46,46,53,29,41,44,34,24,43,18,43,28,46,47,31,29,24,46,55,50,51,49,57,25,52
589,65,54,35,23,50,50,49,49,35,43,41,30,26,43,20,43,24,47,42,21,39,19,43,47,60,51,56,49,23,54
590,56,44,35,35,45,53,43,55,33,37,30,33,34,40,17,46,29,53,43,30,40,30,40,49,64,54,45,46,32,40
591,60,44,34,24,54,43,45,54,37,36,35,35,33,40,23,46,35,45,41,18,41,30,54,59,52,64,46,40,20,43
592,66,40,29,30,59,50,42,55,32,41,27,37,28,50,13,43,20,49,46,21,37,25,48,51,57,55,47,48,29,56
593,63,48,33,33,44,49,46,52,30,40,42,22,27,43,20,49,34,47,46,26,39,26,38,52,55,53,50,54,22,48
594,56,53,28,29,48,43,47,60,41,39,37,34,18,51,18,39,25,54,46,22,42,28,44,55,54,55,48,48,25,44
595,67,48,25,27,60,32,44,50,43,33,40,28,24,51,15,40,34,59,41,23,39,39,37,49,55,52,57,35,26,58
596,59,49,37,24,50,46,40,57,30,45,33,27,26,38,21,50,34,57,38,18,47,25,53,50,52,52,45,54,27,47
597,70,45,38,33,50,49,48,55,34,43,39,39,22,47,29,43,21,56,41,21,40,26,39,46,43,49,42,47,27,49
598,65,52,31,35,46,46,46,48,50,40,31,42,29,47,21,45,28,46,49,24,31,25,40,53,49,53,54,38,21,46
599,67,51,37,34,49,45,41,49,41,54,27,41,21,40,26,42,20,54,45,22,41,25,39,54,44,53,48,44,24,53
600,64,48,36,26,51,49,47,50,26,47,36,26,32,41,16,45,20,59,43,29,43,21,42,52,56,51,52,46,27,50
601,64,48,34,35,51,46,39,48,23,37,40,33,31,50,22,47,29,50,49,26,43,23,51,46,52,48,51,45,23,47
602,66,49,38,39,47,47,39,51,37,40,42,32,19,34,18,47,26,59,43,32,42,29,45,49,45,60,46,47,24,39
603,61,52,34,31,50,48,43,51,29,34,35,40,28,39,27,44,21,50,54,26,40,22,40,52,60,58,43,55,23,41
604,62,40,36,19,49,42,39,59,32,35,36,33,23,40,27,44,36,53,49,23,47,27,40,54,56,51,53,55,17,54
605,70,44,32,29,53,47,41,58,37,32,35,44,35,47,19,45,22,47,47,26,38,20,32,50,50,56,56,46,27,46
606,67,41,29,33,47,48,41,49,38,42,33,40,30,34,29,50,27,62,34,27,39,16,45,54,49,59,48,43,27,50
607,61,58,29,35,47,45,43,51,37,37,40,37,20,40,17,53,22,57,49,17,39,21,41,58,54,54,48,49,21,51
608,61,53,28,29,44,49,39,61,25,38,34,40,23,42,29,40,25,57,46,27,46,23,44,52,44,56,53,51,23,49
609,59,44,36,23,51,51,39,54,37,39,39,41,26,51,17,43,28,51,43,22,50,30,38,53,53,54,47,42,21,49
610,64,47,31,36,48,47,43,57,41,42,44,27,24,44,16,45,26,49,43,20,52,15,43,51,55,53,53,48,21,46
611,65,45,37,22,53,42,47,57,38,42,42,37,20,43,20,53,28,54,33,26,46,23,42,52,49,51,45,49,25,45
612,58,52,32,35,59,50,46,55,38,37,36,35,19,46,27,50,22,53,51,18,42,22,44,45,53,50,46,42,22,46
613,62,42,38,29,45,36,38,54,42,47,34,44,33,41,20,44,26,58,42,29,44,22,50,52,51,52,50,42,23,41
614,61,40,36,25,50,51,44,53,42,46,40,36,26,35,20,48,25,55,45,15,37,30,47,51,54,51,56,43,26,43
615,68,56,31,30,43,41,42,54,35,38,40,42,25,48,17,46,29,58,36,32,41,29,46,51,50,52,48,38,21,44
616,62,49,31,33,47,51,44,55,37,43,37,42,26,40,26,44,21,54,45,21,40,22,34,49,56,48,52,41,35,46
617,65,51,35,26,46,49,45,52,31,44,43,28,31,44,27,43,25,56,34,26,43,17,39,54,58,47,49,46,24,53
618,66,41,44,34,47,47,34,56,35,43,36,28,22,47,24,44,25,51,41,21,46,28,45,52,53,56,41,46,32,46
619,62,42,30,26,56,40,46,49,36,41,31,30,30,47,34,44,33,49,45,25,45,19,48,53,53,52,50,48,26,41
620,62,48,35,27,51,48,48,52,28,36,37,31,19,49,21,47,30,57,50,23,39,25,43,60,57,49,48,45,20,46
621,60,45,29,30,46,48,46,53,40,31,41,35,23,42,17,49,23,50,45,22,40,23,49,62,60,48,49,48,23,54
622,68,40,34,29,44,48,47,55,41,38,33,41,21,38,20,49,24,48,43,31,43,27,50,53,53,46,56,49,22,40
623,63,49,38,28,48,42,39,52,42,30,35,35,25,50,17,41,25,53,39,24,42,25,51,55,55,50,52,48,28,50
624,65,43,39,27,44,50,52,49,39,48,36,42,21,37,23,44,20,50,42,24,38,26,38,52,57,57,45,51,22,50
625,66,51,27,23,48,38,38,55,31,42,36,40,24,42,29,48,23,51,47,40,40,25,40,53,57,52,43,46,25,51
626,64,45,36,40,45,43,45,53,39,46,27,37,26,44,18,36,31,57,48,22,36,33,43,55,52,53,57,37,17,46
627,66,48,44,30,45,54,41,58,27,38,40,30,27,42,26,46,27,55,48,30,38,18,53,47,54,48,48,46,20,37
628,62,43,32,25,49,40,44,57,28,38,42,43,37,47,20,48,31,51,42,25,39,24,45,51,50,61,45,47,16,49
629,56,52,39,31,45,44,48,61,35,32,38,37,19,47,20,49,24,62,39,34,41,21,37,55,39,59,38,52,24,53
630,61,43,42,32,47,45,42,57,36,40,44,40,24,50,23,42,28,58,33,23,44,19,40,46,50,56,49,46,21,50
631,65,46,34,36,41,40,35,57,37,41,32,44,21,39,24,47,30,56,41,25,37,29,48,50,44,60,45,54,23,50
632,61,52,31,33,46,45,41,51,29,39,34,26,31,49,28,41,30,58,49,25,39,26,38,55,56,60,48,44,20,46
633,63,49,37,26,54,48,43,54,31,44,38,36,28,48,21,45,28,52,40,24,44,22,38,47,52,54,48,46,23,48
634,64,49,37,38,46,43,43,57,40,36,36,33,24,44,16,38,18,52,42,27,45,27,42,54,52,56,54,46,18,54
635,68,50,35,22,48,49,37,55,41,46,35,40,20,41,23,45,23,56,41,27,40,23,38,46,55,55,51,53,25,43
636,70,51,31,21,47,50,48,58,29,41,34,39,23,37,14,52,28,55,52,21,43,20,49,55,51,55,42,41,27,47
637,67,40,27,27,36,43,46,55,33,36,29,32,23,42,23,48,35,54,40,22,48,30,41,53,60,53,50,59,26,53
638,71,47,35,34,51,42,48,53,40,46,36,26,19,41,21,40,20,49,47,22,46,27,45,52,52,50,46,52,24,49
639,66,53,38,32,52,44,40,52,38,40,39,37,26,49,20,46,25,51,36,20,41,31,45,54,51,50,43,43,16,53
640,61,52,39,24,46,48,49,58,30,40,40,34,37,38,21,42,22,54,44,25,44,17,45,52,56,58,43,43,23,46
641,63,50,31,25,42,48,46,55,43,47,41,32,33,42,26,43,25,54,44,23,42,26,39,53,42,54,53,48,13,48
642,63,53,35,31,56,45,42,55,37,41,33,28,20,43,19,44,27,55,44,25,45,24,42,57,55,50,56,43,22,41
643,66,47,35,27,48,41,43,51,32,38,37,34,34,44,25,47,26,53,43,28,40,23,46,54,53,58,46,44,20,48
644,71,44,33,19,55,47,46,58,36,37,40,42,25,39,25,40,28,51,41,20,34,29,48,53,51,55,50,42,28,44
645,63,42,29,34,39,53,34,60,37,41,41,32,24,42,19,44,33,59,37,24,46,25,42,55,54,50,47,53,24,48
646,68,48,32,32,48,38,42,47,26,38,41,39,24,40,16,47,35,59,50,22,41,17,40,53,55,53,51,47,28,54
647,61,45,24,25,46,45,45,56,37,45,41,44,27,41,16,45,27,54,47,23,42,22,46,52,55,55,50,45,18,52
648,69,38,42,26,48,48,42,60,36,35,37,38,17,44,22,41,21,57,47,22,47,19,47,52,53,56,48,46,21,52
649,66,45,32,22,46,50,40,56,34,41,38,38,27,57,14,42,26,57,36,21,46,27,43,51,51,54,55,47,20,49
650,67,53,35,29,54,44,41,54,38,39,40,32,26,40,16,35,28,51,52,17,48,19,44,53,48,51,49,47,36,45
651,64,48,32,27,54,47,40,55,39,45,36,34,25,41,19,48,21,61,40,14,40,23,47,55,55,50,50,49,23,49
652,66,49,43,31,49,41,43,56,30,39,39,39,31,44,24,44,29,50,38,17,47,26,38,42,51,60,51,43,24,47
653,70,45,35,28,48,51,46,54,38,49,37,29,25,38,18,37,23,60,32,26,43,27,51,49,56,56,47,40,22,51
654,68,40,33,28,53,47,40,56,29,28,37,30,24,49,20,45,27,54,46,32,44,27,42,51,55,58,48,53,17,50
655,65,45,33,32,45,40,42,53,38,43,37,36,30,39,19,39,27,52,42,17,41,33,44,59,54,56,52,40,26,52
656,68,51,37,31,42,44,44,51,35,39,36,38,26,49,32,45,22,56,42,23,42,22,42,53,47,48,55,41,23,47
657,69,37,28,30,43,40,40,62,43,42,34,38,29,53,18,41,26,56,43,23,38,24,36,55,52,57,49,50,22,53
658,65,54,41,26,50,51,44,57,34,46,32,30,25,39,18,37,26,55,41,26,46,20,45,51,47,58,44,42,29,52
659,59,47,36,24,52,46,42,59,36,40,33,40,20,45,20,43,26,49,39,27,48,26,43,48,60,57,48,47,19,52
660,63,36,28,28,46,32,40,60,29,44,41,40,24,43,23,44,35,58,49,26,41,18,40,51,56,58,52,48,22,56
661,56,51,23,24,45,50,49,51,39,30,34,38,28,45,27,47,29,56,39,23,40,28,39,60,48,54,51,50,22,55
662,66,50,32,33,48,48,48,53,29,51,32,31,25,37,24,46,24,49,45,29,43,25,35,46,58,54,45,50,28,47
663,66,48,32,23,49,52,38,57,33,41,39,34,31,42,18,46,21,56,54,24,43,19,44,49,52,53,44,43,30,50
664,58,51,31,21,45,53,43,54,33,38,47,33,22,46,16,36,29,54,45,27,43,20,45,53,56,54,49,56,29,44
665,63,44,41,32,44,45,44,52,47,44,37,44,18,35,19,49,24,48,44,22,47,23,44,39,58,57,49,50,25,43
666,67,44,33,27,48,47,47,41,29,48,35,36,25,42,26,44,28,62,40,30,42,25,39,54,59,57,43,47,23,43
667,64,48,35,29,53,56,41,58,32,38,47,33,25,41,21,51,25,43,36,24,39,22,46,56,55,47,48,44,17,57
668,56,44,33,31,51,48,40,49,39,35,32,41,25,42,29,45,37,57,47,25,44,20,45,48,51,50,47,52,23,45
669,68,48,34,23,48,45,38,60,34,44,39,27,22,48,26,41,27,55,51,25,41,15,45,54,55,54,50,43,25,46
670,61,50,42,35,52,37,41,49,35,36,38,41,25,42,24,45,26,59,49,26,46,19,38,52,46,54,47,49,20,47
671,68,47,32,42,47,45,40,48,28,42,42,34,26,44,21,45,24,63,47,22,39,22,46,48,50,51,53,48,23,44
672,70,49,31,34,41,43,35,48,35,47,31,37,25,45,24,36,30,51,33,29,41,17,47,56,60,47,52,54,33,50
673,64,51,28,33,54,43,52,51,31,39,36,26,27,49,20,49,22,59,45,27,41,18,39,55,57,52,53,42,21,47
674,67,39,26,25,47,47,43,58,43,39,44,41,27,46,17,45,30,48,46,21,41,20,47,52,49,62,50,42,21,48
675,60,45,37,29,44,52,39,50,41,46,35,28,33,57,19,46,30,51,40,23,42,24,51,54,51,46,45,50,16,47
676,63,47,33,23,47,47,44,55,41,43,37,34,26,47,23,41,29,54,37,20,45,27,43,45,53,54,58,46,17,52
677,68,39,37,23,49,50,49,58,42,39,43,32,24,40,24,50,31,52,37,26,40,22,42,48,51,46,47,48,24,50
678,65,53,26,24,56,46,39,60,38,34,35,37,27,35,27,40,32,52,39,25,48,21,43,53,57,49,48,48,25,49
679,58,48,30,26,43,45,42,46,41,37,46,37,24,39,24,44,32,61,41,17,46,30,46,46,57,50,58,50,18,49
680,67,44,29,24,60,49,38,58,28,33,33,41,24,47,20,44,37,62,40,22,37,27,42,52,53,54,43,43,27,53
681,69,47,33,26,53,40,47,49,37,44,41,31,24,36,22,41,32,52,39,17,43,20,42,50,59,55,49,50,33,50
682,64,36,27,36,52,54,39,53,37,34,30,40,21,43,21,42,39,51,44,22,33,35,43,53,57,54,43,43,29,56
683,66,56,43,33,45,47,41,41,36,39,39,36,24,39,20,41,34,53,47,33,40,24,42,49,54,56,40,51,15,47
684,62,57,34,34,51,48,34,49,34,34,39,37,21,48,19,50,27,49,47,16,48,26,43,49,59,51,50,49,19,47
685,67,42,30,31,45,44,40,50,35,43,38,30,35,48,25,43,18,48,41,28,46,25,44,57,57,57,57,45,22,40
686,69,50,38,31,45,51,40,58,36,37,35,40,28,40,18,49,30,57,48,27,29,27,46,56,51,50,41,38,21,45
687,63,49,23,28,55,51,50,53,41,40,31,30,25,50,23,37,31,49,45,22,46,16,37,55,59,56,46,41,26,53
688,67,55,26,32,49,49,41,51,39,39,34,40,33,33,27,45,19,56,41,25,45,22,40,54,52,57,45,49,18,48
689,67,53,31,29,47,44,36,53,32,39,38,41,26,36,31,53,24,57,50,19,38,20,37,52,53,58,49,43,21,54
690,56,42,27,43,50,52,39,61,34,42,37,42,29,40,11,38,27,48,40,29,42,21,40,59,57,57,42,49,25,52
691,69,49,31,35,49,55,49,55,35,34,37,31,25,46,24,46,20,47,50,25,38,18,42,53,59,49,47,48,22,43
692,70,49,33,24,41,49,47,57,32,34,37,36,28,37,23,46,27,52,44,22,45,24,50,48,61,62,41,45,24,43
693,67,39,26,32,44,46,47,56,44,40,37,20,26,41,30,50,26,53,48,17,43,33,46,56,53,52,47,47,20,45
694,66,45,29,24,50,53,35,55,38,43,42,36,30,50,21,47,28,57,41,21,40,31,41,43,53,53,45,42,21,51
695,65,44,30,26,51,51,43,61,39,37,36,40,24,39,15,51,26,55,47,24,44,21,48,55,48,54,53,44,20,40
696,66,37,37,28,45,43,51,53,43,33,24,40,28,40,19,49,35,57,49,20,41,19,38,57,59,58,54,44,15,49
697,65,53,29,35,44,42,47,52,40,33,39,41,25,39,15,50,29,53,43,28,36,23,48,55,55,51,45,43,27,46
698,60,45,28,30,54,41,43,53,40,34,44,37,24,50,21,43,25,54,48,24,41,19,38,59,52,53,46,53,25,47
699,61,52,33,23,53,49,39,54,33,38,43,31,24,38,19,48,33,57,39,32,36,18,47,57,45,56,46,56,20,51
700,70,49,32,24,46,43,49,56,34,36,37,42,20,37,25,41,30,50,35,31,43,21,38,54,52,59,47,49,30,51
701,66,45,33,27,46,47,41,58,39,37,41,38,19,41,14,44,27,51,45,26,39,26,54,48,57,59,46,44,27,46
702,59,49,34,27,50,43,40,53,35,34,38,33,24,41,26,46,25,55,46,32,41,20,37,58,59,50,48,50,26,52
703,65,44,35,38,48,45,47,49,39,39,34,47,26,42,15,46,18,48,44,26,38,28,46,58,56,51,49,48,22,40
704,62,50,30,36,50,41,44,54,34,46,37,38,27,44,17,42,26,52,49,28,43,15,41,50,63,54,48,45,21,44
705,58,58,33,29,52,39,44,55,34,39,35,37,22,46,21,44,25,55,49,21,47,24,42,50,47,57,51,43,19,55
706,68,44,31,31,48,51,46,60,39,38,31,42,24,48,17,47,30,51,33,32,41,24,52,52,49,52,43,41,18,48
707,65,46,28,28,51,48,43,55,33,40,31,39,24,44,19,46,31,53,43,26,37,17,48,55,51,56,37,51,36,50
708,63,45,30,32,45,53,39,53,40,46,26,32,31,50,20,43,26,60,40,24,37,23,30,58,51,56,54,47,24,53
709,65,49,33,35,47,50,45,58,38,45,36,39,28,45,25,43,19,55,34,24,47,23,38,50,58,40,48,53,23,38
710,66,45,34,23,45,40,51,53,44,39,42,30,23,43,21,37,27,54,49,31,46,28,53,48,55,52,40,41,23,48
711,64,53,38,22,47,43,40,52,39,33,41,28,32,43,32,45,19,56,39,28,43,20,41,56,60,51,46,42,31,47
712,65,43,24,31,51,44,46,62,49,38,46,34,23,38,24,44,30,50,45,21,44,23,42,48,55,52,46,47,19,47
713,61,42,31,24,60,56,41,56,38,37,34,36,20,40,24,46,29,60,43,23,38,22,43,47,46,55,51,52,19,57
714,62,46,33,34,49,52,52,48,34,34,39,34,25,44,10,40,30,47,49,22,41,21,51,56,52,57,46,43,29,51
715,66,45,35,29,51,48,42,53,43,40,39,33,21,38,20,47,30,49,38,24,45,28,42,53,52,56,44,49,22,49
716,60,41,38,31,46,52,41,54,39,39,37,38,36,34,24,49,21,54,40,29,45,19,48,57,50,53,42,46,22,46
717,69,52,34,35,52,37,47,55,33,44,35,37,26,46,20,41,22,48,49,30,38,21,41,52,49,51,47,43,25,52
718,64,44,27,32,48,44,47,49,34,39,30,45,21,43,27,41,28,53,46,25,40,23,45,55,51,55,50,44,27,54
719,62,47,39,28,48,54,40,62,36,40,30,47,26,40,16,44,32,58,45,21,37,18,44,50,51,57,40,46,26,47
720,66,52,32,29,49,42,40,52,39,40,39,38,18,40,22,47,31,53,45,20,44,21,38,49,51,60,50,57,20,47
721,64,43,36,24,45,52,42,52,30,37,42,40,18,45,26,50,24,50,41,25,44,26,46,52,59,53,46,48,18,53
722,64,51,39,27,52,38,48,61,35,34,43,33,27,43,23,41,32,51,36,21,44,18,48,53,52,50,52,42,27,46
723,63,43,36,29,52,50,42,49,36,37,37,35,17,44,28,40,22,55,42,26,48,18,43,57,54,53,50,40,32,53
724,63,51,34,33,50,51,46,47,36,34,33,26,18,44,25,45,29,58,53,25,41,19,44,50,54,52,42,50,28,50
725,63,51,33,29,49,46,45,52,47,41,36,36,21,45,24,49,30,49,43,30,39,17,42,56,47,44,46,40,29,52
726,60,49,38,30,57,40,42,59,38,40,28,38,26,47,21,41,27,53,44,24,38,20,53,42,47,43,56,53,27,50
727,67,53,34,28,37,40,44,54,36,40,27,35,24,47,17,52,33,56,43,22,44,23,44,52,53,55,48,46,23,54
728,63,46,28,28,48,46,47,54,41,37,44,37,28,46,17,46,30,55,46,24,34,22,45,49,54,52,52,43,25,44
729,66,43,36,29,49,47,38,57,28,39,35,42,26,48,15,49,32,56,45,20,34,38,45,57,52,51,48,47,19,40
730,65,49,24,26,43,53,43,47,43,39,36,39,20,42,24,52,29,51,43,30,35,22,49,50,57,54,47,49,21,49
731,62,59,34,22,45,52,40,60,30,42,32,31,27,42,20,49,23,58,49,24,44,17,44,51,55,51,51,50,22,45
732,69,45,31,30,52,35,37,49,37,38,38,38,22,42,24,41,30,59,43,31,37,23,49,59,51,55,50,42,22,52
733,65,46,34,28,45,45,53,56,26,41,33,37,28,48,22,48,26,49,44,23,47,23,47,47,52,61,51,43,19,44
734,72,55,30,27,49,47,46,50,27,33,45,40,22,38,20,45,22,60,43,22,47,30,40,48,54,51,52,50,20,46
735,61,48,30,36,40,46,46,47,32,43,37,31,31,39,21,48,20,62,42,28,44,18,48,58,48,61,47,47,25,47
736,67,43,31,37,51,46,42,54,34,34,28,37,19,47,27,53,21,52,44,24,43,27,47,47,54,52,52,41,28,49
737,68,47,27,30,45,46,47,51,45,44,38,38,28,40,28,41,33,45,38,19,41,29,42,39,57,46,48,52,25,54
738,67,44,41,28,46,46,43,58,44,42,43,25,21,37,14,43,28,57,45,18,38,24,47,60,47,54,52,52,24,43
739,64,43,35,31,53,45,42,49,35,41,35,28,24,46,22,46,26,56,48,25,50,23,37,54,56,51,49,44,20,53
740,63,48,31,33,51,56,38,57,33,37,42,33,28,42,19,31,34,53,43,24,42,20,48,52,48,53,53,44,23,52
741,66,50,28,28,51,50,34,57,34,38,37,47,24,39,21,42,31,51,34,25,45,26,49,52,52,59,46,38,30,47
742,65,55,35,29,46,38,50,51,29,39,32,43,31,35,23,36,29,51,51,30,43,26,40,51,51,51,48,47,22,54
743,63,38,37,35,48,46,38,48,35,53,39,35,28,33,36,51,32,55,40,24,35,19,41,38,54,58,49,45,28,50
744,59,46,36,31,47,48,36,61,45,44,30,42,30,46,16,40,24,51,34,27,47,25,49,46,57,55,41,46,22,50
745,65,32,32,31,49,50,40,59,44,44,37,37,25,37,19,43,25,50,41,18,41,23,36,51,54,51,45,63,31,58
746,56,42,28,21,51,45,46,59,38,45,34,39,22,39,19,47,24,57,45,21,45,35,49,44,54,55,51,44,25,51
747,66,45,33,30,44,41,46,54,33,43,39,42,24,46,29,40,21,53,45,23,48,17,43,58,54,54,51,39,19,51
748,63,50,42,20,46,42,45,53,34,45,39,37,27,33,28,35,34,57,45,27,39,27,42,44,52,56,47,48,30,44
749,65,43,34,30,54,44,42,44,34,36,30,41,22,43,21,47,31,51,48,24,48,28,42,57,47,54,53,47,21,50
750,66,33,30,31,49,50,39,45,34,37,42,42,29,48,25,46,34,55,36,23,52,21,41,50,54,56,51,46,23,43
751,71,54,25,28,50,48,40,55,30,32,40,29,22,54,21,42,22,53,47,25,44,31,44,52,54,51,49,48,16,54
752,64,38,35,32,44,54,37,62,32,34,37,34,29,47,19,49,31,57,41,22,42,20,43,52,56,54,43,45,24,54
753,60,42,41,26,54,36,39,56,36,33,39,29,25,36,22,48,26,49,51,26,43,27,49,54,55,52,55,52,22,48
754,70,50,32,33,50,43,43,52,35,31,39,42,33,36,26,45,29,45,43,27,37,17,47,60,53,51,44,48,21,49
755,66,49,32,25,44,49,43,48,42,42,34,44,26,42,18,42,27,48,50,24,44,24,35,54,51,57,54,44,24,49
756,68,50,29,28,50,48,42,50,34,33,35,39,22,42,21,43,32,52,47,27,45,26,46,41,56,55,44,54,20,52
757,66,40,35,42,55,36,45,54,33,36,38,39,22,39,16,47,35,57,52,25,37,20,42,47,55,51,45,43,31,48
758,63,45,39,30,47,48,44,52,32,45,34,39,24,45,25,43,29,50,40,25,49,19,40,49,66,55,44,39,29,42
759,65,47,36,25,56,54,43,56,30,27,39,35,33,41,21,37,18,56,45,30,38,23,38,55,55,62,51,44,26,45
760,61,49,38,24,46,50,29,53,35,35,34,42,29,47,23,44,32,56,39,29,42,21,42,54,52,54,48,47,25,51
761,64,39,36,28,52,51,47,53,29,44,39,31,25,42,22,43,21,59,44,23,48,28,45,50,54,52,48,42,22,50
762,60,39,37,34,48,44,41,58,29,43,34,34,23,43,16,50,29,52,47,30,48,20,42,54,45,52,53,51,22,53
763,66,47,38,26,49,41,44,59,38,34,31,38,30,42,23,45,31,56,48,25,33,23,42,59,49,50,47,41,26,50
764,67,47,29,31,51,43,45,54,34,46,32,39,26,49,24,47,26,52,40,29,40,19,46,52,49,50,48,43,24,49
765,67,49,22,29,55,47,44,55,38,40,35,39,28,46,20,49,28,50,42,31,38,14,34,58,52,51,51,45,22,52
766,68,47,46,35,42,42,40,43,35,43,37,40,23,43,24,48,27,54,44,21,46,20,37,55,46,58,45,50,22,50
767,63,49,24,30,51,50,38,49,32,41,34,46,32,37,18,44,28,56,51,24,52,26,43,52,53,52,48,42,23,43
768,62,45,36,25,50,39,45,53,33,34,46,40,27,41,16,42,30,48,47,35,45,22,47,46,53,53,52,44,25,50
769,60,51,38,21,55,44,46,63,33,41,28,42,26,39,30,41,18,48,44,27,37,25,46,53,48,55,55,53,18,46
770,58,40,35,34,51,50,51,60,31,42,32,30,19,38,24,40,18,54,49,27,41,17,44,59,50,62,51,48,23,53
771,69,43,36,36,53,39,42,53,39,39,35,47,18,44,24,51,22,53,39,22,45,21,37,46,60,55,47,42,27,47
772,60,40,39,33,49,40,46,48,31,40,44,45,21,33,23,49,34,54,50,29,40,18,39,51,55,56,43,48,25,48
773,64,38,32,32,44,48,52,57,43,41,41,42,25,42,22,42,27,50,52,19,38,25,46,49,52,53,44,45,20,46
774,64,46,29,32,48,47,44,57,38,44,41,40,28,42,17,41,20,47,49,22,48,19,41,57,51,45,45,55,25,49
775,67,52,41,32,55,40,39,51,38,39,35,31,23,42,14,38,33,58,56,19,40,21,42,51,51,55,51,48,24,45
776,68,44,37,23,53,47,30,51,42,41,36,35,31,40,19,54,31,49,33,29,44,24,48,48,58,54,51,48,17,46
777,64,50,30,38,52,41,41,54,33,36,48,34,21,39,23,48,20,53,43,23,41,31,44,52,53,54,53,39,22,51
778,60,43,36,38,51,46,43,57,38,46,33,28,27,38,14,48,29,56,49,21,39,24,35,53,52,51,48,43,39,46
779,68,45,32,34,50,51,46,52,32,41,39,40,22,44,21,48,19,58,50,18,42,23,33,59,52,49,53,46,19,45
780,67,50,33,28,55,43,41,56,24,42,42,36,31,43,18,47,29,47,44,21,43,19,45,52,48,54,52,48,22,51
781,66,50,42,26,44,44,45,57,40,49,26,39,23,47,22,42,26,60,43,22,39,33,40,45,51,60,43,46,21,40
782,65,48,25,21,54,45,42,64,40,30,34,31,19,55,22,47,31,59,48,22,42,21,48,52,55,47,51,48,16,49
783,66,38,40,29,49,50,49,56,36,33,42,34,21,46,21,45,28,49,39,25,46,26,43,49,51,53,48,48,25,46
784,64,34,33,22,54,49,40,48,45,44,38,36,26,39,23,51,28,58,41,20,45,27,43,55,51,54,49,46,22,46
785,68,48,30,39,50,40,39,53,32,34,33,42,23,53,25,44,27,51,32,23,49,23,46,51,58,53,49,52,17,47
786,64,49,34,26,44,35,40,61,33,47,29,35,22,46,27,45,25,53,38,24,50,27,39,55,51,53,47,49,31,52
787,65,38,39,23,41,41,41,55,44,35,39,41,19,39,22,48,31,49,46,21,39,32,45,55,56,58,48,48,26,47
788,62,44,37,34,39,52,48,49,43,37,38,33,21,48,22,54,29,50,40,25,37,25,50,51,45,57,51,45,21,44
789,67,43,33,23,47,48,44,50,32,42,31,36,33,42,24,48,29,51,45,23,51,20,49,48,59,52,48,48,23,42
790,66,43,35,34,44,44,45,61,36,48,36,37,22,42,15,39,34,52,46,21,36,21,46,48,55,50,55,48,24,48
791,65,42,35,27,52,42,44,54,35,32,38,34,26,40,22,36,21,53,48,27,51,23,49,59,55,56,52,47,17,49
792,65,43,35,29,48,46,45,52,34,43,42,35,17,36,26,50,26,55,40,25,49,25,40,54,47,60,54,43,22,45
793,64,49,33,24,48,49,40,51,51,42,35,36,28,40,23,42,25,45,43,22,46,25,52,45,52,53,55,47,25,41
794,62,48,36,17,52,46,50,58,35,43,40,34,23,42,17,49,24,49,37,22,45,33,44,46,62,51,48,49,23,46
795,63,52,36,30,51,44,38,55,36,36,31,43,23,52,19,54,26,54,41,20,46,22,40,47,56,49,47,41,24,55
796,66,48,35,24,49,52,42,52,32,44,31,36,34,48,23,41,23,60,46,25,31,20,40,52,54,57,47,47,31,41
797,63,53,35,32,40,44,43,58,34,42,36,29,21,36,23,41,28,64,46,28,44,12,44,54,51,59,48,50,26,47
798,62,49,33,29,48,42,42,52,42,34,41,24,24,42,19,46,23,55,52,21,45,18,51,56,48,51,58,46,28,50
799,63,55,32,27,47,44,45,54,37,31,24,36,26,46,30,48,31,54,33,23,39,28,51,49,58,53,44,43,32,48
800,68,45,36,22,44,41,41,52,36,43,42,42,19,45,16,47,34,51,45,25,40,25,49,56,46,50,48,47,27,49
801,70,42,31,23,55,45,43,56,33,42,39,31,24,47,19,39,27,52,46,20,47,20,52,51,53,51,51,42,27,53
802,63,44,38,33,54,41,35,54,37,31,46,38,19,41,19,54,28,56,46,25,40,24,47,54,47,51,50,48,21,47
803,70,32,27,36,53,49,51,59,38,42,37,43,24,54,22,40,26,49,36,25,45,21,34,55,45,53,48,49,19,49
804,67,43,30,23,52,50,42,60,46,35,40,36,22,41,22,47,29,53,41,25,38,23,47,51,54,58,48,42,16,50
805,63,43,35,35,49,40,47,53,41,38,42,47,21,37,18,38,23,46,47,19,39,27,48,54,59,55,47,49,26,45
806,69,42,29,43,42,51,44,50,32,36,38,30,24,47,24,54,28,52,42,19,45,30,46,46,51,56,42,48,22,49
807,60,50,38,32,48,39,42,50,44,40,34,34,23,38,19,40,26,59,45,32,42,22,52,49,52,53,49,43,23,53
808,62,43,36,31,36,49,50,57,32,40,34,42,26,47,18,44,24,58,47,23,43,22,34,54,57,56,46,49,26,45
809,60,47,32,25,56,49,40,58,38,37,45,38,22,36,17,51,24,58,40,20,44,22,43,52,56,55,51,50,22,43
810,66,52,30,26,48,47,42,59,45,38,36,36,20,38,24,44,26,54,42,29,43,22,44,60,53,44,42,43,26,52
811,64,47,36,31,45,50,42,44,36,40,38,36,24,43,17,48,20,60,40,27,39,21,44,54,55,55,57,47,20,51
812,68,46,39,28,44,47,41,57,35,46,32,44,28,32,19,46,22,55,46,25,45,32,48,50,58,49,33,44,25,47
813,62,51,33,24,53,42,38,48,40,46,37,42,24,42,23,39,27,50,39,24,47,19,53,55,52,49,46,49,23,54
814,63,49,28,25,48,40,38,54,38,49,36,42,25,48,20,45,23,59,45,26,38,23,43,48,57,54,49,48,23,47
815,57,43,42,29,45,48,47,49,39,50,33,33,18,37,23,56,29,48,36,29,45,26,50,53,47,47,50,44,29,49
816,65,45,28,25,48,50,44,51,36,41,36,43,32,44,21,49,28,51,51,23,42,24,46,53,51,57,44,38,23,42
817,61,42,30,26,51,47,40,51,41,42,40,40,21,45,23,54,32,48,40,22,46,25,41,47,48,58,49,44,23,54
818,57,39,41,28,42,47,38,59,37,37,39,35,24,44,16,47,29,57,43,22,36,25,45,59,59,54,49,51,25,47
819,66,47,28,26,48,49,41,57,27,36,34,39,27,42,17,44,29,53,43,28,36,22,52,51,53,59,51,48,28,50
820,64,43,36,32,47,36,47,54,38,38,40,38,24,46,24,43,24,46,44,26,47,19,45,48,59,51,49,42,29,52
821,66,47,27,33,50,51,40,52,36,41,37,45,28,51,23,50,21,61,40,19,35,21,37,54,55,52,47,41,24,47
822,61,51,44,28,52,52,30,59,37,31,40,39,21,40,26,47,23,50,40,30,45,26,39,50,50,49,50,48,26,47
823,65,42,33,32,53,46,49,50,44,38,36,33,31,43,20,46,20,48,51,39,46,17,34,45,61,54,42,46,23,44
824,62,47,26,24,52,42,43,58,31,45,33,38,25,44,19,40,28,54,44,26,42,29,43,48,59,55,48,41,31,54
825,68,40,31,32,45,43,40,61,37,39,34,41,20,37,27,52,23,50,48,25,37,29,36,59,56,48,48,49,26,50
826,67,46,36,35,50,46,38,56,39,50,32,37,21,39,21,53,26,55,45,29,38,25,43,47,48,52,43,48,21,45
827,64,51,30,36,48,42,47,54,42,32,26,44,21,52,17,41,22,63,39,31,45,24,39,52,57,53,44,43,26,46
828,64,54,26,35,45,40,38,49,38,42,42,45,27,38,19,50,31,48,43,25,48,19,44,47,54,53,42,51,26,48
829,64,46,35,25,45,54,36,57,36,38,34,34,27,40,28,43,28,53,44,22,46,24,42,55,53,55,53,44,23,47
830,65,43,41,27,47,50,45,54,41,36,36,38,28,38,17,43,30,50,47,29,42,20,47,54,56,55,48,41,26,37
831,61,40,35,26,53,45,40,48,43,40,46,32,19,44,25,44,26,55,49,22,43,27,48,53,58,51,48,44,17,49
832,67,36,33,33,48,44,46,57,34,41,33,26,31,49,24,47,27,57,46,21,45,29,39,51,46,57,58,42,24,40
833,67,47,31,24,56,48,46,49,49,39,35,31,26,46,22,45,26,51,42,25,43,25,38,51,57,51,45,43,22,51
834,60,50,24,26,47,53,47,56,36,35,40,33,24,41,21,41,33,54,44,28,44,24,39,59,53,52,43,49,21,54
835,60,50,32,23,53,43,45,54,34,43,34,33,19,37,29,45,29,55,46,29,44,28,39,49,55,49,53,45,23,53
836,62,47,45,30,53,44,47,57,41,45,39,33,23,42,16,44,24,58,48,23,43,21,41,50,49,52,51,45,20,38
837,63,51,32,32,49,52,46,51,38,44,36,29,25,42,16,43,19,55,36,25,44,15,35,56,68,54,48,49,28,50
838,61,51,37,31,44,45,43,54,30,38,39,37,29,46,19,37,25,57,47,26,38,23,45,55,61,58,49,42,15,49
839,59,40,29,37,51,48,41,56,40,36,25,35,26,45,24,50,32,65,37,26,36,21,47,56,52,54,45,49,18,51
840,66,47,31,32,56,40,34,59,35,37,36,45,18,45,25,42,32,60,33,30,40,25,36,54,46,51,43,44,36,53
841,62,54,31,33,54,50,39,56,39,39,43,40,23,30,26,44,28,50,46,26,41,28,39,49,46,54,46,47,21,47
842,61,48,29,27,45,55,36,55,40,29,43,43,28,41,20,47,29,58,43,20,38,24,39,58,45,58,51,50,20,51
843,66,55,28,31,58,44,41,53,36,42,26,27,27,47,22,46,26,52,40,30,39,25,45,53,57,54,51,38,24,48
844,60,41,35,31,54,44,46,51,36,40,35,30,30,39,13,42,29,48,49,17,54,26,44,53,58,46,53,48,31,48
845,66,44,37,27,51,42,46,50,39,27,41,32,26,46,17,40,28,57,41,27,47,23,43,57,56,58,41,48,29,45
846,59,46,31,31,44,46,40,49,40,37,42,40,31,37,18,47,24,61,48,20,46,27,50,57,56,54,46,43,21,40
847,56,48,32,26,47,41,46,53,27,39,34,41,17,39,25,47,24,52,43,24,48,32,46,55,59,52,51,45,24,58
848,60,42,36,32,50,44,43,53,34,35,42,35,27,50,29,48,25,55,34,24,37,30,35,53,58,56,51,40,23,50
849,69,45,33,27,43,47,46,58,24,45,35,40,23,45,26,40,24,55,49,25,43,26,40,51,47,51,57,40,30,47
850,68,50,28,26,50,46,45,50,38,44,30,41,30,46,19,49,28,55,33,27,40,22,42,50,48,56,49,40,30,51
851,62,44,42,28,50,47,43,53,39,43,43,31,22,37,19,47,21,56,47,27,37,25,41,55,50,60,50,46,22,44
852,60,49,47,30,51,52,32,49,32,35,36,38,35,42,18,38,32,60,49,17,48,22,45,60,44,59,46,44,22,39
853,59,49,31,32,52,51,44,57,37,34,30,37,26,39,17,49,31,60,46,33,26,24,36,58,47,52,45,47,26,56
854,70,39,36,40,45,46,43,57,29,43,39,41,28,41,22,46,34,48,46,20,29,30,51,50,50,47,39,46,24,52
855,64,50,32,30,46,46,50,55,34,45,32,36,34,40,22,49,34,53,36,21,41,23,45,45,62,48,44,42,21,51
856,66,41,39,29,44,44,48,52,33,48,38,39,17,45,17,45,21,53,47,27,42,16,50,54,60,41,48,50,26,51
857,56,51,35,27,55,49,38,52,29,39,41,38,24,46,13,50,24,57,43,19,44,27,42,48,57,47,57,46,25,52
858,66,52,34,29,49,49,45,55,38,30,44,35,25,43,19,44,22,57,47,28,43,30,37,51,54,54,45,45,18,43
859,60,40,35,21,46,50,45,50,40,39,41,36,21,53,24,47,26,56,41,27,35,22,39,55,54,55,50,47,26,50
860,65,43,36,29,43,42,45,61,32,42,37,40,26,40,20,55,18,54,51,22,38,21,41,54,46,58,47,49,30,46
861,66,51,31,37,38,50,37,57,31,37,40,33,31,41,22,46,26,53,49,28,49,21,32,45,56,56,47,53,21,47
862,64,42,28,28,55,51,46,53,38,31,38,40,20,42,22,48,31,55,48,30,35,16,50,50,49,46,52,40,33,50
863,66,42,36,26,49,44,43,52,47,47,38,36,26,32,31,42,22,51,43,23,43,34,38,57,50,53,46,47,22,45
864,64,37,32,26,49,44,41,54,44,43,31,25,28,41,23,49,27,54,45,25,44,27,46,52,55,54,49,54,19,49
865,62,46,31,30,49,46,44,47,48,44,33,41,23,36,21,44,24,53,46,32,40,17,47,53,49,55,44,51,25,50
866,62,42,37,29,49,48,37,56,42,44,28,44,25,45,24,36,22,58,40,31,41,19,48,54,56,44,43,53,21,53
867,63,45,27,26,59,49,43,54,31,38,35,35,34,35,19,45,30,54,43,22,45,26,52,53,62,42,49,38,25,52
868,68,42,32,28,50,52,51,51,39,40,38,29,20,44,23,40,29,48,40,26,49,25,48,52,52,52,40,41,25,57
869,68,43,38,28,44,49,42,55,38,28,37,32,21,53,19,50,24,59,46,34,40,22,40,65,55,55,45,42,23,36
870,63,51,32,25,48,43,40,52,32,39,39,40,28,51,13,37,26,55,42,24,41,21,52,54,64,42,57,50,24,46
871,68,43,38,32,58,43,46,50,35,36,44,36,24,33,20,51,26,56,43,21,43,24,42,44,54,57,48,49,23,44
872,64,47,37,26,51,41,49,51,39,43,37,31,24,38,21,35,27,55,43,24,44,22,41,59,48,58,46,50,27,53
873,67,40,30,35,49,42,51,58,34,34,36,34,27,50,19,52,29,51,36,25,42,26,51,54,58,51,40,39,22,49
874,57,47,31,28,54,48,50,48,40,45,39,25,27,43,21,46,23,53,47,24,43,19,41,47,56,58,53,41,25,52
875,62,48,25,28,45,51,49,60,37,37,46,42,26,49,15,46,26,52,42,19,42,19,42,45,59,49,51,44,30,45
876,67,39,35,35,42,40,45,57,40,32,40,43,27,39,18,39,32,52,48,24,41,15,44,48,54,55,47,52,22,59
877,70,44,39,30,43,36,49,50,33,44,35,42,23,40,29,41,32,58,42,26,46,21,41,45,57,49,44,56,22,44
878,68,48,36,32,49,51,50,52,33,37,37,37,21,44,15,49,23,51,47,23,44,18,48,53,55,46,53,38,24,49
879,66,48,28,31,50,43,40,57,29,40,42,35,30,38,23,38,35,51,41,22,47,26,34,54,51,58,41,54,28,51
880,64,37,36,21,43,41,40,46,32,44,42,41,36,49,19,46,29,56,39,21,47,20,43,49,57,51,48,55,25,54
881,64,49,26,28,54,46,46,55,37,49,34,36,24,44,26,42,30,51,43,24,41,23,44,57,57,55,38,43,21,44
882,60,44,24,22,50,50,51,56,33,42,41,35,28,45,25,41,29,54,44,18,41,31,45,39,57,55,54,40,23,54
883,66,41,31,26,50,51,43,53,32,37,35,36,26,41,16,39,28,52,43,22,41,30,58,60,53,56,53,44,26,42
884,65,47,34,27,50,48,46,54,27,41,35,34,39,36,22,35,30,51,39,20,48,25,46,55,52,49,53,46,26,51
885,64,55,30,26,51,48,43,51,29,37,35,33,19,36,29,47,24,46,41,27,41,27,50,54,59,53,57,50,22,47
886,64,44,34,28,50,50,39,58,38,47,30,33,24,40,23,48,24,53,38,27,34,29,44,45,57,53,41,46,33,57
887,64,43,35,33,43,50,44,55,31,43,42,32,23,40,18,44,31,51,49,27,42,22,45,53,53,56,46,47,20,49
888,63,44,34,37,51,51,45,59,39,35,31,44,22,47,24,36,20,50,48,26,37,26,39,49,49,53,45,52,21,54
889,66,44,29,33,47,51,36,56,36,38,34,38,29,39,24,50,28,47,43,23,48,22,43,52,59,49,48,50,20,49
890,66,51,34,27,53,49,39,54,30,40,31,36,27,48,20,42,25,56,39,25,41,20,52,50,53,56,59,41,20,47
891,67,40,36,34,38,48,43,57,45,28,29,37,24,33,16,43,40,44,48,25,37,29,44,54,56,51,44,52,31,58
892,58,39,31,32,53,42,50,48,43,33,35,39,31,36,17,49,26,54,44,19,46,20,52,52,51,63,49,44,22,53
893,64,47,39,37,51,48,44,55,37,40,38,33,27,39,22,47,21,49,38,25,39,15,45,54,52,50,54,46,24,51
894,62,52,32,33,47,37,41,62,34,41,31,36,32,43,20,44,33,51,44,28,39,26,46,48,53,63,39,45,18,51
895,61,41,30,30,47,47,42,55,40,41,38,38,23,41,26,47,28,55,42,26,38,24,38,56,58,53,50,51,18,47
896,61,41,35,24,48,45,44,56,39,45,41,35,25,36,20,44,24,47,50,27,45,23,42,53,50,57,50,48,26,50
897,65,52,27,34,31,45,45,61,40,38,32,30,23,43,25,49,33,50,47,26,41,24,48,55,55,49,52,47,18,46
898,68,36,35,33,44,50,50,56,47,34,26,32,19,44,23,44,28,58,42,19,48,32,39,56,57,56,46,43,23,43
899,65,47,35,25,53,46,38,54,46,43,42,35,19,45,11,41,28,52,41,33,37,27,50,45,54,57,52,43,19,48
900,62,51,28,30,49,44,42,49,30,39,32,31,39,39,20,47,24,51,50,31,46,18,51,46,54,50,59,48,22,49
901,67,53,30,41,56,48,38,54,32,32,32,39,24,43,20,46,33,59,43,22,42,22,44,46,52,51,40,44,27,51
902,62,47,33,35,51,48,46,55,40,44,37,34,21,45,13,44,26,46,42,30,47,21,41,54,56,50,48,46,25,44
903,63,45,30,39,47,40,33,50,38,36,39,38,28,55,17,53,25,55,46,24,48,17,43,47,52,55,47,44,24,53
904,65,37,39,26,43,48,47,53,30,44,27,39,29,49,20,46,29,49,39,18,40,32,42,54,57,53,44,52,31,49
905,65,52,31,26,54,46,39,57,35,47,38,40,27,43,19,41,23,53,40,28,39,25,45,50,45,56,52,47,20,48
906,68,46,41,21,51,54,39,58,43,36,34,33,24,44,25,42,27,51,41,26,42,22,44,58,54,45,41,51,26,44
907,64,55,41,23,53,49,44,58,36,36,43,34,17,40,27,42,22,53,39,25,44,27,44,48,56,52,42,53,19,45
908,69,45,36,24,52,48,43,59,34,41,39,34,29,44,17,46,30,53,36,20,45,24,45,47,52,57,49,38,30,45
909,68,50,36,19,50,42,38,53,34,38,43,37,25,38,27,45,26,56,38,30,38,24,38,52,55,60,47,52,23,49
910,57,48,32,31,42,41,51,54,41,42,35,37,18,33,19,37,38,54,40,23,45,24,55,57,54,49,54,48,27,45
911,60,45,29,38,51,50,38,62,33,40,36,40,24,45,20,46,23,53,40,23,38,28,43,50,54,62,49,41,18,52
912,66,40,30,22,56,50,42,60,32,28,43,31,30,42,17,42,22,52,42,26,41,24,46,60,63,55,52,46,23,48
913,65,46,33,23,46,48,43,54,39,41,43,24,32,47,20,50,22,56,45,26,52,26,47,53,51,54,41,40,23,41
914,61,39,28,34,53,40,45,59,37,42,34,37,28,37,23,40,25,57,43,29,41,22,38,52,63,60,47,50,18,49
915,65,43,38,28,48,37,40,56,46,38,38,31,30,44,19,48,27,57,37,28,50,27,37,49,53,58,47,39,22,51
916,56,41,40,36,51,44,46,56,44,43,36,32,22,31,17,44,35,46,45,20,40,30,47,48,56,46,49,52,23,55
917,68,45,19,26,52,51,37,47,28,34,44,44,29,41,27,47,29,55,45,31,44,21,40,57,53,55,54,42,26,40
918,65,54,39,33,41,49,42,53,39,38,45,39,25,48,14,54,18,50,51,20,36,31,44,53,49,47,41,43,26,44
919,62,49,31,30,49,49,39,60,39,42,39,36,29,41,30,45,36,55,38,20,34,19,36,49,46,42,49,56,27,54
920,68,52,24,32,53,46,40,58,37,34,34,33,27,44,21,44,28,53,34,23,42,37,38,50,49,50,54,56,24,46
921,67,46,40,32,41,45,47,51,32,44,36,32,18,51,21,48,35,57,35,26,38,26,45,53,56,49,42,42,29,47
922,68,38,36,35,47,40,47,56,37,43,25,36,20,41,16,47,32,53,42,22,47,26,44,50,49,60,47,54,24,49
923,72,46,40,28,50,47,48,46,38,34,41,26,18,49,22,39,27,57,46,26,45,18,50,51,55,53,45,44,22,48
924,59,37,40,24,47,47,42,51,39,41,27,35,35,40,23,45,31,54,41,16,45,24,51,54,47,49,51,56,27,53
925,65,48,33,27,48,47,49,52,35,43,38,28,30,46,26,44,21,50,39,20,47,24,44,55,49,46,53,46,20,58
926,71,47,33,31,45,45,50,55,42,39,30,35,24,39,19,39,25,54,44,26,49,15,44,52,58,50,41,55,21,53
927,62,46,31,35,51,46,46,57,29,41,33,40,28,42,14,49,25,49,46,20,39,24,47,53,55,57,49,52,22,43
928,62,46,30,24,48,51,44,51,31,43,42,43,26,50,24,40,26,52,46,31,47,21,38,54,57,44,42,49,23,46
929,58,40,23,25,44,44,40,52,41,42,41,40,29,48,22,50,18,52,46,28,48,22,43,48,56,58,50,52,23,48
930,66,49,30,24,44,48,49,46,26,44,31,27,24,40,20,45,36,58,48,23,32,29,46,64,52,54,49,54,21,52
931,63,51,26,31,48,52,44,58,42,40,34,32,21,45,18,41,33,58,35,25,40,26,43,54,56,53,45,50,24,43
932,66,53,32,36,44,41,39,52,37,38,38,39,36,52,20,43,26,48,49,22,40,19,35,53,57,50,55,47,16,48
933,64,49,38,32,55,41,40,49,36,43,42,40,24,42,20,45,30,52,33,28,46,24,37,54,47,47,45,47,30,51
934,68,49,35,32,43,49,48,56,45,30,34,35,26,43,19,44,23,55,39,26,45,23,48,47,61,54,44,48,21,41
935,71,46,34,29,45,47,38,58,52,43,31,37,21,41,17,47,26,45,33,27,44,27,48,56,52,50,50,46,18,52
936,62,46,33,30,44,42,44,53,42,41,28,40,24,38,22,49,25,55,52,29,44,23,44,48,52,43,49,47,23,59
937,63,42,33,28,49,39,46,52,41,46,36,37,28,48,20,37,29,56,46,24,51,23,48,45,58,47,42,42,21,54
938,59,39,38,39,50,40,43,63,36,46,33,28,19,38,26,46,22,54,50,18,37,19,41,60,62,58,48,48,21,50
939,61,47,37,30,56,54,40,49,38,42,29,24,24,37,17,45,24,57,49,20,42,33,48,54,52,55,48,49,22,48
940,65,44,38,23,41,48,48,53,41,39,41,33,19,43,30,46,21,57,40,24,43,24,32,51,61,55,52,47,25,47
941,62,50,35,27,48,45,38,50,33,38,39,32,20,43,21,50,24,48,46,24,40,25,48,58,60,58,50,53,21,45
942,66,49,35,24,53,44,43,52,39,39,38,35,19,56,21,43,24,57,37,21,44,23,45,54,47,56,50,53,17,47
943,64,47,41,29,51,46,31,57,34,45,31,44,27,34,19,45,29,56,38,25,36,21,50,51,56,53,52,42,27,50
944,62,48,41,24,47,43,44,55,42,33,29,42,31,45,29,46,25,47,33,27,45,23,43,49,52,53,54,43,24,52
945,63,48,34,29,50,55,42,45,30,38,37,39,29,41,16,46,25,53,49,20,43,21,42,57,48,53,53,49,27,49
946,68,36,33,26,42,49,51,56,45,39,31,38,29,40,19,41,24,56,37,26,46,24,52,52,57,57,42,48,23,44
947,65,52,36,25,47,48,57,61,41,37,37,34,26,43,21,41,34,49,45,19,39,16,45,54,55,43,42,38,24,57
948,63,38,36,26,45,49,46,53,31,42,35,36,28,35,26,51,21,50,56,22,42,23,42,57,59,56,50,47,27,39
949,61,51,38,24,42,42,38,52,27,36,41,40,25,42,27,48,36,54,47,27,41,26,48,50,57,58,45,40,22,46
950,63,45,38,23,49,49,47,57,38,40,36,36,20,48,17,46,23,55,50,26,42,19,46,49,51,49,47,46,29,47
951,62,49,36,24,48,42,41,52,41,43,31,36,21,45,19,45,20,57,42,21,42,35,38,52,53,57,47,52,31,49
952,66,48,29,38,52,49,46,51,37,40,39,40,32,36,22,44,26,58,44,22,42,19,36,51,54,56,42,41,26,45
953,65,49,32,30,43,43,52,50,40,37,32,45,21,40,22,42,34,53,52,28,38,20,40,53,57,53,46,48,18,48
954,64,47,39,31,50,38,42,51,32,37,32,39,26,41,22,45,27,55,37,32,39,24,44,51,56,54,48,50,25,53
955,59,36,37,34,45,45,44,51,36,42,34,38,20,40,27,46,24,54,51,28,41,27,49,51,51,61,53,39,18,50
956,65,48,37,22,53,35,51,46,31,39,35,33,26,41,31,46,28,53,47,23,42,27,51,55,52,54,49,42,25,44
957,64,45,32,25,50,52,45,55,29,43,35,36,20,36,22,57,35,46,37,23,42,27,50,54,48,54,44,49,22,54
958,64,52,33,37,41,47,35,46,37,28,32,42,29,46,20,48,31,58,40,25,41,24,46,48,54,58,51,49,24,45
959,71,48,26,26,51,44,51,54,39,37,36,37,25,44,19,43,21,53,42,30,42,36,43,52,48,60,36,44,23,50
960,62,49,29,23,45,44,43,56,32,39,26,31,24,43,29,42,37,53,43,24,51,23,52,51,58,56,46,47,23,50
961,63,47,29,37,49,51,42,57,28,46,35,42,31,32,28,50,28,54,49,13,40,20,36,57,52,52,51,49,20,43
962,64,47,35,39,51,44,47,52,34,33,42,23,25,46,18,50,28,48,37,23,38,26,45,55,65,47,53,50,22,44
963,66,48,34,24,36,49,46,49,43,42,46,30,22,44,20,45,24,55,49,25,41,22,43,54,52,50,47,48,23,54
964,65,46,40,31,51,46,39,60,36,38,35,37,34,38,23,44,23,60,33,25,39,15,47,51,58,56,45,51,16,49
965,66,51,47,36,34,47,42,55,40,37,35,29,27,48,17,44,31,46,42,21,41,24,49,51,52,47,47,46,26,53
966,65,50,35,25,41,42,44,52,35,41,40,33,22,40,17,45,33,62,43,22,50,27,47,55,50,50,45,52,24,44
967,62,45,33,23,49,45,50,56,39,44,37,32,31,48,14,44,32,58,38,20,46,32,46,47,48,50,50,45,21,46
968,71,43,32,21,48,50,48,57,40,49,38,36,29,33,29,42,24,54,42,27,40,22,40,43,59,64,41,42,20,47
969,68,43,35,19,47,39,39,53,46,43,37,47,21,44,21,49,31,54,40,24,38,28,50,50,52,54,41,41,24,53
970,68,45,31,27,48,51,41,55,32,47,32,37,17,41,17,44,27,52,50,25,43,21,50,53,60,49,50,47,27,44
971,72,44,28,23,49,49,45,57,40,47,35,27,22,36,30,51,31,61,37,29,43,16,49,51,51,46,50,51,16,45
972,62,51,30,33,44,48,48,57,36,42,43,32,19,48,19,53,31,62,38,16,46,18,46,55,51,48,47,40,20,48
973,60,50,31,29,51,39,47,53,38,38,41,30,24,47,19,42,31,56,37,24,40,32,42,51,54,60,49,53,18,45
974,62,47,37,33,41,51,44,52,35,42,30,31,25,43,30,44,22,58,39,32,41,32,41,53,53,54,46,49,16,48
975,66,38,35,32,40,41,46,57,49,36,38,36,20,51,25,43,26,51,39,26,44,26,49,56,54,54,49,37,22,45
976,63,47,37,26,57,42,41,54,32,33,33,38,25,36,19,44,30,58,42,23,38,27,52,53,53,57,50,50,22,49
977,63,42,31,35,50,42,46,52,23,40,40,42,24,41,22,44,30,50,49,30,48,23,47,52,61,52,39,51,20,42
978,62,44,33,27,53,46,35,56,42,40,29,42,24,42,25,45,26,53,42,24,37,28,42,57,50,52,52,50,22,51
979,69,47,31,29,50,49,45,50,37,33,36,34,30,41,21,50,21,53,43,22,46,28,40,53,63,54,48,50,21,37
980,59,46,32,35,50,46,37,59,34,37,37,35,24,40,22,43,21,63,44,27,43,29,44,42,51,56,53,50,23,49
981,65,42,41,21,43,46,45,55,47,35,40,35,25,48,19,43,29,53,49,21,37,24,42,60,44,55,46,49,24,48
982,67,50,28,23,48,53,36,57,40,45,33,44,23,42,14,47,29,48,38,24,43,29,47,52,57,51,46,43,26,48
983,62,51,32,28,51,45,47,56,46,45,36,38,26,36,17,38,26,62,42,31,45,20,36,50,53,53,45,45,25,44
984,61,45,29,30,52,51,37,49,42,37,33,38,30,40,17,42,25,50,54,25,50,25,41,59,43,56,51,44,25,50
985,62,52,34,22,55,49,41,52,42,37,42,38,22,40,16,40,34,52,52,29,31,24,39,54,49,61,46,50,23,43
986,65,48,29,21,42,46,41,50,38,42,29,36,20,50,27,46,21,61,46,32,39,22,39,57,55,60,43,46,26,54
987,60,40,29,26,51,41,50,58,35,42,27,48,21,42,21,44,33,55,48,23,45,22,47,54,53,51,49,46,20,50
988,64,51,38,36,42,51,39,49,37,40,38,32,24,45,19,46,26,54,47,24,44,26,44,53,53,50,47,48,22,42
989,57,47,32,32,50,44,41,55,36,52,36,45,23,39,16,43,25,49,46,19,44,30,50,51,55,53,43,46,22,50
990,67,40,32,29,54,53,43,54,32,39,34,33,23,45,20,47,25,57,45,31,43,24,40,60,53,52,40,47,20,49
991,68,46,33,26,47,42,44,51,35,46,48,40,30,41,25,50,31,54,37,31,40,19,50,52,43,50,38,45,23,46
992,68,50,41,21,51,33,46,60,31,45,44,32,27,41,22,44,26,51,54,25,41,23,48,51,53,52,49,41,24,37
993,68,47,37,28,58,48,42,56,34,36,36,45,27,41,26,47,19,57,45,28,35,24,46,51,43,47,48,41,28,43
994,71,47,36,27,52,44,36,49,46,42,29,33,31,36,25,49,19,58,42,17,45,21,43,47,57,53,51,52,26,47
995,66,46,39,32,44,45,43,51,37,42,37,40,26,43,22,46,17,55,45,18,44,23,42,50,50,54,55,38,31,50
996,64,51,33,33,45,52,32,48,34,41,46,34,31,32,25,43,28,47,49,22,42,23,44,54,50,58,51,51,22,46
997,61,50,34,34,46,38,45,55,30,41,38,37,26,40,23,44,31,57,40,21,35,33,45,52,54,58,43,44,24,52
998,63,44,33,34,45,51,38,60,33,46,29,38,29,49,21,41,30,55,40,26,49,19,33,51,46,58,49,48,23,50
999,63,50,34,31,48,43,39,52,43,37,34,43,25,36,20,38,28,55,48,24,46,22,50,49,51,55,54,46,28,39
